date,usd_cny_rate
1994-01-01,8.7
1994-01-03,8.7
1994-01-04,8.7
1994-01-05,8.7
1994-01-06,8.7
1994-01-07,8.69
1994-01-08,8.7
1994-01-10,8.7
1994-01-11,8.7
1994-01-12,8.7
1994-01-13,8.7
1994-01-14,8.7
1994-01-15,8.7
1994-01-17,8.7
1994-01-18,8.7
1994-01-19,8.7
1994-01-20,8.7
1994-01-21,8.7
1994-01-22,8.7
1994-01-24,8.7
1994-01-25,8.71
1994-01-26,8.7
1994-01-27,8.7
1994-01-28,8.7
1994-01-29,8.7
1994-01-31,8.7
1994-02-01,8.6994
1994-02-02,8.701
1994-02-03,8.7034
1994-02-04,8.701
1994-02-05,8.7005
1994-02-07,8.7005
1994-02-08,8.7074
1994-02-09,8.7074
1994-02-15,8.7074
1994-02-16,8.7024
1994-02-17,8.7065
1994-02-18,8.702
1994-02-19,8.6988
1994-02-21,8.6988
1994-02-22,8.6995
1994-02-23,8.6966
1994-02-24,8.7022
1994-02-25,8.6947
1994-02-26,8.7044
1994-02-28,8.7044
1994-03-01,8.702
1994-03-02,8.705
1994-03-03,8.706
1994-03-04,8.7062
1994-03-05,8.7066
1994-03-07,8.7066
1994-03-08,8.705
1994-03-09,8.7038
1994-03-10,8.7003
1994-03-11,8.7038
1994-03-12,8.7005
1994-03-14,8.7005
1994-03-15,8.7
1994-03-16,8.7007
1994-03-17,8.7002
1994-03-18,8.6991
1994-03-19,8.6992
1994-03-21,8.6992
1994-03-22,8.6978
1994-03-23,8.6993
1994-03-24,8.7055
1994-03-25,8.7012
1994-03-26,8.7016
1994-03-28,8.7016
1994-03-29,8.7024
1994-03-30,8.7002
1994-03-31,8.708
1994-04-01,8.6987
1994-04-04,8.6988
1994-04-05,8.6967
1994-04-06,8.6999
1994-04-07,8.6982
1994-04-08,8.6999
1994-04-11,8.7001
1994-04-12,8.6991
1994-04-13,8.6992
1994-04-14,8.6982
1994-04-15,8.6971
1994-04-18,8.6961
1994-04-19,8.6952
1994-04-20,8.6945
1994-04-21,8.6937
1994-04-22,8.6925
1994-04-25,8.6925
1994-04-26,8.6909
1994-04-27,8.6894
1994-04-28,8.6877
1994-04-29,8.6872
1994-05-03,8.6847
1994-05-04,8.6784
1994-05-05,8.6736
1994-05-06,8.6682
1994-05-09,8.6664
1994-05-10,8.6653
1994-05-11,8.664
1994-05-12,8.6629
1994-05-13,8.662
1994-05-16,8.661
1994-05-17,8.6606
1994-05-18,8.6607
1994-05-19,8.6605
1994-05-20,8.6604
1994-05-23,8.6602
1994-05-24,8.6604
1994-05-25,8.6602
1994-05-26,8.6602
1994-05-27,8.66
1994-05-30,8.6598
1994-05-31,8.6597
1994-06-01,8.6596
1994-06-02,8.6594
1994-06-03,8.6591
1994-06-06,8.6591
1994-06-07,8.659
1994-06-08,8.659
1994-06-09,8.6588
1994-06-10,8.6585
1994-06-13,8.6583
1994-06-14,8.6581
1994-06-15,8.6579
1994-06-16,8.6575
1994-06-17,8.6573
1994-07-01,8.6517
1994-07-04,8.651
1994-07-05,8.65
1994-07-06,8.6496
1994-07-07,8.649
1994-07-08,8.6481
1994-07-11,8.6474
1994-07-12,8.6466
1994-07-13,8.6458
1994-07-14,8.6447
1994-07-15,8.6437
1994-07-18,8.6429
1994-07-19,8.6418
1994-07-20,8.6408
1994-07-21,8.6389
1994-07-22,8.6364
1994-07-25,8.6335
1994-07-26,8.6295
1994-07-27,8.6264
1994-07-28,8.6238
1994-07-29,8.6214
1994-08-01,8.6197
1994-08-02,8.6169
1994-08-03,8.6141
1994-08-04,8.6114
1994-08-05,8.6088
1994-08-08,8.6055
1994-08-09,8.6023
1994-08-10,8.6003
1994-08-11,8.5982
1994-08-12,8.5962
1994-08-15,8.5938
1994-08-16,8.5912
1994-08-17,8.5887
1994-08-18,8.5856
1994-08-19,8.5831
1994-08-22,8.5801
1994-08-23,8.5774
1994-08-24,8.5758
1994-08-25,8.5735
1994-08-26,8.5708
1994-08-29,8.5675
1994-08-30,8.5643
1994-08-31,8.5616
1994-09-01,8.5591
1994-09-02,8.5565
1994-09-05,8.554
1994-09-06,8.5511
1994-09-07,8.5491
1994-09-08,8.547
1994-09-09,8.5448
1994-09-12,8.5422
1994-09-13,8.5407
1994-09-14,8.5396
1994-09-15,8.5381
1994-09-16,8.5365
1994-09-19,8.5352
1994-10-05,8.53
1994-10-06,8.5301
1994-10-07,8.53
1994-10-10,8.53
1994-10-11,8.5297
1994-10-12,8.5297
1994-10-13,8.5298
1994-10-14,8.5297
1994-10-17,8.5297
1994-10-18,8.5296
1994-10-19,8.5296
1994-10-20,8.5295
1994-10-21,8.5295
1994-10-24,8.5295
1994-10-25,8.5291
1994-10-26,8.5285
1994-10-27,8.5279
1994-10-28,8.5273
1994-10-31,8.5266
1994-11-01,8.526
1994-11-02,8.5255
1994-11-03,8.5248
1994-11-04,8.5238
1994-11-07,8.5227
1994-11-08,8.5218
1994-11-09,8.5208
1994-11-10,8.52
1994-11-11,8.519
1994-11-14,8.518
1994-11-15,8.5174
1994-11-16,8.5163
1994-11-17,8.5153
1994-11-18,8.514
1994-11-21,8.5136
1994-11-22,8.5131
1994-11-23,8.5126
1994-11-24,8.512
1994-11-25,8.5111
1994-11-28,8.5105
1994-11-29,8.5101
1994-11-30,8.5093
1994-12-01,8.509
1994-12-02,8.5084
1994-12-05,8.5079
1994-12-06,8.5074
1994-12-07,8.507
1994-12-08,8.5041
1994-12-09,8.5025
1994-12-12,8.4992
1994-12-13,8.496
1994-12-14,8.493
1994-12-15,8.4901
1994-12-16,8.4874
1994-12-19,8.4835
1994-12-20,8.4801
1994-12-21,8.4754
1994-12-22,8.472
1994-12-23,8.4677
1994-12-26,8.4626
1994-12-27,8.4588
1994-12-28,8.455
1994-12-29,8.4518
1994-12-30,8.4491
1995-01-03,8.4462
1995-01-04,8.4447
1995-01-05,8.4437
1995-01-06,8.443
1995-01-09,8.4426
1995-01-10,8.4422
1995-01-11,8.4417
1995-01-12,8.4415
1995-01-13,8.4412
1995-01-16,8.4411
1995-01-17,8.441
1995-01-18,8.4407
1995-01-19,8.4405
1995-01-20,8.4402
1995-01-23,8.44
1995-01-24,8.4397
1995-01-25,8.4394
1995-01-26,8.439
1995-01-27,8.4387
1995-02-06,8.4384
1995-02-07,8.438
1995-02-08,8.4375
1995-02-09,8.437
1995-02-10,8.4364
1995-02-13,8.436
1995-02-14,8.4355
1995-02-15,8.4352
1995-02-16,8.4351
1995-02-17,8.4352
1995-02-20,8.4345
1995-02-21,8.434
1995-02-22,8.4337
1995-02-23,8.4329
1995-02-24,8.4324
1995-02-27,8.432
1995-02-28,8.4316
1995-03-01,8.4311
1995-03-02,8.4308
1995-03-03,8.4299
1995-03-06,8.4294
1995-03-07,8.4282
1995-03-08,8.4273
1995-03-09,8.4265
1995-03-10,8.4259
1995-03-13,8.4261
1995-03-14,8.4264
1995-03-15,8.4265
1995-03-16,8.4274
1995-03-17,8.428
1995-03-20,8.4273
1995-03-21,8.427
1995-03-22,8.4262
1995-03-23,8.4268
1995-03-24,8.4272
1995-03-27,8.4276
1995-03-28,8.4277
1995-03-29,8.4277
1995-03-30,8.4275
1995-03-31,8.4269
1995-04-03,8.4264
1995-04-04,8.426
1995-04-05,8.4257
1995-04-06,8.4256
1995-04-07,8.4252
1995-04-10,8.4251
1995-04-11,8.4252
1995-04-12,8.425
1995-04-13,8.4246
1995-04-14,8.4242
1995-04-17,8.4241
1995-04-18,8.4238
1995-04-19,8.4236
1995-04-20,8.4234
1995-04-21,8.4232
1995-04-24,8.423
1995-04-25,8.4227
1995-04-26,8.4205
1995-04-27,8.4138
1995-04-28,8.4102
1995-05-02,8.4074
1995-05-03,8.3952
1995-05-04,8.3794
1995-05-05,8.3648
1995-05-08,8.3442
1995-05-09,8.3347
1995-05-10,8.3247
1995-05-11,8.3053
1995-05-12,8.295
1995-05-15,8.2828
1995-05-16,8.2716
1995-05-17,8.2782
1995-05-18,8.2863
1995-05-19,8.2907
1995-05-22,8.2932
1995-05-23,8.2959
1995-05-24,8.2988
1995-05-25,8.3022
1995-05-26,8.3041
1995-05-29,8.3063
1995-05-30,8.3086
1995-05-31,8.3077
1995-06-01,8.3055
1995-06-02,8.3036
1995-06-05,8.3018
1995-06-06,8.2998
1995-06-07,8.3004
1995-06-08,8.2983
1995-06-09,8.2966
1995-06-12,8.3
1995-06-13,8.3006
1995-06-14,8.3003
1995-06-15,8.3
1995-06-16,8.3019
1995-06-19,8.3004
1995-06-20,8.3002
1995-06-21,8.3
1995-06-22,8.3009
1995-06-23,8.3018
1995-06-26,8.3015
1995-06-27,8.3013
1995-06-28,8.3007
1995-06-29,8.3007
1995-06-30,8.3011
1995-07-03,8.3011
1995-07-04,8.3007
1995-07-05,8.3005
1995-07-06,8.3001
1995-07-07,8.3
1995-07-10,8.3
1995-07-11,8.3023
1995-07-12,8.302
1995-07-13,8.3017
1995-07-14,8.3014
1995-07-17,8.3011
1995-07-18,8.3009
1995-07-19,8.3013
1995-07-20,8.3011
1995-07-21,8.3004
1995-07-24,8.3002
1995-07-25,8.3004
1995-07-26,8.3003
1995-07-27,8.3002
1995-07-28,8.3005
1995-07-31,8.3003
1995-08-01,8.3
1995-08-02,8.3
1995-08-03,8.3002
1995-08-04,8.3004
1995-08-07,8.3002
1995-08-08,8.3
1995-08-09,8.3014
1995-08-10,8.3016
1995-08-11,8.3023
1995-08-14,8.3025
1995-08-15,8.3038
1995-08-16,8.3057
1995-08-17,8.3094
1995-08-18,8.3106
1995-08-21,8.3117
1995-08-22,8.3122
1995-08-23,8.3125
1995-08-24,8.3133
1995-08-25,8.3148
1995-08-28,8.3153
1995-08-29,8.3165
1995-08-30,8.3182
1995-08-31,8.3193
1995-09-01,8.3198
1995-09-04,8.3192
1995-09-05,8.3186
1995-09-06,8.3181
1995-09-07,8.3178
1995-09-08,8.3175
1995-09-11,8.3171
1995-09-12,8.3177
1995-09-13,8.318
1995-09-14,8.3184
1995-09-15,8.319
1995-09-18,8.3194
1995-09-19,8.3197
1995-09-20,8.3192
1995-09-21,8.3198
1995-09-22,8.3194
1995-09-25,8.3194
1995-09-26,8.3191
1995-09-27,8.3192
1995-09-28,8.319
1995-09-29,8.3189
1995-10-04,8.3185
1995-10-05,8.3185
1995-10-06,8.318
1995-10-09,8.3174
1995-10-10,8.3167
1995-10-11,8.3158
1995-10-12,8.315
1995-10-13,8.3144
1995-10-16,8.3142
1995-10-17,8.3148
1995-10-18,8.3148
1995-10-19,8.3141
1995-10-20,8.3142
1995-10-23,8.3144
1995-10-24,8.3139
1995-10-25,8.3136
1995-10-26,8.3137
1995-10-27,8.3143
1995-10-30,8.3144
1995-10-31,8.3149
1995-11-01,8.3149
1995-11-02,8.3146
1995-11-03,8.3148
1995-11-06,8.3147
1995-11-07,8.3147
1995-11-08,8.3149
1995-11-09,8.3148
1995-11-10,8.3146
1995-11-13,8.314
1995-11-14,8.3139
1995-11-15,8.3136
1995-11-16,8.3131
1995-11-17,8.3135
1995-11-20,8.3132
1995-11-21,8.313
1995-11-22,8.3129
1995-11-23,8.3128
1995-11-24,8.3126
1995-11-27,8.3122
1995-11-28,8.3114
1995-11-29,8.3116
1995-11-30,8.312
1995-12-01,8.3119
1995-12-04,8.3127
1995-12-05,8.3131
1995-12-06,8.3132
1995-12-07,8.3133
1995-12-08,8.3135
1995-12-11,8.3138
1995-12-12,8.3147
1995-12-13,8.3148
1995-12-14,8.3146
1995-12-15,8.3154
1995-12-18,8.3171
1995-12-19,8.318
1995-12-20,8.3176
1995-12-21,8.3174
1995-12-22,8.3173
1995-12-25,8.3174
1995-12-26,8.318
1995-12-27,8.3179
1995-12-28,8.3179
1995-12-29,8.3179
1996-01-02,8.3174
1996-01-03,8.318
1996-01-04,8.3191
1996-01-05,8.3203
1996-01-08,8.3204
1996-01-09,8.3215
1996-01-10,8.3214
1996-01-11,8.3208
1996-01-12,8.3204
1996-01-15,8.3404
1996-01-16,8.3206
1996-01-17,8.3204
1996-01-18,8.3202
1996-01-19,8.3191
1996-01-22,8.3178
1996-01-23,8.3174
1996-01-24,8.317
1996-01-25,8.3163
1996-01-26,8.3167
1996-01-29,8.3157
1996-01-30,8.315
1996-01-31,8.3147
1996-02-01,8.3138
1996-02-02,8.3132
1996-02-05,8.3127
1996-02-06,8.3131
1996-02-07,8.312
1996-02-08,8.3111
1996-02-09,8.31
1996-02-12,8.3094
1996-02-13,8.3092
1996-02-14,8.3104
1996-02-15,8.31
1996-02-16,8.3112
1996-02-17,8.3136
1996-02-18,8.3141
1996-02-26,8.3152
1996-02-27,8.3169
1996-02-28,8.3196
1996-02-29,8.3207
1996-03-01,8.3211
1996-03-04,8.321
1996-03-05,8.3208
1996-03-06,8.321
1996-03-07,8.3223
1996-03-08,8.3229
1996-03-11,8.3239
1996-03-12,8.3263
1996-03-13,8.3299
1996-03-14,8.3348
1996-03-15,8.3333
1996-03-18,8.3317
1996-03-19,8.3327
1996-03-20,8.333
1996-03-21,8.332
1996-03-22,8.3318
1996-03-25,8.3333
1996-03-26,8.3349
1996-03-27,8.3342
1996-03-28,8.3333
1996-03-29,8.3355
1996-04-01,8.3339
1996-04-02,8.3339
1996-04-03,8.3339
1996-04-04,8.3338
1996-04-05,8.3325
1996-04-08,8.3311
1996-04-09,8.3312
1996-04-10,8.3315
1996-04-11,8.3318
1996-04-12,8.3324
1996-04-15,8.3322
1996-04-16,8.3321
1996-04-17,8.3317
1996-04-18,8.3312
1996-04-19,8.3309
1996-04-22,8.3306
1996-04-23,8.33
1996-04-24,8.3302
1996-04-25,8.3301
1996-04-26,8.3301
1996-04-29,8.33
1996-04-30,8.3306
1996-05-02,8.3301
1996-05-03,8.3301
1996-05-06,8.33
1996-05-07,8.33
1996-05-08,8.33
1996-05-09,8.33
1996-05-10,8.3301
1996-05-13,8.3302
1996-05-14,8.3302
1996-05-15,8.33
1996-05-16,8.3301
1996-05-17,8.33
1996-05-20,8.3293
1996-05-21,8.3284
1996-05-22,8.3273
1996-05-23,8.3272
1996-05-24,8.3267
1996-05-27,8.3261
1996-05-28,8.3257
1996-05-29,8.3248
1996-05-30,8.3262
1996-05-31,8.3263
1996-06-03,8.3255
1996-06-04,8.3254
1996-06-05,8.3249
1996-06-06,8.3239
1996-06-07,8.3234
1996-06-10,8.3237
1996-06-11,8.3234
1996-06-12,8.3235
1996-06-13,8.3229
1996-06-14,8.3221
1996-06-17,8.3217
1996-06-18,8.3222
1996-06-19,8.3224
1996-06-20,8.3218
1996-06-21,8.3212
1996-06-24,8.3203
1996-06-25,8.3201
1996-06-26,8.3206
1996-06-27,8.3206
1996-06-28,8.321
1996-07-01,8.3221
1996-07-02,8.3217
1996-07-03,8.3211
1996-07-04,8.3201
1996-07-05,8.3202
1996-07-08,8.32
1996-07-09,8.3187
1996-07-10,8.3172
1996-07-11,8.3161
1996-07-12,8.316
1996-07-15,8.3159
1996-07-16,8.3165
1996-07-17,8.3151
1996-07-18,8.3152
1996-07-19,8.3147
1996-07-22,8.3152
1996-07-23,8.314
1996-07-24,8.3132
1996-07-25,8.313
1996-07-26,8.3127
1996-07-29,8.3114
1996-07-30,8.3111
1996-07-31,8.3109
1996-08-01,8.3107
1996-08-02,8.3105
1996-08-05,8.3104
1996-08-06,8.31
1996-08-07,8.3098
1996-08-08,8.3095
1996-08-09,8.3095
1996-08-12,8.309
1996-08-13,8.3086
1996-08-14,8.308
1996-08-15,8.3074
1996-08-16,8.3072
1996-08-19,8.3069
1996-08-20,8.3066
1996-08-21,8.3065
1996-08-22,8.3071
1996-08-23,8.3069
1996-08-26,8.3071
1996-08-27,8.3071
1996-08-28,8.3069
1996-08-29,8.3066
1996-08-30,8.3064
1996-09-02,8.3063
1996-09-03,8.3061
1996-09-04,8.306
1996-09-05,8.3061
1996-09-06,8.3059
1996-09-09,8.3057
1996-09-10,8.3055
1996-09-11,8.3054
1996-09-12,8.3053
1996-09-13,8.3052
1996-09-16,8.305
1996-09-17,8.3046
1996-09-18,8.3043
1996-09-19,8.3041
1996-09-20,8.3036
1996-09-23,8.303
1996-09-24,8.3024
1996-09-25,8.3022
1996-09-26,8.3025
1996-09-27,8.3021
1996-09-28,8.3017
1996-10-03,8.3017
1996-10-04,8.3015
1996-10-07,8.3007
1996-10-08,8.3007
1996-10-09,8.3005
1996-10-10,8.3005
1996-10-11,8.2999
1996-10-14,8.2993
1996-10-15,8.2988
1996-10-16,8.2981
1996-10-17,8.2975
1996-10-18,8.297
1996-10-21,8.2778
1996-10-22,8.2991
1996-10-23,8.3001
1996-10-24,8.3001
1996-10-25,8.3006
1996-10-28,8.301
1996-10-29,8.3012
1996-10-30,8.3007
1996-10-31,8.3007
1996-11-01,8.2997
1996-11-04,8.2985
1996-11-05,8.2979
1996-11-06,8.2977
1996-11-07,8.2975
1996-11-08,8.2973
1996-11-11,8.297
1996-11-12,8.2966
1996-11-13,8.2967
1996-11-14,8.2981
1996-11-15,8.2994
1996-11-18,8.3
1996-11-19,8.3002
1996-11-20,8.3002
1996-11-21,8.3001
1996-11-22,8.3011
1996-11-25,8.3017
1996-11-26,8.3017
1996-11-27,8.3012
1996-11-28,8.301
1996-11-29,8.3007
1996-12-02,8.3012
1996-12-03,8.3012
1996-12-04,8.3011
1996-12-05,8.3013
1996-12-06,8.3013
1996-12-09,8.3002
1996-12-10,8.2996
1996-12-11,8.2994
1996-12-12,8.2992
1996-12-13,8.2995
1996-12-16,8.299
1996-12-17,8.2986
1996-12-18,8.2983
1996-12-19,8.2979
1996-12-20,8.2975
1996-12-23,8.297
1996-12-24,8.2977
1996-12-25,8.298
1996-12-26,8.2979
1996-12-27,8.2977
1996-12-30,8.2982
1996-12-31,8.2982
1997-01-02,8.2984
1997-01-03,8.2983
1997-01-06,8.2983
1997-01-07,8.298
1997-01-08,8.2976
1997-01-09,8.2972
1997-01-10,8.2968
1997-01-13,8.2967
1997-01-14,8.2966
1997-01-15,8.2964
1997-01-16,8.2962
1997-01-17,8.2958
1997-01-20,8.2956
1997-01-21,8.2956
1997-01-22,8.2955
1997-01-23,8.2954
1997-01-24,8.2954
1997-01-27,8.2951
1997-01-28,8.2948
1997-01-29,8.2944
1997-01-30,8.294
1997-01-31,8.2938
1997-02-03,8.2934
1997-02-04,8.2931
1997-02-05,8.2927
1997-02-06,8.2925
1997-02-12,8.2916
1997-02-13,8.2916
1997-02-14,8.2922
1997-02-17,8.2925
1997-02-18,8.2924
1997-02-19,8.2921
1997-02-20,8.2938
1997-02-21,8.2939
1997-02-24,8.2941
1997-02-25,8.2938
1997-02-26,8.294
1997-02-27,8.2948
1997-02-28,8.2948
1997-03-03,8.2954
1997-03-04,8.296
1997-03-05,8.2953
1997-03-06,8.295
1997-03-07,8.2957
1997-03-10,8.2957
1997-03-11,8.2953
1997-03-12,8.2952
1997-03-13,8.2953
1997-03-14,8.2955
1997-03-17,8.2955
1997-03-18,8.2958
1997-03-19,8.2958
1997-03-20,8.2959
1997-03-21,8.2959
1997-03-24,8.2956
1997-03-25,8.2956
1997-03-26,8.2968
1997-03-27,8.2966
1997-03-28,8.2964
1997-03-31,8.2964
1997-04-01,8.2955
1997-04-02,8.2953
1997-04-03,8.2963
1997-04-04,8.2969
1997-04-07,8.2968
1997-04-08,8.2966
1997-04-09,8.2966
1997-04-10,8.2965
1997-04-11,8.2965
1997-04-14,8.2969
1997-04-15,8.2965
1997-04-16,8.2961
1997-04-17,8.2956
1997-04-18,8.2951
1997-04-21,8.2951
1997-04-22,8.2948
1997-04-23,8.2949
1997-04-24,8.2946
1997-04-25,8.2948
1997-04-28,8.2943
1997-04-29,8.2949
1997-04-30,8.2946
1997-05-04,8.2945
1997-05-05,8.2949
1997-05-06,8.2947
1997-05-07,8.2943
1997-05-08,8.2938
1997-05-09,8.2934
1997-05-12,8.2931
1997-05-13,8.293
1997-05-14,8.2928
1997-05-15,8.2925
1997-05-16,8.2921
1997-05-19,8.2918
1997-05-20,8.2923
1997-05-21,8.2919
1997-05-22,8.2921
1997-05-23,8.2923
1997-05-26,8.2923
1997-05-27,8.2918
1997-05-28,8.2916
1997-05-29,8.2924
1997-05-30,8.2924
1997-06-02,8.2921
1997-06-03,8.2917
1997-06-04,8.2919
1997-06-05,8.2915
1997-06-06,8.2921
1997-06-09,8.2932
1997-06-10,8.2923
1997-06-11,8.2922
1997-06-12,8.2923
1997-06-13,8.2935
1997-06-16,8.293
1997-06-17,8.2931
1997-06-18,8.2928
1997-06-19,8.2925
1997-06-20,8.2915
1997-06-23,8.2915
1997-06-24,8.2916
1997-06-25,8.2914
1997-06-26,8.291
1997-06-27,8.291
1997-06-28,8.2908
1997-07-02,8.2907
1997-07-03,8.291
1997-07-06,8.2914
1997-07-07,8.2917
1997-07-08,8.2918
1997-07-09,8.2919
1997-07-10,8.292
1997-07-13,8.2913
1997-07-14,8.2906
1997-07-15,8.291
1997-07-16,8.2916
1997-07-17,8.2919
1997-07-20,8.291
1997-07-21,8.2915
1997-07-22,8.2911
1997-07-23,8.2909
1997-07-24,8.2909
1997-07-27,8.2908
1997-07-28,8.2905
1997-07-29,8.2903
1997-07-30,8.2903
1997-07-31,8.2901
1997-08-03,8.2903
1997-08-04,8.2903
1997-08-05,8.2905
1997-08-06,8.2903
1997-08-07,8.29
1997-08-10,8.2903
1997-08-11,8.2897
1997-08-12,8.2896
1997-08-13,8.2891
1997-08-14,8.2896
1997-08-17,8.2893
1997-08-18,8.2889
1997-08-19,8.2885
1997-08-20,8.289
1997-08-21,8.29
1997-08-24,8.2891
1997-08-25,8.289
1997-08-26,8.289
1997-08-27,8.289
1997-08-28,8.2892
1997-08-31,8.2885
1997-09-01,8.2884
1997-09-02,8.288
1997-09-03,8.2883
1997-09-04,8.2889
1997-09-07,8.2891
1997-09-08,8.2884
1997-09-09,8.2884
1997-09-10,8.2881
1997-09-11,8.2887
1997-09-14,8.2889
1997-09-15,8.2881
1997-09-16,8.2876
1997-09-17,8.2871
1997-09-18,8.2875
1997-09-21,8.2873
1997-09-22,8.2864
1997-09-23,8.2859
1997-09-24,8.2854
1997-09-25,8.2851
1997-09-28,8.285
1997-09-29,8.285
1997-09-30,8.2852
1997-10-05,8.2849
1997-10-06,8.285
1997-10-07,8.2845
1997-10-08,8.2845
1997-10-09,8.2843
1997-10-12,8.2841
1997-10-13,8.2835
1997-10-14,8.2831
1997-10-15,8.2832
1997-10-16,8.2839
1997-10-19,8.2842
1997-10-20,8.2839
1997-10-21,8.2835
1997-10-22,8.2832
1997-10-23,8.283
1997-10-26,8.2836
1997-10-27,8.2833
1997-10-28,8.2834
1997-10-29,8.283
1997-10-30,8.2832
1997-10-31,8.2836
1997-11-03,8.2834
1997-11-04,8.2829
1997-11-05,8.2826
1997-11-06,8.2822
1997-11-07,8.282
1997-11-10,8.2817
1997-11-11,8.2813
1997-11-12,8.281
1997-11-13,8.2808
1997-11-14,8.2805
1997-11-17,8.2806
1997-11-18,8.2805
1997-11-19,8.2804
1997-11-20,8.2803
1997-11-21,8.2803
1997-11-24,8.2802
1997-11-25,8.2801
1997-11-26,8.2802
1997-11-27,8.2801
1997-11-28,8.2801
1997-12-01,8.2796
1997-12-02,8.2796
1997-12-03,8.2799
1997-12-04,8.2801
1997-12-07,8.28
1997-12-08,8.28
1997-12-09,8.28
1997-12-10,8.28
1997-12-11,8.28
1997-12-14,8.2796
1997-12-15,8.2793
1997-12-16,8.2788
1997-12-17,8.2787
1997-12-18,8.2791
1997-12-21,8.2792
1997-12-22,8.2797
1997-12-23,8.2798
1997-12-24,8.28
1997-12-25,8.2799
1997-12-28,8.2793
1997-12-29,8.2793
1997-12-30,8.2794
1997-12-31,8.2798
1998-01-04,8.2796
1998-01-05,8.2798
1998-01-06,8.28
1998-01-07,8.2799
1998-01-08,8.28
1998-01-09,8.2797
1998-01-12,8.2796
1998-01-13,8.2794
1998-01-14,8.279
1998-01-15,8.2789
1998-01-16,8.2786
1998-01-19,8.2789
1998-01-20,8.279
1998-01-21,8.2786
1998-01-22,8.2786
1998-01-23,8.2784
1998-01-24,8.2782
1998-01-25,8.2783
1998-01-26,8.2782
1998-01-27,8.2789
1998-02-04,8.2785
1998-02-05,8.2789
1998-02-06,8.2786
1998-02-09,8.2785
1998-02-10,8.2785
1998-02-11,8.2789
1998-02-12,8.2792
1998-02-13,8.2795
1998-02-16,8.2796
1998-02-17,8.2798
1998-02-18,8.2798
1998-02-19,8.2796
1998-02-20,8.2795
1998-02-23,8.2792
1998-02-24,8.2791
1998-02-25,8.2791
1998-02-26,8.279
1998-02-27,8.279
1998-03-02,8.2789
1998-03-03,8.2789
1998-03-04,8.279
1998-03-05,8.2791
1998-03-06,8.279
1998-03-09,8.2788
1998-03-10,8.2789
1998-03-11,8.2791
1998-03-12,8.2795
1998-03-13,8.2795
1998-03-16,8.2794
1998-03-17,8.2792
1998-03-18,8.2791
1998-03-19,8.279
1998-03-20,8.2792
1998-03-23,8.2791
1998-03-24,8.2795
1998-03-25,8.2797
1998-03-26,8.2797
1998-03-27,8.2792
1998-03-30,8.2792
1998-03-31,8.2791
1998-04-01,8.2793
1998-04-02,8.2793
1998-04-03,8.2795
1998-04-06,8.2797
1998-04-07,8.2796
1998-04-08,8.2798
1998-04-09,8.2795
1998-04-10,8.2795
1998-04-13,8.2793
1998-04-14,8.2793
1998-04-15,8.2791
1998-04-16,8.2794
1998-04-17,8.2797
1998-04-20,8.2794
1998-04-21,8.2794
1998-04-22,8.2793
1998-04-23,8.2789
1998-04-24,8.2789
1998-04-27,8.2786
1998-04-28,8.2787
1998-04-29,8.2782
1998-04-30,8.2781
1998-05-04,8.2779
1998-05-05,8.2785
1998-05-06,8.2781
1998-05-07,8.2783
1998-05-08,8.2786
1998-05-11,8.2788
1998-05-12,8.2782
1998-05-13,8.2786
1998-05-14,8.2789
1998-05-15,8.2789
1998-05-18,8.279
1998-05-19,8.2793
1998-05-20,8.2796
1998-05-21,8.2797
1998-05-22,8.2795
1998-05-25,8.2796
1998-05-26,8.2794
1998-05-27,8.2796
1998-05-28,8.2797
1998-05-29,8.2795
1998-06-01,8.2793
1998-06-02,8.2795
1998-06-03,8.2798
1998-06-04,8.2799
1998-06-05,8.2795
1998-06-08,8.2794
1998-06-09,8.2798
1998-06-10,8.2799
1998-06-11,8.2797
1998-06-12,8.2798
1998-06-15,8.2799
1998-06-16,8.2799
1998-06-17,8.2799
1998-06-18,8.2799
1998-06-19,8.2798
1998-06-22,8.2796
1998-06-23,8.2796
1998-06-24,8.2798
1998-06-25,8.2798
1998-06-26,8.2799
1998-06-29,8.2797
1998-06-30,8.2798
1998-07-01,8.2797
1998-07-02,8.2799
1998-07-03,8.2799
1998-07-06,8.2798
1998-07-07,8.2798
1998-07-08,8.2796
1998-07-09,8.2799
1998-07-10,8.2797
1998-07-13,8.2797
1998-07-14,8.2796
1998-07-15,8.2796
1998-07-16,8.2798
1998-07-17,8.2798
1998-07-20,8.2797
1998-07-21,8.2798
1998-07-22,8.2798
1998-07-23,8.2797
1998-07-24,8.2796
1998-07-27,8.2796
1998-07-28,8.2799
1998-07-29,8.2799
1998-07-30,8.2799
1998-07-31,8.2799
1998-08-03,8.2799
1998-08-04,8.2799
1998-08-05,8.28
1998-08-06,8.2799
1998-08-07,8.2798
1998-08-10,8.2801
1998-08-11,8.2799
1998-08-12,8.2799
1998-08-13,8.2798
1998-08-14,8.2799
1998-08-17,8.2799
1998-08-18,8.2799
1998-08-19,8.2799
1998-08-20,8.2799
1998-08-21,8.2799
1998-08-24,8.28
1998-08-25,8.2799
1998-08-26,8.28
1998-08-27,8.2799
1998-08-28,8.28
1998-08-31,8.28
1998-09-01,8.2799
1998-09-02,8.28
1998-09-03,8.28
1998-09-04,8.2796
1998-09-07,8.2799
1998-09-08,8.28
1998-09-09,8.2798
1998-09-10,8.2798
1998-09-11,8.279
1998-09-14,8.2788
1998-09-15,8.2785
1998-09-16,8.2784
1998-09-17,8.2783
1998-09-18,8.2782
1998-09-21,8.2785
1998-09-22,8.2786
1998-09-23,8.2785
1998-09-24,8.2783
1998-09-25,8.2782
1998-09-28,8.2783
1998-09-29,8.2782
1998-09-30,8.278
1998-10-05,8.278
1998-10-06,8.278
1998-10-07,8.2779
1998-10-08,8.2778
1998-10-09,8.2777
1998-10-12,8.2777
1998-10-13,8.2775
1998-10-14,8.2776
1998-10-15,8.2777
1998-10-16,8.2778
1998-10-19,8.2776
1998-10-20,8.2778
1998-10-21,8.2779
1998-10-22,8.2778
1998-10-23,8.2782
1998-10-26,8.2778
1998-10-27,8.2777
1998-10-28,8.2776
1998-10-29,8.2778
1998-10-30,8.2776
1998-11-02,8.2778
1998-11-03,8.2777
1998-11-04,8.278
1998-11-05,8.2778
1998-11-06,8.2777
1998-11-09,8.2779
1998-11-10,8.2777
1998-11-11,8.2776
1998-11-12,8.2777
1998-11-13,8.2775
1998-11-16,8.278
1998-11-17,8.2778
1998-11-18,8.2778
1998-11-19,8.2779
1998-11-20,8.2779
1998-11-23,8.2777
1998-11-24,8.2777
1998-11-25,8.2778
1998-11-26,8.2777
1998-11-27,8.2778
1998-11-30,8.2782
1998-12-01,8.2782
1998-12-02,8.2782
1998-12-03,8.278
1998-12-04,8.2779
1998-12-07,8.2777
1998-12-08,8.2775
1998-12-09,8.2775
1998-12-10,8.2775
1998-12-11,8.2774
1998-12-14,8.2774
1998-12-15,8.2777
1998-12-16,8.2778
1998-12-17,8.2778
1998-12-18,8.2777
1998-12-21,8.2776
1998-12-22,8.2779
1998-12-23,8.2782
1998-12-24,8.2781
1998-12-25,8.2785
1998-12-28,8.2785
1998-12-29,8.2782
1998-12-30,8.2786
1998-12-31,8.2787
1999-01-04,8.2789
1999-01-05,8.2793
1999-01-06,8.2795
1999-01-07,8.2795
1999-01-08,8.2798
1999-01-11,8.2796
1999-01-12,8.2797
1999-01-13,8.2795
1999-01-14,8.2794
1999-01-15,8.279
1999-01-18,8.279
1999-01-19,8.2788
1999-01-20,8.2787
1999-01-21,8.2791
1999-01-22,8.2789
1999-01-25,8.2787
1999-01-26,8.2784
1999-01-27,8.278
1999-01-28,8.2778
1999-01-29,8.2778
1999-02-01,8.2778
1999-02-02,8.2775
1999-02-03,8.2779
1999-02-04,8.2776
1999-02-05,8.2774
1999-02-08,8.2775
1999-02-09,8.2775
1999-02-10,8.2774
1999-02-11,8.2776
1999-02-12,8.2778
1999-02-13,8.2784
1999-02-14,8.278
1999-02-15,8.2782
1999-02-23,8.2787
1999-02-24,8.2788
1999-02-25,8.2791
1999-02-26,8.2789
1999-03-01,8.279
1999-03-02,8.2792
1999-03-03,8.2789
1999-03-04,8.2786
1999-03-05,8.2783
1999-03-08,8.2784
1999-03-09,8.2786
1999-03-10,8.2791
1999-03-11,8.2788
1999-03-12,8.2789
1999-03-15,8.2789
1999-03-16,8.2789
1999-03-17,8.2789
1999-03-18,8.2788
1999-03-19,8.2788
1999-03-22,8.2793
1999-03-23,8.2792
1999-03-24,8.2795
1999-03-25,8.2796
1999-03-26,8.2798
1999-03-29,8.28
1999-03-30,8.2797
1999-03-31,8.28
1999-04-01,8.28
1999-04-02,8.2796
1999-04-05,8.2794
1999-04-06,8.2795
1999-04-07,8.2797
1999-04-08,8.2797
1999-04-09,8.2799
1999-04-12,8.2797
1999-04-13,8.2797
1999-04-14,8.2797
1999-04-15,8.2794
1999-04-16,8.2789
1999-04-19,8.2787
1999-04-20,8.2787
1999-04-21,8.2783
1999-04-22,8.2783
1999-04-23,8.2783
1999-04-26,8.2784
1999-04-27,8.2793
1999-04-28,8.2794
1999-04-29,8.2791
1999-04-30,8.2794
1999-05-04,8.279
1999-05-05,8.2789
1999-05-06,8.2789
1999-05-07,8.2786
1999-05-10,8.2783
1999-05-11,8.2787
1999-05-12,8.2782
1999-05-13,8.2783
1999-05-14,8.2778
1999-05-17,8.2784
1999-05-18,8.2785
1999-05-19,8.279
1999-05-20,8.2783
1999-05-21,8.278
1999-05-24,8.278
1999-05-25,8.2785
1999-05-26,8.2789
1999-05-27,8.279
1999-05-28,8.2788
1999-05-31,8.2786
1999-06-01,8.2784
1999-06-02,8.2781
1999-06-03,8.2787
1999-06-04,8.2784
1999-06-07,8.2781
1999-06-08,8.2781
1999-06-09,8.2779
1999-06-10,8.2778
1999-06-11,8.2777
1999-06-14,8.2777
1999-06-15,8.2776
1999-06-16,8.2781
1999-06-17,8.2776
1999-06-18,8.2775
1999-06-21,8.2774
1999-06-22,8.2778
1999-06-23,8.2781
1999-06-24,8.2784
1999-06-25,8.2779
1999-06-28,8.2775
1999-06-29,8.278
1999-06-30,8.2786
1999-07-01,8.2787
1999-07-02,8.2786
1999-07-05,8.2785
1999-07-06,8.2787
1999-07-07,8.2782
1999-07-08,8.2783
1999-07-09,8.2781
1999-07-12,8.2777
1999-07-13,8.2776
1999-07-14,8.2775
1999-07-15,8.2778
1999-07-16,8.2775
1999-07-19,8.2773
1999-07-20,8.2773
1999-07-21,8.2777
1999-07-22,8.2773
1999-07-23,8.2773
1999-07-26,8.2772
1999-07-27,8.277
1999-07-28,8.277
1999-07-29,8.277
1999-07-30,8.2773
1999-08-02,8.2774
1999-08-03,8.2772
1999-08-04,8.2773
1999-08-05,8.2774
1999-08-06,8.2774
1999-08-09,8.2773
1999-08-10,8.2774
1999-08-11,8.2772
1999-08-12,8.2771
1999-08-13,8.2771
1999-08-16,8.277
1999-08-17,8.2774
1999-08-18,8.277
1999-08-19,8.2772
1999-08-20,8.2774
1999-08-23,8.2774
1999-08-24,8.2772
1999-08-25,8.2775
1999-08-26,8.2773
1999-08-27,8.2773
1999-08-30,8.2773
1999-08-31,8.2771
1999-09-01,8.277
1999-09-02,8.2771
1999-09-03,8.2773
1999-09-06,8.2775
1999-09-07,8.2776
1999-09-08,8.2776
1999-09-09,8.2776
1999-09-10,8.2774
1999-09-13,8.2774
1999-09-14,8.2772
1999-09-15,8.2775
1999-09-16,8.2773
1999-09-17,8.2771
1999-09-20,8.2773
1999-09-21,8.2775
1999-09-22,8.2775
1999-09-24,8.2776
1999-09-27,8.2775
1999-09-28,8.2775
1999-09-29,8.2775
1999-09-30,8.2775
1999-10-08,8.2778
1999-10-09,8.278
1999-10-10,8.2777
1999-10-11,8.2774
1999-10-12,8.2772
1999-10-13,8.2773
1999-10-14,8.2777
1999-10-15,8.2774
1999-10-18,8.2775
1999-10-19,8.2774
1999-10-20,8.2773
1999-10-21,8.2774
1999-10-22,8.2772
1999-10-25,8.2773
1999-10-26,8.277
1999-10-27,8.2773
1999-10-28,8.2775
1999-10-29,8.2776
1999-11-01,8.2778
1999-11-02,8.2779
1999-11-03,8.2781
1999-11-04,8.2781
1999-11-05,8.278
1999-11-08,8.2779
1999-11-09,8.2779
1999-11-10,8.278
1999-11-11,8.2781
1999-11-12,8.2782
1999-11-15,8.278
1999-11-16,8.2781
1999-11-17,8.2781
1999-11-18,8.2781
1999-11-19,8.2784
1999-11-22,8.2785
1999-11-23,8.2785
1999-11-24,8.2784
1999-11-25,8.2785
1999-11-26,8.2785
1999-11-29,8.2785
1999-11-30,8.2789
1999-12-01,8.2789
1999-12-02,8.2789
1999-12-03,8.2788
1999-12-06,8.2787
1999-12-07,8.279
1999-12-08,8.279
1999-12-09,8.2795
1999-12-10,8.2795
1999-12-13,8.2795
1999-12-14,8.2795
1999-12-15,8.2794
1999-12-16,8.2794
1999-12-17,8.2794
1999-12-21,8.2794
1999-12-22,8.2796
1999-12-23,8.2796
1999-12-24,8.2795
1999-12-27,8.2794
1999-12-28,8.2796
1999-12-29,8.2797
1999-12-30,8.2793
2000-01-03,8.2795
2000-01-04,8.2798
2000-01-05,8.2799
2000-01-06,8.2798
2000-01-07,8.2797
2000-01-10,8.2794
2000-01-11,8.2794
2000-01-12,8.2795
2000-01-13,8.2796
2000-01-14,8.2798
2000-01-17,8.2797
2000-01-18,8.2793
2000-01-19,8.2793
2000-01-20,8.2797
2000-01-21,8.2794
2000-01-24,8.2795
2000-01-25,8.2789
2000-01-26,8.2786
2000-01-27,8.2782
2000-01-28,8.2783
2000-01-31,8.2781
2000-02-01,8.2777
2000-02-02,8.2774
2000-02-03,8.2773
2000-02-04,8.2781
2000-02-12,8.2788
2000-02-13,8.2784
2000-02-14,8.2781
2000-02-15,8.2779
2000-02-16,8.2777
2000-02-17,8.2777
2000-02-18,8.2772
2000-02-21,8.2772
2000-02-22,8.2775
2000-02-23,8.2773
2000-02-24,8.278
2000-02-25,8.278
2000-02-28,8.2786
2000-02-29,8.2786
2000-03-01,8.2786
2000-03-02,8.2786
2000-03-03,8.2787
2000-03-06,8.2789
2000-03-07,8.2785
2000-03-08,8.2784
2000-03-09,8.2786
2000-03-10,8.2787
2000-03-13,8.2785
2000-03-14,8.2781
2000-03-15,8.278
2000-03-16,8.2778
2000-03-17,8.2777
2000-03-20,8.2785
2000-03-21,8.2786
2000-03-22,8.2783
2000-03-23,8.2783
2000-03-24,8.2787
2000-03-27,8.2789
2000-03-28,8.2792
2000-03-29,8.2795
2000-03-30,8.2789
2000-03-31,8.2788
2000-04-03,8.2787
2000-04-04,8.2786
2000-04-05,8.2791
2000-04-06,8.2795
2000-04-07,8.2795
2000-04-10,8.2795
2000-04-11,8.2798
2000-04-12,8.2791
2000-04-13,8.2796
2000-04-14,8.2794
2000-04-17,8.2794
2000-04-18,8.2794
2000-04-19,8.279
2000-04-20,8.2793
2000-04-21,8.2791
2000-04-24,8.2785
2000-04-25,8.2786
2000-04-26,8.2791
2000-04-27,8.2795
2000-04-28,8.2798
2000-04-29,8.2799
2000-04-30,8.2795
2000-05-08,8.2799
2000-05-09,8.2798
2000-05-10,8.279
2000-05-11,8.2785
2000-05-12,8.2782
2000-05-15,8.2778
2000-05-16,8.2777
2000-05-17,8.2772
2000-05-18,8.2768
2000-05-19,8.2773
2000-05-22,8.2768
2000-05-23,8.277
2000-05-24,8.2768
2000-05-25,8.2769
2000-05-26,8.2773
2000-05-29,8.2771
2000-05-30,8.2768
2000-05-31,8.2772
2000-06-01,8.2773
2000-06-02,8.2771
2000-06-05,8.2771
2000-06-06,8.277
2000-06-07,8.2773
2000-06-08,8.2773
2000-06-09,8.2775
2000-06-12,8.2772
2000-06-13,8.2771
2000-06-14,8.277
2000-06-15,8.2768
2000-06-16,8.2768
2000-06-19,8.2768
2000-06-20,8.2768
2000-06-21,8.277
2000-06-22,8.2772
2000-06-23,8.2771
2000-06-26,8.2769
2000-06-27,8.2773
2000-06-28,8.2774
2000-06-29,8.2775
2000-06-30,8.278
2000-07-03,8.2782
2000-07-04,8.2786
2000-07-05,8.2789
2000-07-06,8.2787
2000-07-07,8.2791
2000-07-10,8.2793
2000-07-11,8.2795
2000-07-12,8.2794
2000-07-13,8.2795
2000-07-14,8.2791
2000-07-17,8.2796
2000-07-18,8.2791
2000-07-19,8.2796
2000-07-20,8.2796
2000-07-21,8.2796
2000-07-24,8.2795
2000-07-25,8.2798
2000-07-26,8.2797
2000-07-27,8.2796
2000-07-28,8.2793
2000-07-31,8.2794
2000-08-01,8.2792
2000-08-02,8.2788
2000-08-03,8.2791
2000-08-04,8.2796
2000-08-07,8.2798
2000-08-08,8.2799
2000-08-09,8.2799
2000-08-10,8.2798
2000-08-11,8.2799
2000-08-14,8.2796
2000-08-15,8.2795
2000-08-16,8.2788
2000-08-17,8.2797
2000-08-18,8.2799
2000-08-21,8.2797
2000-08-22,8.2799
2000-08-23,8.2799
2000-08-24,8.2793
2000-08-25,8.2799
2000-08-28,8.2799
2000-08-29,8.2799
2000-08-30,8.2799
2000-08-31,8.2788
2000-09-01,8.2786
2000-09-04,8.2787
2000-09-05,8.2786
2000-09-06,8.279
2000-09-07,8.2794
2000-09-08,8.279
2000-09-11,8.2794
2000-09-12,8.2786
2000-09-13,8.2787
2000-09-14,8.2777
2000-09-15,8.2773
2000-09-18,8.2771
2000-09-19,8.2772
2000-09-20,8.2779
2000-09-21,8.2775
2000-09-22,8.2778
2000-09-25,8.2787
2000-09-26,8.2793
2000-09-27,8.2791
2000-09-28,8.2795
2000-09-29,8.2799
2000-09-30,8.2798
2000-10-08,8.279
2000-10-09,8.2796
2000-10-10,8.279
2000-10-11,8.2789
2000-10-12,8.2786
2000-10-13,8.2786
2000-10-16,8.2784
2000-10-17,8.2781
2000-10-18,8.2784
2000-10-19,8.2781
2000-10-20,8.278
2000-10-23,8.2778
2000-10-24,8.2784
2000-10-25,8.2784
2000-10-26,8.2782
2000-10-27,8.2785
2000-10-30,8.2788
2000-10-31,8.278
2000-11-01,8.2775
2000-11-02,8.2773
2000-11-03,8.277
2000-11-06,8.2768
2000-11-07,8.2771
2000-11-08,8.2769
2000-11-09,8.2772
2000-11-10,8.2768
2000-11-13,8.2772
2000-11-14,8.2768
2000-11-15,8.2773
2000-11-16,8.2768
2000-11-17,8.2773
2000-11-20,8.2769
2000-11-21,8.2779
2000-11-22,8.2786
2000-11-23,8.2782
2000-11-24,8.278
2000-11-27,8.2779
2000-11-28,8.278
2000-11-29,8.2777
2000-11-30,8.2774
2000-12-01,8.2777
2000-12-04,8.2775
2000-12-05,8.2771
2000-12-06,8.277
2000-12-07,8.277
2000-12-08,8.277
2000-12-11,8.2769
2000-12-12,8.2773
2000-12-13,8.2771
2000-12-14,8.277
2000-12-15,8.2768
2000-12-18,8.2768
2000-12-19,8.2774
2000-12-20,8.2772
2000-12-21,8.2769
2000-12-22,8.2768
2000-12-25,8.2777
2000-12-26,8.277
2000-12-27,8.2769
2000-12-28,8.277
2000-12-29,8.2781
2001-01-02,8.2774
2001-01-03,8.2779
2001-01-04,8.2773
2001-01-05,8.2781
2001-01-08,8.2775
2001-01-09,8.2778
2001-01-10,8.2771
2001-01-11,8.2769
2001-01-12,8.2767
2001-01-15,8.2768
2001-01-16,8.2767
2001-01-17,8.2766
2001-01-18,8.2764
2001-01-19,8.2764
2001-01-20,8.2764
2001-01-21,8.2762
2001-01-22,8.2762
2001-01-23,8.2782
2001-01-31,8.2786
2001-02-01,8.2781
2001-02-02,8.2772
2001-02-05,8.2774
2001-02-06,8.277
2001-02-07,8.2766
2001-02-08,8.2765
2001-02-09,8.2763
2001-02-12,8.2764
2001-02-13,8.2774
2001-02-14,8.2765
2001-02-15,8.2764
2001-02-16,8.2772
2001-02-19,8.277
2001-02-20,8.2766
2001-02-21,8.2767
2001-02-22,8.2772
2001-02-23,8.2769
2001-02-26,8.2774
2001-02-27,8.2776
2001-02-28,8.2781
2001-03-01,8.2783
2001-03-02,8.2778
2001-03-05,8.2782
2001-03-06,8.2777
2001-03-07,8.2778
2001-03-08,8.2773
2001-03-09,8.277
2001-03-12,8.2774
2001-03-13,8.2784
2001-03-14,8.2783
2001-03-15,8.2778
2001-03-16,8.2776
2001-03-19,8.2771
2001-03-20,8.2772
2001-03-21,8.2772
2001-03-22,8.2771
2001-03-23,8.2768
2001-03-26,8.2773
2001-03-27,8.2771
2001-03-28,8.2773
2001-03-29,8.2777
2001-03-30,8.2779
2001-04-02,8.2777
2001-04-03,8.2776
2001-04-04,8.2772
2001-04-05,8.2771
2001-04-06,8.2768
2001-04-09,8.2767
2001-04-10,8.277
2001-04-11,8.2769
2001-04-12,8.2769
2001-04-13,8.2772
2001-04-16,8.2769
2001-04-17,8.2769
2001-04-18,8.2775
2001-04-19,8.2768
2001-04-20,8.2773
2001-04-23,8.2775
2001-04-24,8.277
2001-04-25,8.2769
2001-04-26,8.2767
2001-04-27,8.2769
2001-04-28,8.2773
2001-04-29,8.2778
2001-04-30,8.2773
2001-05-08,8.2774
2001-05-09,8.2785
2001-05-10,8.2775
2001-05-11,8.2771
2001-05-14,8.2771
2001-05-15,8.2771
2001-05-16,8.2769
2001-05-17,8.2769
2001-05-18,8.2767
2001-05-21,8.2768
2001-05-22,8.2778
2001-05-23,8.2774
2001-05-24,8.2771
2001-05-25,8.277
2001-05-28,8.2771
2001-05-29,8.2768
2001-05-30,8.2768
2001-05-31,8.2777
2001-06-01,8.277
2001-06-04,8.2777
2001-06-05,8.277
2001-06-06,8.2769
2001-06-07,8.2772
2001-06-08,8.2767
2001-06-11,8.2767
2001-06-12,8.2767
2001-06-13,8.2771
2001-06-14,8.2779
2001-06-15,8.2773
2001-06-18,8.277
2001-06-19,8.277
2001-06-20,8.2779
2001-06-21,8.277
2001-06-22,8.2769
2001-06-25,8.2767
2001-06-26,8.2768
2001-06-27,8.2768
2001-06-28,8.2768
2001-06-29,8.277
2001-07-02,8.2767
2001-07-03,8.277
2001-07-04,8.2767
2001-07-05,8.2769
2001-07-06,8.2767
2001-07-09,8.2768
2001-07-10,8.2767
2001-07-11,8.277
2001-07-12,8.2769
2001-07-13,8.2769
2001-07-16,8.2767
2001-07-17,8.2767
2001-07-18,8.2769
2001-07-19,8.277
2001-07-20,8.2768
2001-07-23,8.2768
2001-07-24,8.277
2001-07-25,8.2773
2001-07-26,8.277
2001-07-27,8.2771
2001-07-30,8.277
2001-07-31,8.2767
2001-08-01,8.277
2001-08-02,8.2769
2001-08-03,8.2768
2001-08-06,8.2768
2001-08-07,8.277
2001-08-08,8.2772
2001-08-09,8.2773
2001-08-10,8.277
2001-08-13,8.2768
2001-08-14,8.2771
2001-08-15,8.2773
2001-08-16,8.2771
2001-08-17,8.277
2001-08-20,8.2768
2001-08-21,8.2768
2001-08-22,8.2768
2001-08-23,8.2769
2001-08-24,8.2768
2001-08-27,8.2773
2001-08-28,8.277
2001-08-29,8.2768
2001-08-30,8.2769
2001-08-31,8.2767
2001-09-03,8.2769
2001-09-04,8.277
2001-09-05,8.2768
2001-09-06,8.277
2001-09-07,8.2768
2001-09-10,8.2767
2001-09-11,8.2767
2001-09-12,8.2769
2001-09-13,8.2769
2001-09-14,8.2768
2001-09-17,8.2766
2001-09-18,8.2767
2001-09-19,8.2768
2001-09-20,8.2766
2001-09-21,8.2766
2001-09-24,8.2767
2001-09-25,8.277
2001-09-26,8.2772
2001-09-27,8.2769
2001-09-28,8.2769
2001-09-29,8.2768
2001-09-30,8.2769
2001-10-08,8.2768
2001-10-09,8.2767
2001-10-10,8.2769
2001-10-11,8.2768
2001-10-12,8.2766
2001-10-15,8.2765
2001-10-16,8.2766
2001-10-17,8.2767
2001-10-18,8.2769
2001-10-19,8.277
2001-10-22,8.2768
2001-10-23,8.277
2001-10-24,8.2768
2001-10-25,8.2767
2001-10-26,8.2769
2001-10-29,8.277
2001-10-30,8.277
2001-10-31,8.2768
2001-11-01,8.2768
2001-11-02,8.2769
2001-11-05,8.2769
2001-11-06,8.2768
2001-11-07,8.2767
2001-11-08,8.2766
2001-11-09,8.2766
2001-11-12,8.2766
2001-11-13,8.2765
2001-11-14,8.2765
2001-11-15,8.2767
2001-11-16,8.277
2001-11-19,8.2771
2001-11-20,8.277
2001-11-21,8.2769
2001-11-22,8.2769
2001-11-23,8.2769
2001-11-26,8.2769
2001-11-27,8.277
2001-11-28,8.277
2001-11-29,8.2772
2001-11-30,8.2774
2001-12-03,8.2772
2001-12-04,8.277
2001-12-05,8.2771
2001-12-06,8.2772
2001-12-07,8.2773
2001-12-10,8.2772
2001-12-11,8.277
2001-12-12,8.2768
2001-12-13,8.2768
2001-12-14,8.2767
2001-12-17,8.2768
2001-12-18,8.2769
2001-12-19,8.2768
2001-12-20,8.2767
2001-12-21,8.2766
2001-12-24,8.2767
2001-12-25,8.2766
2001-12-26,8.2767
2001-12-27,8.2766
2001-12-28,8.2767
2001-12-29,8.2768
2001-12-30,8.2767
2001-12-31,8.2766
2002-01-04,8.2766
2002-01-07,8.2768
2002-01-08,8.2767
2002-01-09,8.2766
2002-01-10,8.2767
2002-01-11,8.2766
2002-01-14,8.2768
2002-01-15,8.2767
2002-01-16,8.2768
2002-01-17,8.2767
2002-01-18,8.2768
2002-01-21,8.2767
2002-01-22,8.2768
2002-01-23,8.2767
2002-01-24,8.2765
2002-01-25,8.2767
2002-01-28,8.2765
2002-01-29,8.2767
2002-01-30,8.2766
2002-01-31,8.2765
2002-02-01,8.2765
2002-02-04,8.2766
2002-02-05,8.2766
2002-02-06,8.2765
2002-02-07,8.2767
2002-02-08,8.2766
2002-02-09,8.2767
2002-02-10,8.2766
2002-02-11,8.2767
2002-02-19,8.2768
2002-02-20,8.277
2002-02-21,8.2768
2002-02-22,8.2766
2002-02-25,8.2765
2002-02-26,8.2765
2002-02-27,8.2767
2002-02-28,8.2766
2002-03-01,8.2765
2002-03-04,8.2766
2002-03-05,8.2767
2002-03-06,8.2765
2002-03-07,8.2766
2002-03-08,8.2771
2002-03-11,8.2771
2002-03-12,8.2769
2002-03-13,8.2767
2002-03-14,8.2771
2002-03-15,8.2774
2002-03-18,8.2775
2002-03-19,8.2773
2002-03-20,8.2775
2002-03-21,8.2774
2002-03-22,8.2772
2002-03-25,8.277
2002-03-26,8.2769
2002-03-27,8.2771
2002-03-28,8.2772
2002-03-29,8.2774
2002-04-01,8.2774
2002-04-02,8.2772
2002-04-03,8.2772
2002-04-04,8.2773
2002-04-05,8.2771
2002-04-08,8.277
2002-04-09,8.277
2002-04-10,8.2769
2002-04-11,8.2771
2002-04-12,8.2771
2002-04-15,8.2772
2002-04-16,8.2771
2002-04-17,8.2772
2002-04-18,8.2772
2002-04-19,8.2772
2002-04-22,8.2775
2002-04-23,8.2772
2002-04-24,8.2773
2002-04-25,8.2774
2002-04-26,8.2774
2002-04-27,8.2773
2002-04-28,8.2774
2002-04-29,8.2771
2002-04-30,8.277
2002-05-08,8.2773
2002-05-09,8.2773
2002-05-10,8.2772
2002-05-13,8.2771
2002-05-14,8.2771
2002-05-15,8.277
2002-05-16,8.2769
2002-05-17,8.2768
2002-05-20,8.2768
2002-05-21,8.2768
2002-05-22,8.2769
2002-05-23,8.277
2002-05-24,8.277
2002-05-27,8.2771
2002-05-28,8.2769
2002-05-29,8.2766
2002-05-30,8.2766
2002-05-31,8.2766
2002-06-03,8.2765
2002-06-04,8.2767
2002-06-05,8.2768
2002-06-06,8.2769
2002-06-07,8.277
2002-06-10,8.277
2002-06-11,8.277
2002-06-12,8.2768
2002-06-13,8.2769
2002-06-14,8.2769
2002-06-17,8.2769
2002-06-18,8.2773
2002-06-19,8.2775
2002-06-20,8.2774
2002-06-21,8.2772
2002-06-24,8.2771
2002-06-25,8.277
2002-06-26,8.2771
2002-06-27,8.2772
2002-06-28,8.2771
2002-07-01,8.2771
2002-07-02,8.277
2002-07-03,8.2769
2002-07-04,8.2768
2002-07-05,8.2767
2002-07-08,8.2766
2002-07-09,8.2767
2002-07-10,8.2766
2002-07-11,8.2766
2002-07-12,8.2768
2002-07-15,8.2767
2002-07-16,8.2768
2002-07-17,8.2768
2002-07-18,8.2769
2002-07-19,8.2768
2002-07-22,8.2769
2002-07-23,8.277
2002-07-24,8.277
2002-07-25,8.2769
2002-07-26,8.2769
2002-07-29,8.2768
2002-07-30,8.2767
2002-07-31,8.2766
2002-08-01,8.2767
2002-08-02,8.2766
2002-08-05,8.2768
2002-08-06,8.2767
2002-08-07,8.2768
2002-08-08,8.2769
2002-08-09,8.2767
2002-08-12,8.2766
2002-08-13,8.2768
2002-08-14,8.2767
2002-08-15,8.2766
2002-08-16,8.2768
2002-08-19,8.2768
2002-08-20,8.2767
2002-08-21,8.2768
2002-08-22,8.2766
2002-08-23,8.2766
2002-08-26,8.2767
2002-08-27,8.2766
2002-08-28,8.2767
2002-08-29,8.2768
2002-08-30,8.2767
2002-09-02,8.2768
2002-09-03,8.2769
2002-09-04,8.277
2002-09-05,8.2771
2002-09-06,8.2772
2002-09-09,8.277
2002-09-10,8.277
2002-09-11,8.2769
2002-09-12,8.2769
2002-09-13,8.2768
2002-09-16,8.2768
2002-09-17,8.2768
2002-09-18,8.2769
2002-09-19,8.2769
2002-09-20,8.2768
2002-09-23,8.277
2002-09-24,8.277
2002-09-25,8.2769
2002-09-26,8.277
2002-09-27,8.2771
2002-09-28,8.2771
2002-09-29,8.2771
2002-09-30,8.2771
2002-10-08,8.2772
2002-10-09,8.2772
2002-10-10,8.2771
2002-10-11,8.277
2002-10-14,8.2769
2002-10-15,8.2768
2002-10-16,8.2767
2002-10-17,8.2767
2002-10-18,8.2768
2002-10-21,8.2767
2002-10-22,8.2768
2002-10-23,8.2768
2002-10-24,8.2768
2002-10-25,8.277
2002-10-28,8.2771
2002-10-29,8.2771
2002-10-30,8.2772
2002-10-31,8.2771
2002-11-01,8.2771
2002-11-04,8.2771
2002-11-05,8.2772
2002-11-06,8.277
2002-11-07,8.2771
2002-11-08,8.2771
2002-11-11,8.2772
2002-11-12,8.277
2002-11-13,8.2771
2002-11-14,8.2773
2002-11-15,8.2772
2002-11-18,8.2773
2002-11-19,8.2773
2002-11-20,8.2772
2002-11-21,8.277
2002-11-22,8.277
2002-11-25,8.2772
2002-11-26,8.2772
2002-11-27,8.277
2002-11-28,8.2771
2002-11-29,8.2772
2002-12-02,8.2772
2002-12-03,8.2772
2002-12-04,8.2771
2002-12-05,8.2772
2002-12-06,8.277
2002-12-09,8.2772
2002-12-10,8.2773
2002-12-11,8.277
2002-12-12,8.2772
2002-12-13,8.2772
2002-12-16,8.277
2002-12-17,8.2772
2002-12-18,8.2773
2002-12-19,8.2773
2002-12-20,8.2773
2002-12-23,8.2774
2002-12-24,8.2775
2002-12-25,8.2775
2002-12-26,8.2774
2002-12-27,8.2772
2002-12-30,8.2772
2002-12-31,8.2773
2003-01-02,8.277
2003-01-03,8.277
2003-01-06,8.2768
2003-01-07,8.2768
2003-01-08,8.2767
2003-01-09,8.2766
2003-01-10,8.2766
2003-01-13,8.2766
2003-01-14,8.2768
2003-01-15,8.2768
2003-01-16,8.277
2003-01-17,8.277
2003-01-20,8.277
2003-01-21,8.2772
2003-01-22,8.277
2003-01-23,8.277
2003-01-24,8.277
2003-01-27,8.2768
2003-01-28,8.2768
2003-01-29,8.2767
2003-01-30,8.2767
2003-01-31,8.2766
2003-02-08,8.2768
2003-02-09,8.277
2003-02-10,8.277
2003-02-11,8.2773
2003-02-12,8.2775
2003-02-13,8.2775
2003-02-14,8.2773
2003-02-17,8.2773
2003-02-18,8.2774
2003-02-19,8.2772
2003-02-20,8.2775
2003-02-21,8.2775
2003-02-24,8.2775
2003-02-25,8.2775
2003-02-26,8.2775
2003-02-27,8.2774
2003-02-28,8.2774
2003-03-03,8.2775
2003-03-04,8.2773
2003-03-05,8.2773
2003-03-06,8.2775
2003-03-07,8.2775
2003-03-10,8.2774
2003-03-11,8.2772
2003-03-12,8.277
2003-03-13,8.277
2003-03-14,8.277
2003-03-17,8.277
2003-03-18,8.277
2003-03-19,8.2772
2003-03-20,8.2771
2003-03-21,8.2771
2003-03-24,8.2773
2003-03-25,8.2773
2003-03-26,8.2771
2003-03-27,8.2774
2003-03-28,8.2772
2003-03-31,8.2771
2003-04-01,8.2774
2003-04-02,8.2773
2003-04-03,8.277
2003-04-04,8.277
2003-04-07,8.277
2003-04-08,8.2772
2003-04-09,8.2772
2003-04-10,8.2774
2003-04-11,8.2773
2003-04-14,8.2772
2003-04-15,8.2774
2003-04-16,8.2772
2003-04-17,8.2772
2003-04-18,8.2771
2003-04-21,8.277
2003-04-22,8.2769
2003-04-23,8.277
2003-04-24,8.2772
2003-04-25,8.2772
2003-04-28,8.277
2003-04-29,8.277
2003-04-30,8.277
2003-05-06,8.2771
2003-05-07,8.277
2003-05-08,8.2769
2003-05-09,8.2768
2003-05-12,8.2768
2003-05-13,8.277
2003-05-14,8.277
2003-05-15,8.2769
2003-05-16,8.2768
2003-05-19,8.277
2003-05-20,8.2768
2003-05-21,8.2768
2003-05-22,8.2769
2003-05-23,8.2768
2003-05-26,8.2768
2003-05-27,8.277
2003-05-28,8.2768
2003-05-29,8.277
2003-05-30,8.277
2003-06-02,8.2768
2003-06-03,8.2768
2003-06-04,8.2769
2003-06-05,8.277
2003-06-06,8.277
2003-06-09,8.277
2003-06-10,8.277
2003-06-11,8.2768
2003-06-12,8.277
2003-06-13,8.277
2003-06-16,8.2768
2003-06-17,8.2769
2003-06-18,8.2768
2003-06-19,8.2768
2003-06-20,8.277
2003-06-23,8.2772
2003-06-24,8.2773
2003-06-25,8.2773
2003-06-26,8.2775
2003-06-27,8.2775
2003-06-30,8.2774
2003-07-01,8.2774
2003-07-02,8.2774
2003-07-03,8.2775
2003-07-04,8.2775
2003-07-07,8.2776
2003-07-08,8.2773
2003-07-09,8.2773
2003-07-10,8.2775
2003-07-11,8.2773
2003-07-12,8.2772
2003-07-15,8.2771
2003-07-16,8.2771
2003-07-17,8.277
2003-07-18,8.277
2003-07-21,8.277
2003-07-22,8.2768
2003-07-23,8.277
2003-07-24,8.277
2003-07-25,8.2772
2003-07-28,8.2774
2003-07-29,8.2775
2003-07-30,8.2775
2003-07-31,8.2773
2003-08-01,8.2773
2003-08-04,8.2772
2003-08-05,8.2775
2003-08-06,8.2775
2003-08-07,8.2773
2003-08-08,8.2773
2003-08-11,8.2772
2003-08-12,8.2772
2003-08-13,8.277
2003-08-14,8.277
2003-08-15,8.277
2003-08-18,8.2768
2003-08-19,8.2768
2003-08-20,8.2767
2003-08-21,8.2768
2003-08-22,8.2766
2003-08-25,8.2766
2003-08-26,8.2768
2003-08-27,8.2768
2003-08-28,8.277
2003-08-29,8.2771
2003-09-01,8.2771
2003-09-02,8.277
2003-09-03,8.277
2003-09-04,8.2768
2003-09-05,8.277
2003-09-08,8.277
2003-09-09,8.2769
2003-09-10,8.277
2003-09-11,8.277
2003-09-12,8.2772
2003-09-15,8.2772
2003-09-16,8.2774
2003-09-17,8.2774
2003-09-18,8.2775
2003-09-19,8.2775
2003-09-22,8.2773
2003-09-23,8.2773
2003-09-24,8.2772
2003-09-25,8.277
2003-09-26,8.277
2003-09-27,8.2773
2003-09-28,8.2773
2003-09-29,8.2771
2003-09-30,8.277
2003-10-08,8.277
2003-10-09,8.2771
2003-10-10,8.277
2003-10-13,8.277
2003-10-14,8.2768
2003-10-15,8.2767
2003-10-16,8.2767
2003-10-17,8.2766
2003-10-20,8.2766
2003-10-21,8.2766
2003-10-22,8.2765
2003-10-23,8.2766
2003-10-24,8.2766
2003-10-27,8.2768
2003-10-28,8.2767
2003-10-29,8.2766
2003-10-30,8.2766
2003-10-31,8.2767
2003-11-03,8.2766
2003-11-04,8.2766
2003-11-05,8.2767
2003-11-06,8.2767
2003-11-07,8.2769
2003-11-10,8.277
2003-11-11,8.277
2003-11-12,8.2769
2003-11-13,8.277
2003-11-14,8.277
2003-11-17,8.277
2003-11-18,8.2769
2003-11-19,8.2767
2003-11-20,8.2767
2003-11-21,8.2769
2003-11-24,8.277
2003-11-25,8.2771
2003-11-26,8.277
2003-11-27,8.2772
2003-11-28,8.2772
2003-12-01,8.277
2003-12-02,8.2772
2003-12-03,8.2772
2003-12-04,8.2771
2003-12-05,8.277
2003-12-08,8.2769
2003-12-09,8.2771
2003-12-10,8.2771
2003-12-11,8.277
2003-12-12,8.2771
2003-12-15,8.2772
2003-12-16,8.2772
2003-12-17,8.2771
2003-12-18,8.2769
2003-12-19,8.2769
2003-12-22,8.277
2003-12-23,8.2769
2003-12-24,8.277
2003-12-25,8.277
2003-12-26,8.2768
2003-12-29,8.2768
2003-12-30,8.2769
2003-12-31,8.2767
2004-01-02,8.2767
2004-01-05,8.2769
2004-01-06,8.277
2004-01-07,8.2771
2004-01-08,8.2772
2004-01-09,8.2772
2004-01-12,8.277
2004-01-13,8.277
2004-01-14,8.2768
2004-01-15,8.2768
2004-01-16,8.2767
2004-01-17,8.2767
2004-01-18,8.2767
2004-01-19,8.2766
2004-01-20,8.2768
2004-01-21,8.277
2004-01-29,8.2771
2004-01-30,8.277
2004-02-02,8.2768
2004-02-03,8.277
2004-02-04,8.2772
2004-02-05,8.2772
2004-02-06,8.2773
2004-02-09,8.2773
2004-02-10,8.2773
2004-02-11,8.2772
2004-02-12,8.2771
2004-02-13,8.2772
2004-02-16,8.277
2004-02-17,8.2772
2004-02-18,8.277
2004-02-19,8.277
2004-02-20,8.2771
2004-02-23,8.2772
2004-02-24,8.2772
2004-02-25,8.2771
2004-02-26,8.277
2004-02-27,8.277
2004-03-01,8.2769
2004-03-02,8.2768
2004-03-03,8.2768
2004-03-04,8.2768
2004-03-05,8.277
2004-03-08,8.2771
2004-03-09,8.2771
2004-03-10,8.2771
2004-03-11,8.2771
2004-03-12,8.2772
2004-03-15,8.2771
2004-03-16,8.2773
2004-03-17,8.2773
2004-03-18,8.2774
2004-03-19,8.2774
2004-03-22,8.2772
2004-03-23,8.2773
2004-03-24,8.2774
2004-03-25,8.2772
2004-03-26,8.2771
2004-03-29,8.277
2004-03-30,8.2771
2004-03-31,8.2771
2004-04-01,8.277
2004-04-02,8.2769
2004-04-05,8.2769
2004-04-06,8.2769
2004-04-07,8.2769
2004-04-08,8.2769
2004-04-09,8.2769
2004-04-12,8.2769
2004-04-13,8.277
2004-04-14,8.2769
2004-04-15,8.2772
2004-04-16,8.2771
2004-04-19,8.2769
2004-04-20,8.2768
2004-04-21,8.2768
2004-04-22,8.2769
2004-04-23,8.277
2004-04-26,8.2769
2004-04-27,8.2768
2004-04-28,8.2768
2004-04-29,8.2768
2004-04-30,8.2769
2004-05-08,8.2771
2004-05-09,8.2771
2004-05-10,8.277
2004-05-11,8.2769
2004-05-12,8.2773
2004-05-13,8.2773
2004-05-14,8.2772
2004-05-17,8.2772
2004-05-18,8.2772
2004-05-19,8.2771
2004-05-20,8.2769
2004-05-21,8.2771
2004-05-24,8.2771
2004-05-25,8.277
2004-05-26,8.2769
2004-05-27,8.2768
2004-05-28,8.2768
2004-05-31,8.2769
2004-06-01,8.2768
2004-06-02,8.2767
2004-06-03,8.2767
2004-06-04,8.2768
2004-06-07,8.2767
2004-06-08,8.2767
2004-06-09,8.2767
2004-06-10,8.2767
2004-06-11,8.2768
2004-06-14,8.2767
2004-06-15,8.2766
2004-06-16,8.2766
2004-06-17,8.2766
2004-06-18,8.2766
2004-06-21,8.2766
2004-06-22,8.2766
2004-06-23,8.2766
2004-06-24,8.2767
2004-06-25,8.2766
2004-06-28,8.2767
2004-06-29,8.2766
2004-06-30,8.2766
2004-07-01,8.2766
2004-07-02,8.2767
2004-07-05,8.2766
2004-07-06,8.2768
2004-07-07,8.2768
2004-07-08,8.2768
2004-07-09,8.2769
2004-07-12,8.2769
2004-07-13,8.2768
2004-07-14,8.2768
2004-07-15,8.2767
2004-07-16,8.2767
2004-07-19,8.2766
2004-07-20,8.2766
2004-07-21,8.2767
2004-07-22,8.2766
2004-07-23,8.2766
2004-07-26,8.2766
2004-07-27,8.2767
2004-07-28,8.2767
2004-07-29,8.2768
2004-07-30,8.2769
2004-08-02,8.2769
2004-08-03,8.277
2004-08-04,8.277
2004-08-05,8.277
2004-08-06,8.2769
2004-08-09,8.2769
2004-08-10,8.2769
2004-08-11,8.277
2004-08-12,8.2769
2004-08-13,8.2769
2004-08-16,8.2768
2004-08-17,8.2768
2004-08-18,8.2767
2004-08-19,8.2767
2004-08-20,8.2768
2004-08-23,8.2767
2004-08-24,8.2767
2004-08-25,8.2767
2004-08-26,8.2766
2004-08-27,8.2766
2004-08-30,8.2767
2004-08-31,8.2767
2004-09-01,8.2766
2004-09-02,8.2766
2004-09-03,8.2767
2004-09-06,8.2767
2004-09-07,8.2766
2004-09-08,8.2767
2004-09-09,8.2767
2004-09-10,8.2768
2004-09-13,8.2766
2004-09-14,8.2766
2004-09-15,8.2767
2004-09-16,8.2768
2004-09-17,8.2766
2004-09-20,8.2767
2004-09-21,8.2767
2004-09-22,8.2766
2004-09-23,8.2766
2004-09-24,8.2766
2004-09-27,8.2766
2004-09-28,8.2766
2004-09-29,8.2766
2004-09-30,8.2766
2004-10-08,8.2766
2004-10-09,8.2768
2004-10-10,8.2767
2004-10-11,8.2766
2004-10-12,8.2765
2004-10-13,8.2765
2004-10-14,8.2765
2004-10-15,8.2765
2004-10-16,8.2765
2004-10-19,8.2765
2004-10-20,8.2765
2004-10-21,8.2765
2004-10-22,8.2765
2004-10-25,8.2765
2004-10-26,8.2765
2004-10-27,8.2765
2004-10-28,8.2765
2004-10-29,8.2765
2004-11-01,8.2765
2004-11-02,8.2765
2004-11-03,8.2765
2004-11-04,8.2765
2004-11-05,8.2765
2004-11-08,8.2765
2004-11-09,8.2765
2004-11-10,8.2765
2004-11-11,8.2765
2004-11-12,8.2765
2004-11-15,8.2765
2004-11-16,8.2765
2004-11-17,8.2765
2004-11-18,8.2765
2004-11-19,8.2765
2004-11-20,8.2765
2004-11-23,8.2765
2004-11-24,8.2765
2004-11-25,8.2765
2004-11-26,8.2765
2004-11-29,8.2765
2004-11-30,8.2765
2004-12-01,8.2765
2004-12-02,8.2765
2004-12-03,8.2765
2004-12-04,8.2765
2004-12-07,8.2765
2004-12-08,8.2765
2004-12-09,8.2765
2004-12-10,8.2765
2004-12-13,8.2765
2004-12-14,8.2765
2004-12-15,8.2765
2004-12-16,8.2765
2004-12-17,8.2765
2004-12-20,8.2765
2004-12-21,8.2765
2004-12-22,8.2765
2004-12-23,8.2765
2004-12-24,8.2765
2004-12-27,8.2765
2004-12-28,8.2765
2004-12-29,8.2765
2004-12-30,8.2765
2004-12-31,8.2765
2005-01-04,8.2765
2005-01-05,8.2765
2005-01-06,8.2765
2005-01-07,8.2765
2005-01-10,8.2765
2005-01-11,8.2765
2005-01-12,8.2765
2005-01-13,8.2765
2005-01-14,8.2765
2005-01-17,8.2765
2005-01-18,8.2765
2005-01-19,8.2765
2005-01-20,8.2765
2005-01-21,8.2765
2005-01-24,8.2765
2005-01-25,8.2765
2005-01-26,8.2765
2005-01-27,8.2765
2005-01-28,8.2765
2005-01-31,8.2765
2005-02-01,8.2765
2005-02-02,8.2765
2005-02-03,8.2765
2005-02-04,8.2765
2005-02-05,8.2765
2005-02-06,8.2765
2005-02-07,8.2765
2005-02-08,8.2765
2005-02-16,8.2765
2005-02-17,8.2765
2005-02-18,8.2765
2005-02-21,8.2765
2005-02-22,8.2765
2005-02-23,8.2765
2005-02-24,8.2765
2005-02-25,8.2765
2005-02-28,8.2765
2005-03-01,8.2765
2005-03-02,8.2765
2005-03-03,8.2765
2005-03-04,8.2765
2005-03-07,8.2765
2005-03-08,8.2765
2005-03-09,8.2765
2005-03-10,8.2765
2005-03-11,8.2765
2005-03-14,8.2765
2005-03-15,8.2765
2005-03-16,8.2765
2005-03-17,8.2765
2005-03-18,8.2765
2005-03-21,8.2765
2005-03-22,8.2765
2005-03-23,8.2765
2005-03-24,8.2765
2005-03-25,8.2765
2005-03-28,8.2765
2005-03-29,8.2765
2005-03-30,8.2765
2005-03-31,8.2765
2005-04-01,8.2765
2005-04-04,8.2765
2005-04-05,8.2765
2005-04-06,8.2765
2005-04-07,8.2765
2005-04-08,8.2765
2005-04-11,8.2765
2005-04-12,8.2765
2005-04-13,8.2765
2005-04-14,8.2765
2005-04-15,8.2765
2005-04-18,8.2765
2005-04-19,8.2765
2005-04-20,8.2765
2005-04-21,8.2765
2005-04-22,8.2765
2005-04-25,8.2765
2005-04-26,8.2765
2005-04-27,8.2765
2005-04-28,8.2765
2005-04-29,8.2765
2005-04-30,8.2765
2005-05-08,8.2765
2005-05-09,8.2765
2005-05-10,8.2765
2005-05-11,8.2765
2005-05-12,8.2765
2005-05-13,8.2765
2005-05-16,8.2765
2005-05-17,8.2765
2005-05-18,8.2765
2005-05-19,8.2765
2005-05-20,8.2765
2005-05-23,8.2765
2005-05-24,8.2765
2005-05-25,8.2765
2005-05-26,8.2765
2005-05-27,8.2765
2005-05-28,8.2765
2005-05-31,8.2765
2005-06-01,8.2765
2005-06-02,8.2765
2005-06-03,8.2765
2005-06-06,8.2765
2005-06-07,8.2765
2005-06-08,8.2765
2005-06-09,8.2765
2005-06-10,8.2765
2005-06-13,8.2765
2005-06-14,8.2765
2005-06-15,8.2765
2005-06-16,8.2765
2005-06-17,8.2765
2005-06-20,8.2765
2005-06-21,8.2765
2005-06-22,8.2765
2005-06-23,8.2765
2005-06-24,8.2765
2005-06-27,8.2765
2005-06-28,8.2765
2005-06-29,8.2765
2005-06-30,8.2765
2005-07-01,8.2765
2005-07-04,8.2765
2005-07-05,8.2765
2005-07-06,8.2765
2005-07-07,8.2765
2005-07-08,8.2765
2005-07-11,8.2765
2005-07-12,8.2765
2005-07-13,8.2765
2005-07-14,8.2765
2005-07-15,8.2765
2005-07-18,8.2765
2005-07-19,8.2765
2005-07-20,8.2765
2005-07-21,8.2765
2005-07-22,8.11
2005-07-25,8.1111
2005-07-26,8.1097
2005-07-27,8.1099
2005-07-28,8.1128
2005-07-29,8.108
2005-08-01,8.1056
2005-08-02,8.1046
2005-08-03,8.1032
2005-08-04,8.1051
2005-08-05,8.1027
2005-08-08,8.1037
2005-08-09,8.109
2005-08-10,8.107
2005-08-11,8.1062
2005-08-12,8.1002
2005-08-15,8.098
2005-08-16,8.0971
2005-08-17,8.1002
2005-08-18,8.0997
2005-08-19,8.1007
2005-08-22,8.1047
2005-08-23,8.1056
2005-08-24,8.1012
2005-08-25,8.1005
2005-08-26,8.1002
2005-08-29,8.0965
2005-08-30,8.0954
2005-08-31,8.0973
2005-09-01,8.0998
2005-09-02,8.0949
2005-09-05,8.0935
2005-09-06,8.0916
2005-09-07,8.0913
2005-09-08,8.0925
2005-09-09,8.0945
2005-09-12,8.0956
2005-09-13,8.0924
2005-09-14,8.094
2005-09-15,8.0912
2005-09-16,8.0887
2005-09-19,8.0871
2005-09-20,8.0908
2005-09-21,8.089
2005-09-22,8.0911
2005-09-23,8.0881
2005-09-26,8.091
2005-09-27,8.0929
2005-09-28,8.092
2005-09-29,8.0939
2005-09-30,8.093
2005-10-08,8.092
2005-10-09,8.0896
2005-10-10,8.0876
2005-10-11,8.0864
2005-10-12,8.0879
2005-10-13,8.0895
2005-10-14,8.0885
2005-10-17,8.0896
2005-10-18,8.0877
2005-10-19,8.091
2005-10-20,8.0924
2005-10-21,8.0905
2005-10-24,8.0885
2005-10-25,8.0916
2005-10-26,8.0901
2005-10-27,8.0867
2005-10-28,8.0862
2005-10-31,8.084
2005-11-01,8.0845
2005-11-02,8.086
2005-11-03,8.0851
2005-11-04,8.0841
2005-11-07,8.0856
2005-11-08,8.0877
2005-11-09,8.0867
2005-11-10,8.0857
2005-11-11,8.0847
2005-11-14,8.0856
2005-11-15,8.0831
2005-11-16,8.0845
2005-11-17,8.0835
2005-11-18,8.0845
2005-11-21,8.0832
2005-11-22,8.0833
2005-11-23,8.0839
2005-11-24,8.0816
2005-11-25,8.0805
2005-11-28,8.0815
2005-11-29,8.0825
2005-11-30,8.0796
2005-12-01,8.0804
2005-12-02,8.0798
2005-12-05,8.0806
2005-12-06,8.0808
2005-12-07,8.078
2005-12-08,8.0771
2005-12-09,8.078
2005-12-12,8.0765
2005-12-13,8.077
2005-12-14,8.0751
2005-12-15,8.0746
2005-12-16,8.074
2005-12-19,8.0735
2005-12-20,8.073
2005-12-21,8.074
2005-12-22,8.0765
2005-12-23,8.0775
2005-12-26,8.0762
2005-12-27,8.0755
2005-12-28,8.074
2005-12-29,8.0725
2005-12-30,8.0709
2005-12-31,8.0702
2006-01-04,8.0702
2006-01-05,8.0678
2006-01-06,8.0675
2006-01-09,8.0665
2006-01-10,8.0691
2006-01-11,8.0705
2006-01-12,8.0685
2006-01-13,8.0698
2006-01-16,8.0673
2006-01-17,8.0676
2006-01-18,8.0704
2006-01-19,8.0687
2006-01-20,8.0648
2006-01-23,8.0645
2006-01-24,8.0625
2006-01-25,8.063
2006-01-26,8.062
2006-01-27,8.0608
2006-02-06,8.056
2006-02-07,8.0566
2006-02-08,8.0545
2006-02-09,8.0558
2006-02-10,8.0516
2006-02-13,8.0472
2006-02-14,8.0477
2006-02-15,8.0481
2006-02-16,8.0495
2006-02-17,8.0493
2006-02-20,8.0483
2006-02-21,8.0485
2006-02-22,8.0497
2006-02-23,8.049
2006-02-24,8.0432
2006-02-27,8.042
2006-02-28,8.0415
2006-03-01,8.039
2006-03-02,8.0394
2006-03-03,8.038
2006-03-06,8.0382
2006-03-07,8.0425
2006-03-08,8.0475
2006-03-09,8.048
2006-03-10,8.0492
2006-03-13,8.0503
2006-03-14,8.0475
2006-03-15,8.0388
2006-03-16,8.035
2006-03-17,8.0286
2006-03-20,8.025
2006-03-21,8.0272
2006-03-22,8.0306
2006-03-23,8.0296
2006-03-24,8.0338
2006-03-27,8.0245
2006-03-28,8.0212
2006-03-29,8.028
2006-03-30,8.027
2006-03-31,8.017
2006-04-03,8.021
2006-04-04,8.0194
2006-04-05,8.0116
2006-04-06,8.0098
2006-04-07,8.013
2006-04-10,8.004
2006-04-11,8.011
2006-04-12,8.012
2006-04-13,8.0248
2006-04-14,8.0163
2006-04-17,8.0158
2006-04-18,8.014
2006-04-19,8.0128
2006-04-20,8.0126
2006-04-21,8.021
2006-04-24,8.0185
2006-04-25,8.016
2006-04-26,8.022
2006-04-27,8.0205
2006-04-28,8.0165
2006-05-08,8.009
2006-05-09,8.0065
2006-05-10,8.0048
2006-05-11,8.0062
2006-05-12,8.0082
2006-05-15,7.9982
2006-05-16,8.015
2006-05-17,8.006
2006-05-18,8.018
2006-05-19,8.015
2006-05-22,8.0226
2006-05-23,8.0176
2006-05-24,8.023
2006-05-25,8.0268
2006-05-26,8.0216
2006-05-29,8.0282
2006-05-30,8.0284
2006-05-31,8.0188
2006-06-01,8.021
2006-06-02,8.0214
2006-06-05,8.0096
2006-06-06,8.0148
2006-06-07,8.0168
2006-06-08,8.0174
2006-06-09,8.018
2006-06-12,8.0161
2006-06-13,8.0073
2006-06-14,8.0051
2006-06-15,7.9999
2006-06-16,7.9976
2006-06-19,8.0018
2006-06-20,8.0036
2006-06-21,7.999
2006-06-22,7.9975
2006-06-23,8.0026
2006-06-26,8.0038
2006-06-27,7.9991
2006-06-28,7.9995
2006-06-29,8.0001
2006-06-30,7.9956
2006-07-03,7.9924
2006-07-04,7.9935
2006-07-05,7.9944
2006-07-06,7.996
2006-07-07,7.9936
2006-07-10,7.9908
2006-07-11,7.9925
2006-07-12,7.9916
2006-07-13,7.9948
2006-07-14,7.9956
2006-07-17,7.997
2006-07-18,8.0016
2006-07-19,8.0024
2006-07-20,7.9918
2006-07-21,7.9897
2006-07-24,7.9845
2006-07-25,7.987
2006-07-26,7.9877
2006-07-27,7.9808
2006-07-28,7.9792
2006-07-31,7.9732
2006-08-01,7.973
2006-08-02,7.972
2006-08-03,7.9762
2006-08-04,7.9772
2006-08-07,7.9699
2006-08-08,7.974
2006-08-09,7.9775
2006-08-10,7.9688
2006-08-11,7.9725
2006-08-14,7.9928
2006-08-15,7.995
2006-08-16,7.9827
2006-08-17,7.9748
2006-08-18,7.9736
2006-08-21,7.9698
2006-08-22,7.9672
2006-08-23,7.9703
2006-08-24,7.9708
2006-08-25,7.9715
2006-08-28,7.9719
2006-08-29,7.9669
2006-08-30,7.9598
2006-08-31,7.9585
2006-09-01,7.959
2006-09-04,7.9499
2006-09-05,7.9425
2006-09-06,7.9471
2006-09-07,7.9508
2006-09-08,7.9568
2006-09-11,7.9608
2006-09-12,7.9552
2006-09-13,7.9555
2006-09-14,7.9476
2006-09-15,7.9459
2006-09-18,7.9431
2006-09-19,7.9342
2006-09-20,7.9299
2006-09-21,7.9264
2006-09-22,7.9188
2006-09-25,7.9196
2006-09-26,7.915
2006-09-27,7.9072
2006-09-28,7.8998
2006-09-29,7.9087
2006-10-09,7.9103
2006-10-10,7.9128
2006-10-11,7.9164
2006-10-12,7.9174
2006-10-13,7.9116
2006-10-16,7.9148
2006-10-17,7.911
2006-10-18,7.9085
2006-10-19,7.909
2006-10-20,7.8995
2006-10-23,7.8998
2006-10-24,7.9049
2006-10-25,7.9007
2006-10-26,7.894
2006-10-27,7.8871
2006-10-30,7.8781
2006-10-31,7.8792
2006-11-01,7.872
2006-11-02,7.875
2006-11-03,7.8729
2006-11-06,7.8804
2006-11-07,7.8829
2006-11-08,7.8719
2006-11-09,7.8697
2006-11-10,7.8667
2006-11-13,7.8644
2006-11-14,7.8703
2006-11-15,7.8715
2006-11-16,7.8733
2006-11-17,7.8745
2006-11-20,7.869
2006-11-21,7.8695
2006-11-22,7.8655
2006-11-23,7.8596
2006-11-24,7.8526
2006-11-27,7.8402
2006-11-28,7.8487
2006-11-29,7.8394
2006-11-30,7.8436
2006-12-01,7.8331
2006-12-04,7.824
2006-12-05,7.8279
2006-12-06,7.8226
2006-12-07,7.8305
2006-12-08,7.8266
2006-12-11,7.8377
2006-12-12,7.8324
2006-12-13,7.8254
2006-12-14,7.8197
2006-12-15,7.8185
2006-12-18,7.8255
2006-12-19,7.827
2006-12-20,7.8198
2006-12-21,7.819
2006-12-22,7.8189
2006-12-25,7.8221
2006-12-26,7.822
2006-12-27,7.823
2006-12-28,7.8149
2006-12-29,7.8087
2007-01-04,7.8073
2007-01-05,7.8097
2007-01-08,7.8135
2007-01-09,7.8078
2007-01-10,7.8081
2007-01-11,7.7977
2007-01-12,7.8012
2007-01-15,7.7938
2007-01-16,7.7895
2007-01-17,7.7798
2007-01-18,7.7758
2007-01-19,7.7788
2007-01-22,7.78
2007-01-23,7.7815
2007-01-24,7.7755
2007-01-25,7.7735
2007-01-26,7.7817
2007-01-29,7.7836
2007-01-30,7.7796
2007-01-31,7.7776
2007-02-01,7.7615
2007-02-02,7.7613
2007-02-05,7.764
2007-02-06,7.7595
2007-02-07,7.7496
2007-02-08,7.7526
2007-02-09,7.7575
2007-02-12,7.7632
2007-02-13,7.7662
2007-02-14,7.7552
2007-02-15,7.7502
2007-02-16,7.7408
2007-02-26,7.7498
2007-02-27,7.7471
2007-02-28,7.7409
2007-03-01,7.7472
2007-03-02,7.7453
2007-03-05,7.7403
2007-03-06,7.7453
2007-03-07,7.7436
2007-03-08,7.7386
2007-03-09,7.7436
2007-03-12,7.7474
2007-03-13,7.7397
2007-03-14,7.7387
2007-03-15,7.742
2007-03-16,7.739
2007-03-19,7.7351
2007-03-20,7.7395
2007-03-21,7.7355
2007-03-22,7.731
2007-03-23,7.7359
2007-03-26,7.7393
2007-03-27,7.7343
2007-03-28,7.7318
2007-03-29,7.7303
2007-03-30,7.7342
2007-04-02,7.7306
2007-04-03,7.7277
2007-04-04,7.7349
2007-04-05,7.7268
2007-04-06,7.7251
2007-04-09,7.729
2007-04-10,7.7304
2007-04-11,7.727
2007-04-12,7.7264
2007-04-13,7.7244
2007-04-16,7.722
2007-04-17,7.7308
2007-04-18,7.7238
2007-04-19,7.7199
2007-04-20,7.723
2007-04-23,7.729
2007-04-24,7.7293
2007-04-25,7.7203
2007-04-26,7.7199
2007-04-27,7.7139
2007-04-30,7.7055
2007-05-08,7.6951
2007-05-09,7.6971
2007-05-10,7.6965
2007-05-11,7.6835
2007-05-14,7.6739
2007-05-15,7.6948
2007-05-16,7.684
2007-05-17,7.6785
2007-05-18,7.6804
2007-05-21,7.6652
2007-05-22,7.6551
2007-05-23,7.654
2007-05-24,7.6525
2007-05-25,7.6523
2007-05-28,7.6512
2007-05-29,7.6538
2007-05-30,7.6488
2007-05-31,7.6506
2007-06-01,7.6497
2007-06-04,7.6522
2007-06-05,7.6427
2007-06-06,7.6398
2007-06-07,7.6502
2007-06-08,7.6656
2007-06-11,7.6785
2007-06-12,7.6475
2007-06-13,7.6282
2007-06-14,7.6258
2007-06-15,7.6238
2007-06-18,7.6213
2007-06-19,7.6195
2007-06-20,7.618
2007-06-21,7.6208
2007-06-22,7.6224
2007-06-25,7.6192
2007-06-26,7.6184
2007-06-27,7.6165
2007-06-28,7.6178
2007-06-29,7.6155
2007-07-02,7.6075
2007-07-03,7.5951
2007-07-04,7.6007
2007-07-05,7.606
2007-07-06,7.6135
2007-07-09,7.6085
2007-07-10,7.5845
2007-07-11,7.5712
2007-07-12,7.5762
2007-07-13,7.5731
2007-07-16,7.5681
2007-07-17,7.5651
2007-07-18,7.5661
2007-07-19,7.5636
2007-07-20,7.5712
2007-07-23,7.5642
2007-07-24,7.5725
2007-07-25,7.5596
2007-07-26,7.5789
2007-07-27,7.5697
2007-07-30,7.5824
2007-07-31,7.5737
2007-08-01,7.566
2007-08-02,7.5723
2007-08-03,7.5683
2007-08-06,7.5598
2007-08-07,7.569
2007-08-08,7.5759
2007-08-09,7.5648
2007-08-10,7.5698
2007-08-13,7.5787
2007-08-14,7.5845
2007-08-15,7.5921
2007-08-16,7.5981
2007-08-17,7.6003
2007-08-20,7.5973
2007-08-21,7.597
2007-08-22,7.5987
2007-08-23,7.5847
2007-08-24,7.5691
2007-08-27,7.5629
2007-08-28,7.5545
2007-08-29,7.5505
2007-08-30,7.5567
2007-08-31,7.5607
2007-09-03,7.5546
2007-09-04,7.5556
2007-09-05,7.5546
2007-09-06,7.541
2007-09-07,7.5411
2007-09-10,7.5252
2007-09-11,7.5298
2007-09-12,7.5263
2007-09-13,7.5169
2007-09-14,7.5222
2007-09-17,7.523
2007-09-18,7.5266
2007-09-19,7.517
2007-09-20,7.5175
2007-09-21,7.505
2007-09-24,7.5109
2007-09-25,7.5135
2007-09-26,7.5089
2007-09-27,7.5157
2007-09-28,7.5108
2007-10-08,7.5102
2007-10-09,7.5232
2007-10-10,7.5176
2007-10-11,7.5143
2007-10-12,7.5114
2007-10-15,7.5153
2007-10-16,7.5136
2007-10-17,7.5156
2007-10-18,7.5113
2007-10-19,7.5074
2007-10-22,7.5055
2007-10-23,7.501
2007-10-24,7.4938
2007-10-25,7.4867
2007-10-26,7.481
2007-10-29,7.4718
2007-10-30,7.472
2007-10-31,7.4692
2007-11-01,7.4552
2007-11-02,7.4624
2007-11-05,7.4562
2007-11-06,7.4577
2007-11-07,7.4476
2007-11-08,7.4251
2007-11-09,7.4162
2007-11-12,7.414
2007-11-13,7.4309
2007-11-14,7.4321
2007-11-15,7.4307
2007-11-16,7.4336
2007-11-19,7.4303
2007-11-20,7.4255
2007-11-21,7.415
2007-11-22,7.4119
2007-11-23,7.3992
2007-11-26,7.3942
2007-11-27,7.3872
2007-11-28,7.3899
2007-11-29,7.3983
2007-11-30,7.3997
2007-12-03,7.4143
2007-12-04,7.4094
2007-12-05,7.3982
2007-12-06,7.4205
2007-12-07,7.4091
2007-12-10,7.3953
2007-12-11,7.3797
2007-12-12,7.3647
2007-12-13,7.3568
2007-12-14,7.3589
2007-12-17,7.379
2007-12-18,7.3751
2007-12-19,7.3698
2007-12-20,7.3649
2007-12-21,7.3572
2007-12-24,7.3315
2007-12-25,7.3261
2007-12-26,7.3298
2007-12-27,7.3079
2007-12-28,7.3046
2008-01-02,7.2996
2008-01-03,7.2775
2008-01-04,7.2779
2008-01-07,7.2695
2008-01-08,7.2791
2008-01-09,7.2723
2008-01-10,7.2805
2008-01-11,7.2672
2008-01-14,7.2566
2008-01-15,7.2454
2008-01-16,7.2418
2008-01-17,7.2545
2008-01-18,7.2571
2008-01-21,7.2598
2008-01-22,7.2556
2008-01-23,7.235
2008-01-24,7.2293
2008-01-25,7.2065
2008-01-28,7.1996
2008-01-29,7.202
2008-01-30,7.1998
2008-01-31,7.1853
2008-02-01,7.1903
2008-02-04,7.1923
2008-02-05,7.1846
2008-02-13,7.1952
2008-02-14,7.189
2008-02-15,7.1763
2008-02-18,7.1667
2008-02-19,7.1574
2008-02-20,7.1452
2008-02-21,7.1503
2008-02-22,7.1463
2008-02-25,7.146
2008-02-26,7.1505
2008-02-27,7.1455
2008-02-28,7.1209
2008-02-29,7.1058
2008-03-03,7.1058
2008-03-04,7.1175
2008-03-05,7.1172
2008-03-06,7.1168
2008-03-07,7.109
2008-03-10,7.108
2008-03-11,7.1029
2008-03-12,7.1069
2008-03-13,7.097
2008-03-14,7.0882
2008-03-17,7.0815
2008-03-18,7.087
2008-03-19,7.0648
2008-03-20,7.0512
2008-03-21,7.0593
2008-03-24,7.0518
2008-03-25,7.0436
2008-03-26,7.0252
2008-03-27,7.013
2008-03-28,7.0137
2008-03-31,7.019
2008-04-01,7.0218
2008-04-02,7.0292
2008-04-03,7.0192
2008-04-07,7.002
2008-04-08,7.0015
2008-04-09,7.0025
2008-04-10,6.992
2008-04-11,7.0012
2008-04-14,6.9993
2008-04-15,6.9963
2008-04-16,7.0047
2008-04-17,6.9895
2008-04-18,7.0006
2008-04-21,7.0078
2008-04-22,6.9912
2008-04-23,6.9837
2008-04-24,6.989
2008-04-25,6.9949
2008-04-28,6.998
2008-04-29,6.9898
2008-04-30,7.0002
2008-05-05,7.0016
2008-05-06,6.9888
2008-05-07,6.9848
2008-05-08,7.001
2008-05-09,7.0005
2008-05-12,6.982
2008-05-13,6.9887
2008-05-14,6.9987
2008-05-15,7.0
2008-05-16,6.9895
2008-05-19,6.9712
2008-05-20,6.978
2008-05-21,6.9597
2008-05-22,6.9428
2008-05-23,6.9498
2008-05-26,6.9399
2008-05-27,6.9432
2008-05-28,6.9408
2008-05-29,6.9402
2008-05-30,6.9472
2008-06-02,6.9372
2008-06-03,6.9295
2008-06-04,6.9356
2008-06-05,6.9394
2008-06-06,6.9238
2008-06-10,6.9199
2008-06-11,6.9209
2008-06-12,6.9015
2008-06-13,6.9018
2008-06-16,6.9028
2008-06-17,6.8919
2008-06-18,6.8823
2008-06-19,6.8796
2008-06-20,6.8826
2008-06-23,6.8676
2008-06-24,6.8736
2008-06-25,6.8684
2008-06-26,6.8634
2008-06-27,6.861
2008-06-30,6.8591
2008-07-01,6.8608
2008-07-02,6.8621
2008-07-03,6.8529
2008-07-04,6.8639
2008-07-07,6.8567
2008-07-08,6.8581
2008-07-09,6.8632
2008-07-10,6.8489
2008-07-11,6.8397
2008-07-14,6.8266
2008-07-15,6.823
2008-07-16,6.8128
2008-07-17,6.8189
2008-07-18,6.8238
2008-07-21,6.8271
2008-07-22,6.8219
2008-07-23,6.8279
2008-07-24,6.8297
2008-07-25,6.8255
2008-07-28,6.8277
2008-07-29,6.8205
2008-07-30,6.8351
2008-07-31,6.8388
2008-08-01,6.8423
2008-08-04,6.8471
2008-08-05,6.8501
2008-08-06,6.8525
2008-08-07,6.8555
2008-08-08,6.8585
2008-08-11,6.8638
2008-08-12,6.8659
2008-08-13,6.8628
2008-08-14,6.863
2008-08-15,6.8649
2008-08-18,6.8665
2008-08-19,6.8599
2008-08-20,6.8529
2008-08-21,6.8518
2008-08-22,6.8357
2008-08-25,6.8397
2008-08-26,6.84
2008-08-27,6.8415
2008-08-28,6.8326
2008-08-29,6.8345
2008-09-01,6.832
2008-09-02,6.8359
2008-09-03,6.8398
2008-09-04,6.841
2008-09-05,6.8436
2008-09-08,6.8455
2008-09-09,6.8399
2008-09-10,6.8406
2008-09-11,6.8457
2008-09-12,6.8458
2008-09-16,6.8203
2008-09-17,6.829
2008-09-18,6.8201
2008-09-19,6.8276
2008-09-22,6.8243
2008-09-23,6.8009
2008-09-24,6.8129
2008-09-25,6.8197
2008-09-26,6.8183
2008-10-06,6.8321
2008-10-07,6.8345
2008-10-08,6.8319
2008-10-09,6.831
2008-10-10,6.8327
2008-10-13,6.8287
2008-10-14,6.8278
2008-10-15,6.8272
2008-10-16,6.8295
2008-10-17,6.8311
2008-10-20,6.8297
2008-10-21,6.8309
2008-10-22,6.8339
2008-10-23,6.8368
2008-10-24,6.8357
2008-10-27,6.836
2008-10-28,6.8369
2008-10-29,6.8318
2008-10-30,6.827
2008-10-31,6.8258
2008-11-03,6.8288
2008-11-04,6.8261
2008-11-05,6.824
2008-11-06,6.8252
2008-11-07,6.8277
2008-11-10,6.8252
2008-11-11,6.8265
2008-11-12,6.8291
2008-11-13,6.8295
2008-11-14,6.8289
2008-11-17,6.8303
2008-11-18,6.828
2008-11-19,6.8293
2008-11-20,6.8307
2008-11-21,6.8317
2008-11-24,6.8304
2008-11-25,6.8284
2008-11-26,6.8272
2008-11-27,6.8292
2008-11-28,6.8349
2008-12-01,6.8505
2008-12-02,6.8527
2008-12-03,6.8502
2008-12-04,6.8502
2008-12-05,6.8482
2008-12-08,6.8509
2008-12-09,6.8479
2008-12-10,6.8475
2008-12-11,6.8471
2008-12-12,6.8451
2008-12-15,6.8442
2008-12-16,6.8433
2008-12-17,6.8353
2008-12-18,6.8322
2008-12-19,6.8357
2008-12-22,6.8377
2008-12-23,6.8389
2008-12-24,6.8397
2008-12-25,6.8366
2008-12-26,6.8362
2008-12-29,6.8357
2008-12-30,6.8353
2008-12-31,6.8346
2009-01-05,6.8367
2009-01-06,6.8384
2009-01-07,6.8389
2009-01-08,6.8375
2009-01-09,6.8363
2009-01-12,6.8382
2009-01-13,6.8395
2009-01-14,6.8399
2009-01-15,6.8392
2009-01-16,6.8383
2009-01-19,6.836
2009-01-20,6.8385
2009-01-21,6.8396
2009-01-22,6.8373
2009-01-23,6.838
2009-02-02,6.8397
2009-02-03,6.8398
2009-02-04,6.8348
2009-02-05,6.836
2009-02-06,6.8371
2009-02-09,6.8346
2009-02-10,6.833
2009-02-11,6.8337
2009-02-12,6.8327
2009-02-13,6.8334
2009-02-16,6.8343
2009-02-17,6.8352
2009-02-18,6.8363
2009-02-19,6.8369
2009-02-20,6.8357
2009-02-23,6.8337
2009-02-24,6.8358
2009-02-25,6.8361
2009-02-26,6.8371
2009-02-27,6.8379
2009-03-02,6.8389
2009-03-03,6.8392
2009-03-04,6.8395
2009-03-05,6.8365
2009-03-06,6.837
2009-03-09,6.8355
2009-03-10,6.8358
2009-03-11,6.8347
2009-03-12,6.8339
2009-03-13,6.8334
2009-03-16,6.8349
2009-03-17,6.8327
2009-03-18,6.8319
2009-03-19,6.8301
2009-03-20,6.8293
2009-03-23,6.8304
2009-03-24,6.8301
2009-03-25,6.8328
2009-03-26,6.8321
2009-03-27,6.8317
2009-03-30,6.834
2009-03-31,6.8359
2009-04-01,6.8349
2009-04-02,6.8341
2009-04-03,6.832
2009-04-07,6.834
2009-04-08,6.837
2009-04-09,6.8358
2009-04-10,6.8347
2009-04-13,6.8332
2009-04-14,6.8296
2009-04-15,6.8293
2009-04-16,6.8301
2009-04-17,6.8311
2009-04-20,6.8329
2009-04-21,6.8342
2009-04-22,6.8306
2009-04-23,6.8295
2009-04-24,6.8273
2009-04-27,6.8253
2009-04-28,6.8274
2009-04-29,6.8265
2009-04-30,6.825
2009-05-04,6.8225
2009-05-05,6.8201
2009-05-06,6.8232
2009-05-07,6.823
2009-05-08,6.8221
2009-05-11,6.822
2009-05-12,6.8242
2009-05-13,6.8235
2009-05-14,6.825
2009-05-15,6.8247
2009-05-18,6.8267
2009-05-19,6.826
2009-05-20,6.8251
2009-05-21,6.8245
2009-05-22,6.8239
2009-05-25,6.8235
2009-05-26,6.8285
2009-05-27,6.8324
2009-06-01,6.8317
2009-06-02,6.8309
2009-06-03,6.8302
2009-06-04,6.8325
2009-06-05,6.8334
2009-06-08,6.8365
2009-06-09,6.8366
2009-06-10,6.8336
2009-06-11,6.8348
2009-06-12,6.8325
2009-06-15,6.8343
2009-06-16,6.8368
2009-06-17,6.834
2009-06-18,6.8321
2009-06-19,6.8338
2009-06-22,6.8328
2009-06-23,6.8339
2009-06-24,6.8316
2009-06-25,6.8331
2009-06-26,6.8328
2009-06-29,6.8316
2009-06-30,6.8319
2009-07-01,6.8325
2009-07-02,6.8309
2009-07-03,6.8333
2009-07-06,6.833
2009-07-07,6.8326
2009-07-08,6.8336
2009-07-09,6.8325
2009-07-10,6.8313
2009-07-13,6.832
2009-07-14,6.8332
2009-07-15,6.8328
2009-07-16,6.8315
2009-07-17,6.831
2009-07-20,6.8321
2009-07-21,6.8311
2009-07-22,6.8309
2009-07-23,6.8307
2009-07-24,6.8318
2009-07-27,6.8316
2009-07-28,6.831
2009-07-29,6.8314
2009-07-30,6.8335
2009-07-31,6.8323
2009-08-03,6.831
2009-08-04,6.8303
2009-08-05,6.8306
2009-08-06,6.8304
2009-08-07,6.8316
2009-08-10,6.8346
2009-08-11,6.8352
2009-08-12,6.8351
2009-08-13,6.8343
2009-08-14,6.8328
2009-08-17,6.8333
2009-08-18,6.8339
2009-08-19,6.8329
2009-08-20,6.8318
2009-08-21,6.8313
2009-08-24,6.8309
2009-08-25,6.8311
2009-08-26,6.8313
2009-08-27,6.832
2009-08-28,6.8309
2009-08-31,6.8312
2009-09-01,6.8308
2009-09-02,6.8316
2009-09-03,6.8307
2009-09-04,6.831
2009-09-07,6.8305
2009-09-08,6.83
2009-09-09,6.8292
2009-09-10,6.8288
2009-09-11,6.8282
2009-09-14,6.828
2009-09-15,6.8284
2009-09-16,6.8281
2009-09-17,6.8272
2009-09-18,6.8271
2009-09-21,6.828
2009-09-22,6.8289
2009-09-23,6.8271
2009-09-24,6.828
2009-09-25,6.8287
2009-09-28,6.8279
2009-09-29,6.8288
2009-09-30,6.829
2009-10-09,6.827
2009-10-12,6.8275
2009-10-13,6.827
2009-10-14,6.8269
2009-10-15,6.8267
2009-10-16,6.827
2009-10-19,6.8275
2009-10-20,6.8273
2009-10-21,6.8278
2009-10-22,6.8272
2009-10-23,6.8275
2009-10-26,6.828
2009-10-27,6.8284
2009-10-28,6.8283
2009-10-29,6.8285
2009-10-30,6.8281
2009-11-02,6.8282
2009-11-03,6.8279
2009-11-04,6.828
2009-11-05,6.8277
2009-11-06,6.8276
2009-11-09,6.8273
2009-11-10,6.8268
2009-11-11,6.8267
2009-11-12,6.8268
2009-11-13,6.8273
2009-11-16,6.8272
2009-11-17,6.8271
2009-11-18,6.8275
2009-11-19,6.8274
2009-11-20,6.8278
2009-11-23,6.8279
2009-11-24,6.8276
2009-11-25,6.8275
2009-11-26,6.8268
2009-11-27,6.8269
2009-11-30,6.8272
2009-12-01,6.827
2009-12-02,6.8268
2009-12-03,6.827
2009-12-04,6.8272
2009-12-07,6.8278
2009-12-08,6.8277
2009-12-09,6.8279
2009-12-10,6.8276
2009-12-11,6.8277
2009-12-14,6.8279
2009-12-15,6.8278
2009-12-16,6.828
2009-12-17,6.8281
2009-12-18,6.8284
2009-12-21,6.8283
2009-12-22,6.8285
2009-12-23,6.8287
2009-12-24,6.8285
2009-12-25,6.8283
2009-12-28,6.8282
2009-12-29,6.8282
2009-12-30,6.8283
2009-12-31,6.8282
2010-01-04,6.8281
2010-01-05,6.8278
2010-01-06,6.8277
2010-01-07,6.8276
2010-01-08,6.8279
2010-01-11,6.8275
2010-01-12,6.8274
2010-01-13,6.8273
2010-01-14,6.8272
2010-01-15,6.8271
2010-01-18,6.8272
2010-01-19,6.827
2010-01-20,6.8273
2010-01-21,6.8272
2010-01-22,6.8271
2010-01-25,6.827
2010-01-26,6.8269
2010-01-27,6.827
2010-01-28,6.8271
2010-01-29,6.827
2010-02-01,6.8271
2010-02-02,6.8271
2010-02-03,6.8269
2010-02-04,6.827
2010-02-05,6.8272
2010-02-08,6.8273
2010-02-09,6.8271
2010-02-10,6.8269
2010-02-11,6.827
2010-02-12,6.8269
2010-02-22,6.8271
2010-02-23,6.827
2010-02-24,6.8271
2010-02-25,6.827
2010-02-26,6.8269
2010-03-01,6.8267
2010-03-02,6.8268
2010-03-03,6.8266
2010-03-04,6.8265
2010-03-05,6.8266
2010-03-08,6.8266
2010-03-09,6.8265
2010-03-10,6.8264
2010-03-11,6.8263
2010-03-12,6.8262
2010-03-15,6.8261
2010-03-16,6.8263
2010-03-17,6.8262
2010-03-18,6.8262
2010-03-19,6.8263
2010-03-22,6.8264
2010-03-23,6.8263
2010-03-24,6.8264
2010-03-25,6.8266
2010-03-26,6.8268
2010-03-29,6.8266
2010-03-30,6.8264
2010-03-31,6.8263
2010-04-01,6.8261
2010-04-02,6.826
2010-04-06,6.826
2010-04-07,6.8259
2010-04-08,6.8259
2010-04-09,6.826
2010-04-12,6.8259
2010-04-13,6.826
2010-04-14,6.8261
2010-04-15,6.826
2010-04-16,6.8261
2010-04-19,6.8262
2010-04-20,6.8263
2010-04-21,6.8264
2010-04-22,6.8263
2010-04-23,6.8264
2010-04-26,6.8263
2010-04-27,6.8262
2010-04-28,6.8264
2010-04-29,6.8265
2010-04-30,6.8263
2010-05-04,6.8265
2010-05-05,6.8267
2010-05-06,6.8269
2010-05-07,6.8271
2010-05-10,6.8269
2010-05-11,6.827
2010-05-12,6.8271
2010-05-13,6.8272
2010-05-14,6.8273
2010-05-17,6.8275
2010-05-18,6.8276
2010-05-19,6.8278
2010-05-20,6.8277
2010-05-21,6.8276
2010-05-24,6.8277
2010-05-25,6.8279
2010-05-26,6.828
2010-05-27,6.8281
2010-05-28,6.8279
2010-05-31,6.828
2010-06-01,6.8279
2010-06-02,6.8281
2010-06-03,6.828
2010-06-04,6.8281
2010-06-07,6.8283
2010-06-08,6.8284
2010-06-09,6.8282
2010-06-10,6.8281
2010-06-11,6.8279
2010-06-17,6.8277
2010-06-18,6.8275
2010-06-21,6.8275
2010-06-22,6.798
2010-06-23,6.8102
2010-06-24,6.81
2010-06-25,6.7896
2010-06-28,6.789
2010-06-29,6.7901
2010-06-30,6.7909
2010-07-01,6.7858
2010-07-02,6.772
2010-07-05,6.7733
2010-07-06,6.779
2010-07-07,6.7781
2010-07-08,6.7768
2010-07-09,6.7753
2010-07-12,6.7718
2010-07-13,6.7802
2010-07-14,6.7755
2010-07-15,6.7741
2010-07-16,6.7718
2010-07-19,6.78
2010-07-20,6.7812
2010-07-21,6.7802
2010-07-22,6.7859
2010-07-23,6.779
2010-07-26,6.7778
2010-07-27,6.7742
2010-07-28,6.7785
2010-07-29,6.7787
2010-07-30,6.775
2010-08-02,6.7742
2010-08-03,6.7722
2010-08-04,6.7715
2010-08-05,6.7783
2010-08-06,6.773
2010-08-09,6.7685
2010-08-10,6.7745
2010-08-11,6.7768
2010-08-12,6.8015
2010-08-13,6.8035
2010-08-16,6.8064
2010-08-17,6.7979
2010-08-18,6.7895
2010-08-19,6.7898
2010-08-20,6.7884
2010-08-23,6.7989
2010-08-24,6.7999
2010-08-25,6.8007
2010-08-26,6.8041
2010-08-27,6.8001
2010-08-30,6.8025
2010-08-31,6.8105
2010-09-01,6.8126
2010-09-02,6.8003
2010-09-03,6.7973
2010-09-06,6.7838
2010-09-07,6.7799
2010-09-08,6.7907
2010-09-09,6.7817
2010-09-10,6.7625
2010-09-13,6.7509
2010-09-14,6.7378
2010-09-15,6.725
2010-09-16,6.7181
2010-09-17,6.7172
2010-09-20,6.711
2010-09-21,6.6997
2010-09-27,6.7098
2010-09-28,6.7051
2010-09-29,6.6936
2010-09-30,6.7011
2010-10-08,6.683
2010-10-11,6.6732
2010-10-12,6.6775
2010-10-13,6.6693
2010-10-14,6.6582
2010-10-15,6.6497
2010-10-18,6.6541
2010-10-19,6.6553
2010-10-20,6.6754
2010-10-21,6.6695
2010-10-22,6.6759
2010-10-25,6.6729
2010-10-26,6.6762
2010-10-27,6.6912
2010-10-28,6.6986
2010-10-29,6.6908
2010-11-01,6.6886
2010-11-02,6.6925
2010-11-03,6.6818
2010-11-04,6.6708
2010-11-05,6.661
2010-11-08,6.6692
2010-11-09,6.658
2010-11-10,6.645
2010-11-11,6.6242
2010-11-12,6.6239
2010-11-15,6.6303
2010-11-16,6.6441
2010-11-17,6.649
2010-11-18,6.6455
2010-11-19,6.6408
2010-11-22,6.6389
2010-11-23,6.6469
2010-11-24,6.6589
2010-11-25,6.6557
2010-11-26,6.6553
2010-11-29,6.67
2010-11-30,6.6762
2010-12-01,6.6786
2010-12-02,6.6691
2010-12-03,6.6605
2010-12-06,6.6515
2010-12-07,6.6565
2010-12-08,6.6616
2010-12-09,6.6654
2010-12-10,6.6604
2010-12-13,6.663
2010-12-14,6.6531
2010-12-15,6.6566
2010-12-16,6.6635
2010-12-17,6.6593
2010-12-20,6.6623
2010-12-21,6.6597
2010-12-22,6.6548
2010-12-23,6.6466
2010-12-24,6.6371
2010-12-27,6.6305
2010-12-28,6.6252
2010-12-29,6.6247
2010-12-30,6.6229
2010-12-31,6.6227
2011-01-04,6.6215
2011-01-05,6.6295
2011-01-06,6.6322
2011-01-07,6.6341
2011-01-10,6.6349
2011-01-11,6.6216
2011-01-12,6.6128
2011-01-13,6.5997
2011-01-14,6.5896
2011-01-17,6.5897
2011-01-18,6.5891
2011-01-19,6.5885
2011-01-20,6.5883
2011-01-21,6.5886
2011-01-24,6.5883
2011-01-25,6.5881
2011-01-26,6.5878
2011-01-27,6.5876
2011-01-28,6.593
2011-01-31,6.5891
2011-02-01,6.586
2011-02-09,6.585
2011-02-10,6.5849
2011-02-11,6.5952
2011-02-14,6.5985
2011-02-15,6.5929
2011-02-16,6.5855
2011-02-17,6.58
2011-02-18,6.5781
2011-02-21,6.5705
2011-02-22,6.5772
2011-02-23,6.5828
2011-02-24,6.5795
2011-02-25,6.5757
2011-02-28,6.5752
2011-03-01,6.5706
2011-03-02,6.5736
2011-03-03,6.5695
2011-03-04,6.5671
2011-03-07,6.5651
2011-03-08,6.5687
2011-03-09,6.5748
2011-03-10,6.5713
2011-03-11,6.575
2011-03-14,6.5701
2011-03-15,6.5679
2011-03-16,6.5718
2011-03-17,6.569
2011-03-18,6.5668
2011-03-21,6.5632
2011-03-22,6.5592
2011-03-23,6.5601
2011-03-24,6.5625
2011-03-25,6.558
2011-03-28,6.5618
2011-03-29,6.5625
2011-03-30,6.5586
2011-03-31,6.5564
2011-04-01,6.5527
2011-04-06,6.5496
2011-04-07,6.5456
2011-04-08,6.542
2011-04-11,6.5401
2011-04-12,6.544
2011-04-13,6.5369
2011-04-14,6.5339
2011-04-15,6.5301
2011-04-18,6.531
2011-04-19,6.5346
2011-04-20,6.5294
2011-04-21,6.5228
2011-04-22,6.5156
2011-04-25,6.5161
2011-04-26,6.5173
2011-04-27,6.5096
2011-04-28,6.5051
2011-04-29,6.499
2011-05-03,6.5002
2011-05-04,6.5013
2011-05-05,6.5025
2011-05-06,6.5003
2011-05-09,6.4988
2011-05-10,6.495
2011-05-11,6.4948
2011-05-12,6.5005
2011-05-13,6.5017
2011-05-16,6.5089
2011-05-17,6.5108
2011-05-18,6.5074
2011-05-19,6.5048
2011-05-20,6.4983
2011-05-23,6.4998
2011-05-24,6.5038
2011-05-25,6.4949
2011-05-26,6.4921
2011-05-27,6.4898
2011-05-30,6.4856
2011-05-31,6.4845
2011-06-01,6.4837
2011-06-02,6.4886
2011-06-03,6.4846
2011-06-07,6.4816
2011-06-08,6.4795
2011-06-09,6.483
2011-06-10,6.4853
2011-06-13,6.4892
2011-06-14,6.4822
2011-06-15,6.4796
2011-06-16,6.4803
2011-06-17,6.4716
2011-06-20,6.4696
2011-06-21,6.469
2011-06-22,6.4683
2011-06-23,6.4736
2011-06-24,6.4742
2011-06-27,6.475
2011-06-28,6.4723
2011-06-29,6.4718
2011-06-30,6.4716
2011-07-01,6.4685
2011-07-04,6.4661
2011-07-05,6.465
2011-07-06,6.4715
2011-07-07,6.4732
2011-07-08,6.4705
2011-07-11,6.4709
2011-07-12,6.4748
2011-07-13,6.4728
2011-07-14,6.464
2011-07-15,6.4665
2011-07-18,6.468
2011-07-19,6.4684
2011-07-20,6.4592
2011-07-21,6.4536
2011-07-22,6.4495
2011-07-25,6.4503
2011-07-26,6.447
2011-07-27,6.4426
2011-07-28,6.4438
2011-07-29,6.4442
2011-08-01,6.4399
2011-08-02,6.4419
2011-08-03,6.4441
2011-08-04,6.4386
2011-08-05,6.4451
2011-08-08,6.4305
2011-08-09,6.4335
2011-08-10,6.4167
2011-08-11,6.3991
2011-08-12,6.3972
2011-08-15,6.395
2011-08-16,6.3925
2011-08-17,6.3996
2011-08-18,6.3942
2011-08-19,6.4032
2011-08-22,6.3997
2011-08-23,6.3987
2011-08-24,6.3896
2011-08-25,6.3936
2011-08-26,6.395
2011-08-29,6.3883
2011-08-30,6.3849
2011-08-31,6.3867
2011-09-01,6.3859
2011-09-02,6.3896
2011-09-05,6.3926
2011-09-06,6.3946
2011-09-07,6.3968
2011-09-08,6.3889
2011-09-09,6.3922
2011-09-13,6.3982
2011-09-14,6.3945
2011-09-15,6.3878
2011-09-16,6.3797
2011-09-19,6.3848
2011-09-20,6.388
2011-09-21,6.3772
2011-09-22,6.3808
2011-09-23,6.384
2011-09-26,6.3735
2011-09-27,6.376
2011-09-28,6.3623
2011-09-29,6.3665
2011-09-30,6.3549
2011-10-10,6.3586
2011-10-11,6.3483
2011-10-12,6.3598
2011-10-13,6.3737
2011-10-14,6.3762
2011-10-17,6.371
2011-10-18,6.3749
2011-10-19,6.3727
2011-10-20,6.3652
2011-10-21,6.3628
2011-10-24,6.3549
2011-10-25,6.3425
2011-10-26,6.3456
2011-10-27,6.3477
2011-10-28,6.329
2011-10-31,6.3233
2011-11-01,6.3293
2011-11-02,6.3297
2011-11-03,6.3198
2011-11-04,6.3165
2011-11-07,6.3212
2011-11-08,6.3247
2011-11-09,6.3207
2011-11-10,6.3329
2011-11-11,6.3317
2011-11-14,6.3301
2011-11-15,6.3436
2011-11-16,6.3509
2011-11-17,6.3553
2011-11-18,6.3548
2011-11-21,6.3522
2011-11-22,6.3555
2011-11-23,6.3498
2011-11-24,6.357
2011-11-25,6.3554
2011-11-28,6.3585
2011-11-29,6.3587
2011-11-30,6.3482
2011-12-01,6.3353
2011-12-02,6.331
2011-12-05,6.3349
2011-12-06,6.3334
2011-12-07,6.3342
2011-12-08,6.3319
2011-12-09,6.3352
2011-12-12,6.3297
2011-12-13,6.3359
2011-12-14,6.3396
2011-12-15,6.3421
2011-12-16,6.3352
2011-12-19,6.3303
2011-12-20,6.3351
2011-12-21,6.3248
2011-12-22,6.3253
2011-12-23,6.3209
2011-12-26,6.3167
2011-12-27,6.3152
2011-12-28,6.3146
2011-12-29,6.3157
2011-12-30,6.3009
2012-01-04,6.3001
2012-01-05,6.3115
2012-01-06,6.3166
2012-01-09,6.3236
2012-01-10,6.3171
2012-01-11,6.3155
2012-01-12,6.323
2012-01-13,6.3201
2012-01-16,6.3306
2012-01-17,6.325
2012-01-18,6.3205
2012-01-19,6.3173
2012-01-20,6.3138
2012-01-30,6.3056
2012-01-31,6.3115
2012-02-01,6.3103
2012-02-02,6.3075
2012-02-03,6.3102
2012-02-06,6.3108
2012-02-07,6.3116
2012-02-08,6.3027
2012-02-09,6.3009
2012-02-10,6.2937
2012-02-13,6.2939
2012-02-14,6.2947
2012-02-15,6.2958
2012-02-16,6.2991
2012-02-17,6.2951
2012-02-20,6.2938
2012-02-21,6.296
2012-02-22,6.2988
2012-02-23,6.3031
2012-02-24,6.2965
2012-02-27,6.2985
2012-02-28,6.2961
2012-02-29,6.2919
2012-03-01,6.3016
2012-03-02,6.298
2012-03-05,6.3121
2012-03-06,6.3141
2012-03-07,6.3213
2012-03-08,6.3235
2012-03-09,6.3073
2012-03-12,6.3282
2012-03-13,6.3259
2012-03-14,6.3328
2012-03-15,6.3359
2012-03-16,6.32
2012-03-19,6.3082
2012-03-20,6.3029
2012-03-21,6.3092
2012-03-22,6.3004
2012-03-23,6.2891
2012-03-26,6.2858
2012-03-27,6.284
2012-03-28,6.2912
2012-03-29,6.2932
2012-03-30,6.2943
2012-04-05,6.3035
2012-04-06,6.3072
2012-04-09,6.3021
2012-04-10,6.3048
2012-04-11,6.3018
2012-04-12,6.2984
2012-04-13,6.2879
2012-04-16,6.296
2012-04-17,6.2896
2012-04-18,6.2948
2012-04-19,6.3004
2012-04-20,6.3042
2012-04-23,6.297
2012-04-24,6.3003
2012-04-25,6.2923
2012-04-26,6.2829
2012-04-27,6.2787
2012-05-02,6.267
2012-05-03,6.2697
2012-05-04,6.2721
2012-05-07,6.2858
2012-05-08,6.2804
2012-05-09,6.2865
2012-05-10,6.2941
2012-05-11,6.2952
2012-05-14,6.304
2012-05-15,6.311
2012-05-16,6.3205
2012-05-17,6.3233
2012-05-18,6.3209
2012-05-21,6.3116
2012-05-22,6.3077
2012-05-23,6.3208
2012-05-24,6.3247
2012-05-25,6.326
2012-05-28,6.3236
2012-05-29,6.3262
2012-05-30,6.3297
2012-05-31,6.3355
2012-06-01,6.3308
2012-06-05,6.3225
2012-06-06,6.3261
2012-06-07,6.317
2012-06-08,6.3188
2012-06-11,6.3169
2012-06-12,6.3292
2012-06-13,6.3271
2012-06-14,6.3191
2012-06-15,6.3089
2012-06-18,6.3005
2012-06-19,6.3016
2012-06-20,6.3004
2012-06-21,6.304
2012-06-25,6.323
2012-06-26,6.3211
2012-06-27,6.3173
2012-06-28,6.319
2012-06-29,6.3249
2012-07-02,6.3146
2012-07-03,6.3178
2012-07-04,6.3121
2012-07-05,6.3193
2012-07-06,6.3249
2012-07-09,6.3293
2012-07-10,6.3195
2012-07-11,6.3209
2012-07-12,6.3215
2012-07-13,6.3247
2012-07-16,6.3208
2012-07-17,6.3167
2012-07-18,6.314
2012-07-19,6.3126
2012-07-20,6.3112
2012-07-23,6.327
2012-07-24,6.3339
2012-07-25,6.3429
2012-07-26,6.3381
2012-07-27,6.3325
2012-07-30,6.3303
2012-07-31,6.332
2012-08-01,6.3305
2012-08-02,6.3392
2012-08-03,6.3421
2012-08-06,6.3353
2012-08-07,6.3332
2012-08-08,6.3378
2012-08-09,6.3387
2012-08-10,6.3447
2012-08-13,6.3456
2012-08-14,6.3443
2012-08-15,6.3482
2012-08-16,6.3495
2012-08-17,6.3449
2012-08-20,6.3478
2012-08-21,6.3418
2012-08-22,6.3348
2012-08-23,6.3316
2012-08-24,6.3305
2012-08-27,6.3392
2012-08-28,6.3411
2012-08-29,6.3391
2012-08-30,6.3435
2012-08-31,6.3449
2012-09-03,6.3415
2012-09-04,6.3402
2012-09-05,6.346
2012-09-06,6.3439
2012-09-07,6.3412
2012-09-10,6.3375
2012-09-11,6.3391
2012-09-12,6.3355
2012-09-13,6.3338
2012-09-14,6.3317
2012-09-17,6.3295
2012-09-18,6.3353
2012-09-19,6.3392
2012-09-20,6.338
2012-09-21,6.3426
2012-09-24,6.3411
2012-09-25,6.343
2012-09-26,6.3443
2012-09-27,6.3459
2012-09-28,6.341
2012-10-08,6.3426
2012-10-09,6.3441
2012-10-10,6.3449
2012-10-11,6.3391
2012-10-12,6.3264
2012-10-15,6.3112
2012-10-16,6.3106
2012-10-17,6.3028
2012-10-18,6.3021
2012-10-19,6.3052
2012-10-22,6.3071
2012-10-23,6.3078
2012-10-24,6.3081
2012-10-25,6.3047
2012-10-26,6.301
2012-10-29,6.2992
2012-10-30,6.3028
2012-10-31,6.3002
2012-11-01,6.3017
2012-11-02,6.3045
2012-11-05,6.3082
2012-11-06,6.3078
2012-11-07,6.3067
2012-11-08,6.306
2012-11-09,6.3012
2012-11-12,6.292
2012-11-13,6.2891
2012-11-14,6.2881
2012-11-15,6.2905
2012-11-16,6.2945
2012-11-19,6.2975
2012-11-20,6.2926
2012-11-21,6.2908
2012-11-22,6.2918
2012-11-23,6.2906
2012-11-26,6.2884
2012-11-27,6.2852
2012-11-28,6.2902
2012-11-29,6.291
2012-11-30,6.2892
2012-12-03,6.2908
2012-12-04,6.2885
2012-12-05,6.2871
2012-12-06,6.2911
2012-12-07,6.293
2012-12-10,6.2922
2012-12-11,6.2906
2012-12-12,6.2883
2012-12-13,6.2887
2012-12-14,6.2923
2012-12-17,6.2892
2012-12-18,6.288
2012-12-19,6.2865
2012-12-20,6.2877
2012-12-21,6.2881
2012-12-24,6.2913
2012-12-25,6.2931
2012-12-26,6.2943
2012-12-27,6.2949
2012-12-28,6.2896
2012-12-31,6.2855
2013-01-04,6.2897
2013-01-07,6.2872
2013-01-08,6.2804
2013-01-09,6.2814
2013-01-10,6.2793
2013-01-11,6.2712
2013-01-14,6.2695
2013-01-15,6.2691
2013-01-16,6.2745
2013-01-17,6.2767
2013-01-18,6.2752
2013-01-21,6.279
2013-01-22,6.2796
2013-01-23,6.2762
2013-01-24,6.2783
2013-01-25,6.2805
2013-01-28,6.2818
2013-01-29,6.2851
2013-01-30,6.2806
2013-01-31,6.2795
2013-02-01,6.2819
2013-02-04,6.286
2013-02-05,6.285
2013-02-06,6.2881
2013-02-07,6.2898
2013-02-18,6.2816
2013-02-19,6.2821
2013-02-20,6.2804
2013-02-21,6.2846
2013-02-22,6.2871
2013-02-25,6.2892
2013-02-26,6.2856
2013-02-27,6.2842
2013-02-28,6.2779
2013-03-01,6.2798
2013-03-04,6.2822
2013-03-05,6.2797
2013-03-06,6.2745
2013-03-07,6.2785
2013-03-08,6.2719
2013-03-11,6.2769
2013-03-12,6.2746
2013-03-13,6.2726
2013-03-14,6.2752
2013-03-15,6.2723
2013-03-18,6.2741
2013-03-19,6.2758
2013-03-20,6.2716
2013-03-21,6.2731
2013-03-22,6.2711
2013-03-25,6.2692
2013-03-26,6.2715
2013-03-27,6.2727
2013-03-28,6.2742
2013-03-29,6.2689
2013-04-01,6.2674
2013-04-02,6.2586
2013-04-03,6.2609
2013-04-08,6.265
2013-04-09,6.2639
2013-04-10,6.2548
2013-04-11,6.2578
2013-04-12,6.2506
2013-04-15,6.2454
2013-04-16,6.2408
2013-04-17,6.2342
2013-04-18,6.2416
2013-04-19,6.2395
2013-04-22,6.2415
2013-04-23,6.236
2013-04-24,6.2384
2013-04-25,6.23
2013-04-26,6.2208
2013-05-02,6.2082
2013-05-03,6.2152
2013-05-06,6.2114
2013-05-07,6.2083
2013-05-08,6.198
2013-05-09,6.1925
2013-05-10,6.2016
2013-05-13,6.2072
2013-05-14,6.2035
2013-05-15,6.207
2013-05-16,6.2096
2013-05-17,6.1997
2013-05-20,6.1998
2013-05-21,6.1911
2013-05-22,6.1904
2013-05-23,6.1947
2013-05-24,6.1867
2013-05-27,6.1811
2013-05-28,6.1818
2013-05-29,6.1856
2013-05-30,6.182
2013-05-31,6.1796
2013-06-03,6.1806
2013-06-04,6.1735
2013-06-05,6.1757
2013-06-06,6.1737
2013-06-07,6.162
2013-06-13,6.1612
2013-06-14,6.1607
2013-06-17,6.1598
2013-06-18,6.1651
2013-06-19,6.1677
2013-06-20,6.1698
2013-06-21,6.1766
2013-06-24,6.1807
2013-06-25,6.1767
2013-06-26,6.1779
2013-06-27,6.1797
2013-06-28,6.1787
2013-07-01,6.1805
2013-07-02,6.1773
2013-07-03,6.1803
2013-07-04,6.1755
2013-07-05,6.179
2013-07-08,6.1807
2013-07-09,6.173
2013-07-10,6.1652
2013-07-11,6.1599
2013-07-12,6.1631
2013-07-15,6.1663
2013-07-16,6.1692
2013-07-17,6.1652
2013-07-18,6.172
2013-07-19,6.1751
2013-07-22,6.1721
2013-07-23,6.1702
2013-07-24,6.1695
2013-07-25,6.1759
2013-07-26,6.172
2013-07-29,6.1705
2013-07-30,6.177
2013-07-31,6.1788
2013-08-01,6.1778
2013-08-02,6.1817
2013-08-05,6.1767
2013-08-06,6.1753
2013-08-07,6.1726
2013-08-08,6.1703
2013-08-09,6.1668
2013-08-12,6.1665
2013-08-13,6.1705
2013-08-14,6.172
2013-08-15,6.1696
2013-08-16,6.1666
2013-08-19,6.169
2013-08-20,6.1697
2013-08-21,6.1675
2013-08-22,6.1698
2013-08-23,6.171
2013-08-26,6.168
2013-08-27,6.1688
2013-08-28,6.1667
2013-08-29,6.169
2013-08-30,6.1709
2013-09-02,6.1702
2013-09-03,6.1718
2013-09-04,6.1729
2013-09-05,6.1696
2013-09-06,6.1728
2013-09-09,6.1642
2013-09-10,6.1612
2013-09-11,6.1601
2013-09-12,6.1575
2013-09-13,6.1578
2013-09-16,6.1554
2013-09-17,6.1571
2013-09-18,6.1557
2013-09-23,6.1475
2013-09-24,6.1485
2013-09-25,6.1497
2013-09-26,6.1477
2013-09-27,6.1495
2013-09-30,6.148
2013-10-08,6.1415
2013-10-09,6.143
2013-10-10,6.1452
2013-10-11,6.1458
2013-10-14,6.1406
2013-10-15,6.1412
2013-10-16,6.1408
2013-10-17,6.1431
2013-10-18,6.1372
2013-10-21,6.1352
2013-10-22,6.1395
2013-10-23,6.133
2013-10-24,6.1335
2013-10-25,6.1333
2013-10-28,6.1336
2013-10-29,6.1373
2013-10-30,6.1412
2013-10-31,6.1425
2013-11-01,6.1452
2013-11-04,6.1482
2013-11-05,6.1447
2013-11-06,6.1475
2013-11-07,6.145
2013-11-08,6.1355
2013-11-11,6.139
2013-11-12,6.136
2013-11-13,6.1342
2013-11-14,6.1315
2013-11-15,6.1351
2013-11-18,6.1332
2013-11-19,6.1317
2013-11-20,6.1305
2013-11-21,6.1366
2013-11-22,6.138
2013-11-25,6.1342
2013-11-26,6.1357
2013-11-27,6.133
2013-11-28,6.1343
2013-11-29,6.1325
2013-12-02,6.1329
2013-12-03,6.1352
2013-12-04,6.13
2013-12-05,6.131
2013-12-06,6.1232
2013-12-09,6.113
2013-12-10,6.1114
2013-12-11,6.11
2013-12-12,6.1115
2013-12-13,6.1148
2013-12-16,6.1124
2013-12-17,6.1108
2013-12-18,6.1105
2013-12-19,6.1183
2013-12-20,6.1196
2013-12-23,6.1161
2013-12-24,6.1145
2013-12-25,6.116
2013-12-26,6.1156
2013-12-27,6.105
2013-12-30,6.1024
2013-12-31,6.0969
2014-01-02,6.099
2014-01-03,6.1039
2014-01-06,6.1059
2014-01-07,6.1042
2014-01-08,6.1079
2014-01-09,6.1109
2014-01-10,6.1008
2014-01-13,6.095
2014-01-14,6.093
2014-01-15,6.1005
2014-01-16,6.1065
2014-01-17,6.1041
2014-01-20,6.1083
2014-01-21,6.1066
2014-01-22,6.1087
2014-01-23,6.1107
2014-01-24,6.1035
2014-01-27,6.1022
2014-01-28,6.1053
2014-01-29,6.1073
2014-01-30,6.105
2014-02-07,6.1089
2014-02-10,6.1083
2014-02-11,6.1069
2014-02-12,6.1078
2014-02-13,6.11
2014-02-14,6.107
2014-02-17,6.1053
2014-02-18,6.1073
2014-02-19,6.1103
2014-02-20,6.1146
2014-02-21,6.1176
2014-02-24,6.1189
2014-02-25,6.1184
2014-02-26,6.1192
2014-02-27,6.1224
2014-02-28,6.1214
2014-03-03,6.119
2014-03-04,6.1236
2014-03-05,6.1257
2014-03-06,6.1249
2014-03-07,6.1201
2014-03-10,6.1312
2014-03-11,6.1327
2014-03-12,6.1343
2014-03-13,6.132
2014-03-14,6.1346
2014-03-17,6.1321
2014-03-18,6.1341
2014-03-19,6.1351
2014-03-20,6.146
2014-03-21,6.1475
2014-03-24,6.1452
2014-03-25,6.1426
2014-03-26,6.144
2014-03-27,6.1465
2014-03-28,6.149
2014-03-31,6.1521
2014-04-01,6.1503
2014-04-02,6.1493
2014-04-03,6.152
2014-04-04,6.1557
2014-04-08,6.1527
2014-04-09,6.149
2014-04-10,6.151
2014-04-11,6.1495
2014-04-14,6.1531
2014-04-15,6.1571
2014-04-16,6.1589
2014-04-17,6.1575
2014-04-18,6.1586
2014-04-21,6.1591
2014-04-22,6.161
2014-04-23,6.1599
2014-04-24,6.1589
2014-04-25,6.1576
2014-04-28,6.1565
2014-04-29,6.1556
2014-04-30,6.158
2014-05-05,6.156
2014-05-06,6.1565
2014-05-07,6.1542
2014-05-08,6.1557
2014-05-09,6.1581
2014-05-12,6.1625
2014-05-13,6.1636
2014-05-14,6.1653
2014-05-15,6.164
2014-05-16,6.1628
2014-05-19,6.1636
2014-05-20,6.1626
2014-05-21,6.1645
2014-05-22,6.1658
2014-05-23,6.1681
2014-05-26,6.1699
2014-05-27,6.1687
2014-05-28,6.1694
2014-05-29,6.1705
2014-05-30,6.1695
2014-06-03,6.171
2014-06-04,6.1693
2014-06-05,6.1708
2014-06-06,6.1623
2014-06-09,6.1485
2014-06-10,6.1451
2014-06-11,6.1506
2014-06-12,6.1516
2014-06-13,6.1503
2014-06-16,6.1537
2014-06-17,6.1529
2014-06-18,6.1559
2014-06-19,6.1531
2014-06-20,6.1524
2014-06-23,6.1557
2014-06-24,6.1545
2014-06-25,6.1555
2014-06-26,6.1538
2014-06-27,6.1543
2014-06-30,6.1528
2014-07-01,6.1523
2014-07-02,6.1549
2014-07-03,6.1581
2014-07-04,6.1642
2014-07-07,6.1658
2014-07-08,6.1626
2014-07-09,6.1565
2014-07-10,6.1443
2014-07-11,6.1469
2014-07-14,6.1485
2014-07-15,6.149
2014-07-16,6.1535
2014-07-17,6.1564
2014-07-18,6.1568
2014-07-21,6.1547
2014-07-22,6.1544
2014-07-23,6.1572
2014-07-24,6.1579
2014-07-25,6.1597
2014-07-28,6.1622
2014-07-29,6.1615
2014-07-30,6.1645
2014-07-31,6.1675
2014-08-01,6.1681
2014-08-04,6.1661
2014-08-05,6.1655
2014-08-06,6.1681
2014-08-07,6.167
2014-08-08,6.1562
2014-08-11,6.1522
2014-08-12,6.1517
2014-08-13,6.1533
2014-08-14,6.1545
2014-08-15,6.1538
2014-08-18,6.1528
2014-08-19,6.1548
2014-08-20,6.158
2014-08-21,6.1632
2014-08-22,6.1617
2014-08-25,6.1653
2014-08-26,6.1663
2014-08-27,6.1658
2014-08-28,6.1638
2014-08-29,6.1647
2014-09-01,6.168
2014-09-02,6.1684
2014-09-03,6.1697
2014-09-04,6.1666
2014-09-05,6.1707
2014-09-09,6.152
2014-09-10,6.1425
2014-09-11,6.1453
2014-09-12,6.1468
2014-09-15,6.1452
2014-09-16,6.1462
2014-09-17,6.145
2014-09-18,6.149
2014-09-19,6.1455
2014-09-22,6.1485
2014-09-23,6.147
2014-09-24,6.1462
2014-09-25,6.1497
2014-09-26,6.1508
2014-09-29,6.1539
2014-09-30,6.1525
2014-10-08,6.1493
2014-10-09,6.1461
2014-10-10,6.147
2014-10-13,6.1446
2014-10-14,6.1408
2014-10-15,6.1455
2014-10-16,6.1395
2014-10-17,6.1407
2014-10-20,6.1435
2014-10-21,6.141
2014-10-22,6.1437
2014-10-23,6.1459
2014-10-24,6.1467
2014-10-27,6.1446
2014-10-28,6.1421
2014-10-29,6.1405
2014-10-30,6.1457
2014-10-31,6.1461
2014-11-03,6.1525
2014-11-04,6.1543
2014-11-05,6.1503
2014-11-06,6.1565
2014-11-07,6.1602
2014-11-10,6.1377
2014-11-11,6.1413
2014-11-12,6.1428
2014-11-13,6.1418
2014-11-14,6.1399
2014-11-17,6.1409
2014-11-18,6.143
2014-11-19,6.1397
2014-11-20,6.1417
2014-11-21,6.1387
2014-11-24,6.142
2014-11-25,6.139
2014-11-26,6.1354
2014-11-27,6.132
2014-11-28,6.1345
2014-12-01,6.1369
2014-12-02,6.1325
2014-12-03,6.1376
2014-12-04,6.1411
2014-12-05,6.1373
2014-12-08,6.1282
2014-12-09,6.1231
2014-12-10,6.1195
2014-12-11,6.1153
2014-12-12,6.1184
2014-12-15,6.1152
2014-12-16,6.1182
2014-12-17,6.1137
2014-12-18,6.1195
2014-12-19,6.1205
2014-12-22,6.122
2014-12-23,6.123
2014-12-24,6.1247
2014-12-25,6.1213
2014-12-26,6.1186
2014-12-29,6.1205
2014-12-30,6.1224
2014-12-31,6.119
2015-01-05,6.1248
2015-01-06,6.1256
2015-01-07,6.1269
2015-01-08,6.1302
2015-01-09,6.1296
2015-01-12,6.1233
2015-01-13,6.1195
2015-01-14,6.1205
2015-01-15,6.1193
2015-01-16,6.1188
2015-01-19,6.123
2015-01-20,6.1226
2015-01-21,6.1268
2015-01-22,6.1247
2015-01-23,6.1342
2015-01-26,6.1384
2015-01-27,6.1364
2015-01-28,6.1282
2015-01-29,6.1335
2015-01-30,6.137
2015-02-02,6.1385
2015-02-03,6.1369
2015-02-04,6.1318
2015-02-05,6.1366
2015-02-06,6.1261
2015-02-09,6.1311
2015-02-10,6.1295
2015-02-11,6.1315
2015-02-12,6.1333
2015-02-13,6.1288
2015-02-16,6.1273
2015-02-17,6.133
2015-02-25,6.1384
2015-02-26,6.1379
2015-02-27,6.1475
2015-03-02,6.1513
2015-03-03,6.1543
2015-03-04,6.1525
2015-03-05,6.1528
2015-03-06,6.1533
2015-03-09,6.1563
2015-03-10,6.1572
2015-03-11,6.1597
2015-03-12,6.1617
2015-03-13,6.1588
2015-03-16,6.1615
2015-03-17,6.1585
2015-03-18,6.1556
2015-03-19,6.146
2015-03-20,6.1496
2015-03-23,6.1448
2015-03-24,6.1398
2015-03-25,6.141
2015-03-26,6.1375
2015-03-27,6.1397
2015-03-30,6.1402
2015-03-31,6.1422
2015-04-01,6.1434
2015-04-02,6.1396
2015-04-03,6.1348
2015-04-07,6.1305
2015-04-08,6.1345
2015-04-09,6.1338
2015-04-10,6.137
2015-04-13,6.1395
2015-04-14,6.1407
2015-04-15,6.134
2015-04-16,6.1305
2015-04-17,6.1267
2015-04-20,6.1255
2015-04-21,6.128
2015-04-22,6.129
2015-04-23,6.1281
2015-04-24,6.1241
2015-04-27,6.122
2015-04-28,6.1209
2015-04-29,6.1169
2015-04-30,6.1137
2015-05-04,6.1165
2015-05-05,6.118
2015-05-06,6.1156
2015-05-07,6.1113
2015-05-08,6.1147
2015-05-11,6.1132
2015-05-12,6.1155
2015-05-13,6.1123
2015-05-14,6.1093
2015-05-15,6.1085
2015-05-18,6.1079
2015-05-19,6.1098
2015-05-20,6.1125
2015-05-21,6.1139
2015-05-22,6.1131
2015-05-25,6.1165
2015-05-26,6.1172
2015-05-27,6.1198
2015-05-28,6.1202
2015-05-29,6.1196
2015-06-01,6.1207
2015-06-02,6.1225
2015-06-03,6.1176
2015-06-04,6.1164
2015-06-05,6.1181
2015-06-08,6.1205
2015-06-09,6.1179
2015-06-10,6.1173
2015-06-11,6.115
2015-06-12,6.1167
2015-06-15,6.1169
2015-06-16,6.1155
2015-06-17,6.1158
2015-06-18,6.1126
2015-06-19,6.1104
2015-06-23,6.1119
2015-06-24,6.1142
2015-06-25,6.1148
2015-06-26,6.1137
2015-06-29,6.1168
2015-06-30,6.1136
2015-07-01,6.1149
2015-07-02,6.1171
2015-07-03,6.116
2015-07-06,6.1172
2015-07-07,6.1166
2015-07-08,6.1175
2015-07-09,6.1151
2015-07-10,6.1153
2015-07-13,6.1133
2015-07-14,6.1165
2015-07-15,6.1152
2015-07-16,6.1173
2015-07-17,6.1192
2015-07-20,6.1197
2015-07-21,6.1199
2015-07-22,6.1168
2015-07-23,6.1172
2015-07-24,6.1169
2015-07-27,6.1176
2015-07-28,6.1154
2015-07-29,6.115
2015-07-30,6.1165
2015-07-31,6.1172
2015-08-03,6.1169
2015-08-04,6.1177
2015-08-05,6.1186
2015-08-06,6.1181
2015-08-07,6.1174
2015-08-10,6.1162
2015-08-11,6.2298
2015-08-12,6.3306
2015-08-13,6.401
2015-08-14,6.3975
2015-08-17,6.3969
2015-08-18,6.3966
2015-08-19,6.3963
2015-08-20,6.3915
2015-08-21,6.3864
2015-08-24,6.3862
2015-08-25,6.3987
2015-08-26,6.4043
2015-08-27,6.4085
2015-08-28,6.3986
2015-08-31,6.3893
2015-09-01,6.3752
2015-09-02,6.3619
2015-09-07,6.3584
2015-09-08,6.3639
2015-09-09,6.3632
2015-09-10,6.3772
2015-09-11,6.3719
2015-09-14,6.3709
2015-09-15,6.3665
2015-09-16,6.3712
2015-09-17,6.367
2015-09-18,6.3607
2015-09-21,6.3676
2015-09-22,6.3721
2015-09-23,6.3773
2015-09-24,6.3791
2015-09-25,6.3785
2015-09-28,6.3729
2015-09-29,6.366
2015-09-30,6.3613
2015-10-08,6.3505
2015-10-09,6.3493
2015-10-12,6.3406
2015-10-13,6.3231
2015-10-14,6.3408
2015-10-15,6.3402
2015-10-16,6.3436
2015-10-19,6.3527
2015-10-20,6.3614
2015-10-21,6.3473
2015-10-22,6.3497
2015-10-23,6.3595
2015-10-26,6.3549
2015-10-27,6.3494
2015-10-28,6.3536
2015-10-29,6.3596
2015-10-30,6.3495
2015-11-02,6.3154
2015-11-03,6.331
2015-11-04,6.3343
2015-11-05,6.3381
2015-11-06,6.3459
2015-11-09,6.3578
2015-11-10,6.3602
2015-11-11,6.3614
2015-11-12,6.3628
2015-11-13,6.3655
2015-11-16,6.375
2015-11-17,6.374
2015-11-18,6.3796
2015-11-19,6.3791
2015-11-20,6.378
2015-11-23,6.3867
2015-11-24,6.3888
2015-11-25,6.3877
2015-11-26,6.3896
2015-11-27,6.3915
2015-11-30,6.3962
2015-12-01,6.3973
2015-12-02,6.3958
2015-12-03,6.3982
2015-12-04,6.3851
2015-12-07,6.3985
2015-12-08,6.4078
2015-12-09,6.414
2015-12-10,6.4236
2015-12-11,6.4358
2015-12-14,6.4495
2015-12-15,6.4559
2015-12-16,6.4626
2015-12-17,6.4757
2015-12-18,6.4814
2015-12-21,6.4753
2015-12-22,6.4746
2015-12-23,6.4731
2015-12-24,6.4755
2015-12-25,6.4713
2015-12-28,6.475
2015-12-29,6.4864
2015-12-30,6.4895
2015-12-31,6.4936
2016-01-04,6.5032
2016-01-05,6.5169
2016-01-06,6.5314
2016-01-07,6.5646
2016-01-08,6.5636
2016-01-11,6.5626
2016-01-12,6.5628
2016-01-13,6.563
2016-01-14,6.5616
2016-01-15,6.5637
2016-01-18,6.559
2016-01-19,6.5596
2016-01-20,6.5578
2016-01-21,6.5585
2016-01-22,6.5572
2016-01-25,6.5557
2016-01-26,6.5548
2016-01-27,6.5533
2016-01-28,6.5528
2016-01-29,6.5516
2016-02-01,6.5539
2016-02-02,6.551
2016-02-03,6.5521
2016-02-04,6.5419
2016-02-05,6.5314
2016-02-15,6.5118
2016-02-16,6.513
2016-02-17,6.5237
2016-02-18,6.5152
2016-02-19,6.5186
2016-02-22,6.5165
2016-02-23,6.5273
2016-02-24,6.5302
2016-02-25,6.5318
2016-02-26,6.5338
2016-02-29,6.5452
2016-03-01,6.5385
2016-03-02,6.549
2016-03-03,6.5412
2016-03-04,6.5284
2016-03-07,6.5113
2016-03-08,6.5041
2016-03-09,6.5106
2016-03-10,6.5127
2016-03-11,6.4905
2016-03-14,6.4913
2016-03-15,6.5079
2016-03-16,6.5172
2016-03-17,6.4961
2016-03-18,6.4628
2016-03-21,6.4824
2016-03-22,6.4971
2016-03-23,6.4936
2016-03-24,6.515
2016-03-25,6.5223
2016-03-28,6.5232
2016-03-29,6.506
2016-03-30,6.4841
2016-03-31,6.4612
2016-04-01,6.4585
2016-04-05,6.4663
2016-04-06,6.4754
2016-04-07,6.4707
2016-04-08,6.4733
2016-04-11,6.4649
2016-04-12,6.4616
2016-04-13,6.4591
2016-04-14,6.4891
2016-04-15,6.4908
2016-04-18,6.4787
2016-04-19,6.47
2016-04-20,6.4579
2016-04-21,6.4803
2016-04-22,6.4898
2016-04-25,6.512
2016-04-26,6.4882
2016-04-27,6.4837
2016-04-28,6.4954
2016-04-29,6.4589
2016-05-03,6.4565
2016-05-04,6.4943
2016-05-05,6.5128
2016-05-06,6.5202
2016-05-09,6.5105
2016-05-10,6.5233
2016-05-11,6.5209
2016-05-12,6.4959
2016-05-13,6.5246
2016-05-16,6.5343
2016-05-17,6.52
2016-05-18,6.5216
2016-05-19,6.5531
2016-05-20,6.551
2016-05-23,6.5455
2016-05-24,6.5468
2016-05-25,6.5693
2016-05-26,6.5552
2016-05-27,6.549
2016-05-30,6.5784
2016-05-31,6.579
2016-06-01,6.5889
2016-06-02,6.5688
2016-06-03,6.5793
2016-06-06,6.5497
2016-06-07,6.5618
2016-06-08,6.5593
2016-06-13,6.5805
2016-06-14,6.5791
2016-06-15,6.6001
2016-06-16,6.5739
2016-06-17,6.5795
2016-06-20,6.5708
2016-06-21,6.5656
2016-06-22,6.5935
2016-06-23,6.5658
2016-06-24,6.5776
2016-06-27,6.6375
2016-06-28,6.6528
2016-06-29,6.6324
2016-06-30,6.6312
2016-07-01,6.6496
2016-07-04,6.6472
2016-07-05,6.6594
2016-07-06,6.6857
2016-07-07,6.682
2016-07-08,6.6853
2016-07-11,6.6843
2016-07-12,6.695
2016-07-13,6.6891
2016-07-14,6.6846
2016-07-15,6.6805
2016-07-18,6.6961
2016-07-19,6.6971
2016-07-20,6.6946
2016-07-21,6.6872
2016-07-22,6.6669
2016-07-25,6.686
2016-07-26,6.6778
2016-07-27,6.6671
2016-07-28,6.6597
2016-07-29,6.6511
2016-08-01,6.6277
2016-08-02,6.6451
2016-08-03,6.6195
2016-08-04,6.6444
2016-08-05,6.6406
2016-08-08,6.6615
2016-08-09,6.6594
2016-08-10,6.653
2016-08-11,6.6255
2016-08-12,6.6543
2016-08-15,6.643
2016-08-16,6.6305
2016-08-17,6.6056
2016-08-18,6.6273
2016-08-19,6.6211
2016-08-22,6.6652
2016-08-23,6.6586
2016-08-24,6.642
2016-08-25,6.6602
2016-08-26,6.6488
2016-08-29,6.6856
2016-08-30,6.6812
2016-08-31,6.6908
2016-09-01,6.6784
2016-09-02,6.6727
2016-09-05,6.6873
2016-09-06,6.6676
2016-09-07,6.6555
2016-09-08,6.662
2016-09-09,6.6684
2016-09-12,6.6908
2016-09-13,6.6726
2016-09-14,6.6895
2016-09-19,6.6786
2016-09-20,6.6595
2016-09-21,6.6738
2016-09-22,6.6513
2016-09-23,6.667
2016-09-26,6.6744
2016-09-27,6.6646
2016-09-28,6.6681
2016-09-29,6.67
2016-09-30,6.6778
2016-10-10,6.7008
2016-10-11,6.7098
2016-10-12,6.7258
2016-10-13,6.7296
2016-10-14,6.7157
2016-10-17,6.7379
2016-10-18,6.7303
2016-10-19,6.7326
2016-10-20,6.7311
2016-10-21,6.7558
2016-10-24,6.769
2016-10-25,6.7744
2016-10-26,6.7705
2016-10-27,6.7736
2016-10-28,6.7858
2016-10-31,6.7641
2016-11-01,6.7734
2016-11-02,6.7562
2016-11-03,6.7491
2016-11-04,6.7514
2016-11-07,6.7725
2016-11-08,6.7817
2016-11-09,6.7832
2016-11-10,6.7885
2016-11-11,6.8115
2016-11-14,6.8291
2016-11-15,6.8495
2016-11-16,6.8592
2016-11-17,6.8692
2016-11-18,6.8796
2016-11-21,6.8985
2016-11-22,6.8779
2016-11-23,6.8904
2016-11-24,6.9085
2016-11-25,6.9168
2016-11-28,6.9042
2016-11-29,6.8889
2016-11-30,6.8865
2016-12-01,6.8958
2016-12-02,6.8794
2016-12-05,6.887
2016-12-06,6.8575
2016-12-07,6.8808
2016-12-08,6.8731
2016-12-09,6.8972
2016-12-12,6.9086
2016-12-13,6.8934
2016-12-14,6.9028
2016-12-15,6.9289
2016-12-16,6.9508
2016-12-19,6.9312
2016-12-20,6.9468
2016-12-21,6.9489
2016-12-22,6.9435
2016-12-23,6.9463
2016-12-26,6.9459
2016-12-27,6.9462
2016-12-28,6.9495
2016-12-29,6.9497
2016-12-30,6.937
2017-01-03,6.9498
2017-01-04,6.9526
2017-01-05,6.9307
2017-01-06,6.8668
2017-01-09,6.9262
2017-01-10,6.9234
2017-01-11,6.9235
2017-01-12,6.9141
2017-01-13,6.8909
2017-01-16,6.8874
2017-01-17,6.8992
2017-01-18,6.8525
2017-01-19,6.8568
2017-01-20,6.8693
2017-01-23,6.8572
2017-01-24,6.8331
2017-01-25,6.8596
2017-01-26,6.8588
2017-02-03,6.8556
2017-02-06,6.8606
2017-02-07,6.8604
2017-02-08,6.8849
2017-02-09,6.871
2017-02-10,6.8819
2017-02-13,6.8898
2017-02-14,6.8806
2017-02-15,6.8632
2017-02-16,6.8629
2017-02-17,6.8456
2017-02-20,6.8743
2017-02-21,6.879
2017-02-22,6.883
2017-02-23,6.8695
2017-02-24,6.8655
2017-02-27,6.8814
2017-02-28,6.875
2017-03-01,6.8798
2017-03-02,6.8809
2017-03-03,6.8896
2017-03-06,6.879
2017-03-07,6.8957
2017-03-08,6.9032
2017-03-09,6.9125
2017-03-10,6.9123
2017-03-13,6.8988
2017-03-14,6.9118
2017-03-15,6.9115
2017-03-16,6.8862
2017-03-17,6.8873
2017-03-20,6.8998
2017-03-21,6.9071
2017-03-22,6.8889
2017-03-23,6.8856
2017-03-24,6.8845
2017-03-27,6.8701
2017-03-28,6.8782
2017-03-29,6.8915
2017-03-30,6.8889
2017-03-31,6.8993
2017-04-05,6.8906
2017-04-06,6.893
2017-04-07,6.8949
2017-04-10,6.9042
2017-04-11,6.8957
2017-04-12,6.894
2017-04-13,6.8651
2017-04-14,6.874
2017-04-17,6.8785
2017-04-18,6.8849
2017-04-19,6.8664
2017-04-20,6.8792
2017-04-21,6.8823
2017-04-24,6.8673
2017-04-25,6.8833
2017-04-26,6.8845
2017-04-27,6.8896
2017-04-28,6.8931
2017-05-02,6.8956
2017-05-03,6.8892
2017-05-04,6.8957
2017-05-05,6.8884
2017-05-08,6.8947
2017-05-09,6.9037
2017-05-10,6.9066
2017-05-11,6.9051
2017-05-12,6.8948
2017-05-15,6.8852
2017-05-16,6.879
2017-05-17,6.8635
2017-05-18,6.8612
2017-05-19,6.8786
2017-05-22,6.8673
2017-05-23,6.8661
2017-05-24,6.8758
2017-05-25,6.8695
2017-05-26,6.8698
2017-05-31,6.8633
2017-06-01,6.809
2017-06-02,6.807
2017-06-05,6.7935
2017-06-06,6.7934
2017-06-07,6.7858
2017-06-08,6.793
2017-06-09,6.7971
2017-06-12,6.7948
2017-06-13,6.7954
2017-06-14,6.7939
2017-06-15,6.7852
2017-06-16,6.7995
2017-06-19,6.7972
2017-06-20,6.8096
2017-06-21,6.8193
2017-06-22,6.8197
2017-06-23,6.8238
2017-06-26,6.822
2017-06-27,6.8292
2017-06-28,6.8053
2017-06-29,6.794
2017-06-30,6.7744
2017-07-03,6.7772
2017-07-04,6.7889
2017-07-05,6.7922
2017-07-06,6.7953
2017-07-07,6.7914
2017-07-10,6.7964
2017-07-11,6.7983
2017-07-12,6.7868
2017-07-13,6.7802
2017-07-14,6.7774
2017-07-17,6.7562
2017-07-18,6.7611
2017-07-19,6.7451
2017-07-20,6.7464
2017-07-21,6.7415
2017-07-24,6.741
2017-07-25,6.7485
2017-07-26,6.7529
2017-07-27,6.7307
2017-07-28,6.7373
2017-07-31,6.7283
2017-08-01,6.7148
2017-08-02,6.7205
2017-08-03,6.7211
2017-08-04,6.7132
2017-08-07,6.7228
2017-08-08,6.7184
2017-08-09,6.7075
2017-08-10,6.677
2017-08-11,6.6642
2017-08-14,6.6601
2017-08-15,6.6689
2017-08-16,6.6779
2017-08-17,6.6709
2017-08-18,6.6744
2017-08-21,6.6709
2017-08-22,6.6597
2017-08-23,6.6633
2017-08-24,6.6525
2017-08-25,6.6579
2017-08-28,6.6353
2017-08-29,6.6293
2017-08-30,6.6102
2017-08-31,6.601
2017-09-01,6.5909
2017-09-04,6.5668
2017-09-05,6.537
2017-09-06,6.5311
2017-09-07,6.5269
2017-09-08,6.5032
2017-09-11,6.4997
2017-09-12,6.5277
2017-09-13,6.5382
2017-09-14,6.5465
2017-09-15,6.5423
2017-09-18,6.5419
2017-09-19,6.553
2017-09-20,6.567
2017-09-21,6.5867
2017-09-22,6.5861
2017-09-25,6.5945
2017-09-26,6.6076
2017-09-27,6.6192
2017-09-28,6.6285
2017-09-29,6.6369
2017-10-09,6.6493
2017-10-10,6.6273
2017-10-11,6.5841
2017-10-12,6.5808
2017-10-13,6.5866
2017-10-16,6.5839
2017-10-17,6.5883
2017-10-18,6.5991
2017-10-19,6.6093
2017-10-20,6.6092
2017-10-23,6.6205
2017-10-24,6.6268
2017-10-25,6.6322
2017-10-26,6.6288
2017-10-27,6.6473
2017-10-30,6.6487
2017-10-31,6.6397
2017-11-01,6.63
2017-11-02,6.6196
2017-11-03,6.6072
2017-11-06,6.6247
2017-11-07,6.6216
2017-11-08,6.6277
2017-11-09,6.6325
2017-11-10,6.6282
2017-11-13,6.6347
2017-11-14,6.6399
2017-11-15,6.6263
2017-11-16,6.6286
2017-11-17,6.6277
2017-11-20,6.6271
2017-11-21,6.6356
2017-11-22,6.629
2017-11-23,6.6021
2017-11-24,6.581
2017-11-27,6.5874
2017-11-28,6.5944
2017-11-29,6.6011
2017-11-30,6.6034
2017-12-01,6.6067
2017-12-04,6.6105
2017-12-05,6.6113
2017-12-06,6.6163
2017-12-07,6.6195
2017-12-08,6.6218
2017-12-11,6.6152
2017-12-12,6.6162
2017-12-13,6.6251
2017-12-14,6.6033
2017-12-15,6.6113
2017-12-18,6.6162
2017-12-19,6.6098
2017-12-20,6.6066
2017-12-21,6.5795
2017-12-22,6.5821
2017-12-25,6.5683
2017-12-26,6.5416
2017-12-27,6.5421
2017-12-28,6.5412
2017-12-29,6.5342
2018-01-02,6.5079
2018-01-03,6.492
2018-01-04,6.5043
2018-01-05,6.4915
2018-01-08,6.4832
2018-01-09,6.4968
2018-01-10,6.5207
2018-01-11,6.5147
2018-01-12,6.4932
2018-01-15,6.4574
2018-01-16,6.4372
2018-01-17,6.4335
2018-01-18,6.4401
2018-01-19,6.4169
2018-01-22,6.4112
2018-01-23,6.4009
2018-01-24,6.3916
2018-01-25,6.3724
2018-01-26,6.3436
2018-01-29,6.3267
2018-01-30,6.3312
2018-01-31,6.3339
2018-02-01,6.3045
2018-02-02,6.2885
2018-02-05,6.3019
2018-02-06,6.3072
2018-02-07,6.2882
2018-02-08,6.2822
2018-02-09,6.3194
2018-02-12,6.3001
2018-02-13,6.3247
2018-02-14,6.3428
2018-02-22,6.353
2018-02-23,6.3482
2018-02-26,6.3378
2018-02-27,6.3146
2018-02-28,6.3294
2018-03-01,6.3352
2018-03-02,6.3334
2018-03-05,6.3431
2018-03-06,6.3386
2018-03-07,6.3294
2018-03-08,6.3239
2018-03-09,6.3451
2018-03-12,6.3333
2018-03-13,6.3218
2018-03-14,6.3205
2018-03-15,6.3141
2018-03-16,6.334
2018-03-19,6.332
2018-03-20,6.3246
2018-03-21,6.3396
2018-03-22,6.3167
2018-03-23,6.3272
2018-03-26,6.3193
2018-03-27,6.2816
2018-03-28,6.2785
2018-03-29,6.3046
2018-03-30,6.2881
2018-04-02,6.2764
2018-04-03,6.2833
2018-04-04,6.2926
2018-04-09,6.3114
2018-04-10,6.3071
2018-04-11,6.2911
2018-04-12,6.2834
2018-04-13,6.2898
2018-04-16,6.2884
2018-04-17,6.2771
2018-04-18,6.2817
2018-04-19,6.2832
2018-04-20,6.2897
2018-04-23,6.3034
2018-04-24,6.3229
2018-04-25,6.3066
2018-04-26,6.3283
2018-04-27,6.3393
2018-05-02,6.367
2018-05-03,6.3732
2018-05-04,6.3521
2018-05-07,6.3584
2018-05-08,6.3674
2018-05-09,6.3733
2018-05-10,6.3768
2018-05-11,6.3524
2018-05-14,6.3345
2018-05-15,6.3486
2018-05-16,6.3745
2018-05-17,6.3679
2018-05-18,6.3763
2018-05-21,6.3852
2018-05-22,6.3799
2018-05-23,6.3773
2018-05-24,6.3816
2018-05-25,6.3867
2018-05-28,6.3962
2018-05-29,6.4021
2018-05-30,6.4207
2018-05-31,6.4144
2018-06-01,6.4078
2018-06-04,6.4208
2018-06-05,6.4157
2018-06-06,6.404
2018-06-07,6.3919
2018-06-08,6.4003
2018-06-11,6.4064
2018-06-12,6.4121
2018-06-13,6.4156
2018-06-14,6.3962
2018-06-15,6.4306
2018-06-19,6.4235
2018-06-20,6.4586
2018-06-21,6.4706
2018-06-22,6.4804
2018-06-25,6.4893
2018-06-26,6.518
2018-06-27,6.5569
2018-06-28,6.596
2018-06-29,6.6166
2018-07-02,6.6157
2018-07-03,6.6497
2018-07-04,6.6595
2018-07-05,6.618
2018-07-06,6.6336
2018-07-09,6.6393
2018-07-10,6.6259
2018-07-11,6.6234
2018-07-12,6.6726
2018-07-13,6.6727
2018-07-16,6.6758
2018-07-17,6.6821
2018-07-18,6.6914
2018-07-19,6.7066
2018-07-20,6.7671
2018-07-23,6.7593
2018-07-24,6.7891
2018-07-25,6.804
2018-07-26,6.7662
2018-07-27,6.7942
2018-07-30,6.8131
2018-07-31,6.8165
2018-08-01,6.8293
2018-08-02,6.7942
2018-08-03,6.8322
2018-08-06,6.8513
2018-08-07,6.8431
2018-08-08,6.8313
2018-08-09,6.8317
2018-08-10,6.8395
2018-08-13,6.8629
2018-08-14,6.8695
2018-08-15,6.8856
2018-08-16,6.8946
2018-08-17,6.8894
2018-08-20,6.8718
2018-08-21,6.836
2018-08-22,6.8271
2018-08-23,6.8367
2018-08-24,6.871
2018-08-27,6.8508
2018-08-28,6.8052
2018-08-29,6.8072
2018-08-30,6.8113
2018-08-31,6.8246
2018-09-03,6.8347
2018-09-04,6.8183
2018-09-05,6.8266
2018-09-06,6.8217
2018-09-07,6.8212
2018-09-10,6.8389
2018-09-11,6.8488
2018-09-12,6.8546
2018-09-13,6.8488
2018-09-14,6.8362
2018-09-17,6.8509
2018-09-18,6.8554
2018-09-19,6.8569
2018-09-20,6.853
2018-09-21,6.8357
2018-09-25,6.844
2018-09-26,6.8571
2018-09-27,6.8642
2018-09-28,6.8792
2018-10-08,6.8957
2018-10-09,6.9019
2018-10-10,6.9072
2018-10-11,6.9098
2018-10-12,6.912
2018-10-15,6.9154
2018-10-16,6.9119
2018-10-17,6.9103
2018-10-18,6.9275
2018-10-19,6.9387
2018-10-22,6.9236
2018-10-23,6.9338
2018-10-24,6.9357
2018-10-25,6.9409
2018-10-26,6.951
2018-10-29,6.9377
2018-10-30,6.9574
2018-10-31,6.9646
2018-11-01,6.967
2018-11-02,6.9371
2018-11-05,6.8976
2018-11-06,6.9075
2018-11-07,6.9065
2018-11-08,6.9163
2018-11-09,6.9329
2018-11-12,6.9476
2018-11-13,6.9629
2018-11-14,6.9402
2018-11-15,6.9392
2018-11-16,6.9377
2018-11-19,6.9245
2018-11-20,6.928
2018-11-21,6.9449
2018-11-22,6.9391
2018-11-23,6.9306
2018-11-26,6.9453
2018-11-27,6.9463
2018-11-28,6.95
2018-11-29,6.9353
2018-11-30,6.9357
2018-12-03,6.9431
2018-12-04,6.8939
2018-12-05,6.8476
2018-12-06,6.8599
2018-12-07,6.8664
2018-12-10,6.8693
2018-12-11,6.8996
2018-12-12,6.9064
2018-12-13,6.8769
2018-12-14,6.875
2018-12-17,6.8908
2018-12-18,6.8854
2018-12-19,6.8869
2018-12-20,6.8936
2018-12-21,6.8825
2018-12-24,6.9006
2018-12-25,6.8919
2018-12-26,6.8845
2018-12-27,6.8894
2018-12-28,6.8632
2019-01-02,6.8482
2019-01-03,6.8631
2019-01-04,6.8586
2019-01-07,6.8517
2019-01-08,6.8402
2019-01-09,6.8526
2019-01-10,6.816
2019-01-11,6.7909
2019-01-14,6.756
2019-01-15,6.7542
2019-01-16,6.7615
2019-01-17,6.7592
2019-01-18,6.7665
2019-01-21,6.7774
2019-01-22,6.7854
2019-01-23,6.7969
2019-01-24,6.7802
2019-01-25,6.7941
2019-01-28,6.7472
2019-01-29,6.7356
2019-01-30,6.7343
2019-01-31,6.7025
2019-02-01,6.7081
2019-02-11,6.7495
2019-02-12,6.7765
2019-02-13,6.7675
2019-02-14,6.7744
2019-02-15,6.7623
2019-02-18,6.7659
2019-02-19,6.7642
2019-02-20,6.7558
2019-02-21,6.722
2019-02-22,6.7151
2019-02-25,6.7131
2019-02-26,6.6952
2019-02-27,6.6857
2019-02-28,6.6901
2019-03-01,6.6957
2019-03-04,6.7049
2019-03-05,6.6998
2019-03-06,6.7053
2019-03-07,6.711
2019-03-08,6.7235
2019-03-11,6.7202
2019-03-12,6.7128
2019-03-13,6.7114
2019-03-14,6.7009
2019-03-15,6.7167
2019-03-18,6.7088
2019-03-19,6.7062
2019-03-20,6.7101
2019-03-21,6.685
2019-03-22,6.6944
2019-03-25,6.7098
2019-03-26,6.7042
2019-03-27,6.7141
2019-03-28,6.7263
2019-03-29,6.7335
2019-04-01,6.7193
2019-04-02,6.7161
2019-04-03,6.7194
2019-04-04,6.7055
2019-04-08,6.7201
2019-04-09,6.7142
2019-04-10,6.711
2019-04-11,6.7088
2019-04-12,6.722
2019-04-15,6.7112
2019-04-16,6.7097
2019-04-17,6.711
2019-04-18,6.6911
2019-04-19,6.7043
2019-04-22,6.7035
2019-04-23,6.7082
2019-04-24,6.7205
2019-04-25,6.7307
2019-04-26,6.7307
2019-04-29,6.731
2019-04-30,6.7286
2019-05-06,6.7344
2019-05-07,6.7614
2019-05-08,6.7596
2019-05-09,6.7665
2019-05-10,6.7912
2019-05-13,6.7954
2019-05-14,6.8365
2019-05-15,6.8649
2019-05-16,6.8688
2019-05-17,6.8859
2019-05-20,6.8988
2019-05-21,6.899
2019-05-22,6.8992
2019-05-23,6.8994
2019-05-24,6.8993
2019-05-27,6.8924
2019-05-28,6.8973
2019-05-29,6.8988
2019-05-30,6.899
2019-05-31,6.8992
2019-06-03,6.8896
2019-06-04,6.8822
2019-06-05,6.8903
2019-06-06,6.8945
2019-06-10,6.8925
2019-06-11,6.893
2019-06-12,6.8932
2019-06-13,6.8934
2019-06-14,6.8937
2019-06-17,6.894
2019-06-18,6.8942
2019-06-19,6.8893
2019-06-20,6.8805
2019-06-21,6.8472
2019-06-24,6.8503
2019-06-25,6.858
2019-06-26,6.8701
2019-06-27,6.8778
2019-06-28,6.8747
2019-07-01,6.8716
2019-07-02,6.8513
2019-07-03,6.864
2019-07-04,6.8705
2019-07-05,6.8697
2019-07-08,6.8881
2019-07-09,6.8853
2019-07-10,6.8856
2019-07-11,6.8677
2019-07-12,6.8662
2019-07-15,6.8677
2019-07-16,6.871
2019-07-17,6.8827
2019-07-18,6.8761
2019-07-19,6.8635
2019-07-22,6.8759
2019-07-23,6.8818
2019-07-24,6.886
2019-07-25,6.8737
2019-07-26,6.8796
2019-07-29,6.8821
2019-07-30,6.8862
2019-07-31,6.8841
2019-08-01,6.8938
2019-08-02,6.8996
2019-08-05,6.9225
2019-08-06,6.9683
2019-08-07,6.9996
2019-08-08,7.0039
2019-08-09,7.0136
2019-08-12,7.0211
2019-08-13,7.0326
2019-08-14,7.0312
2019-08-15,7.0268
2019-08-16,7.0312
2019-08-19,7.0365
2019-08-20,7.0454
2019-08-21,7.0433
2019-08-22,7.049
2019-08-23,7.0572
2019-08-26,7.057
2019-08-27,7.081
2019-08-28,7.0835
2019-08-29,7.0858
2019-08-30,7.0879
2019-09-02,7.0883
2019-09-03,7.0884
2019-09-04,7.0878
2019-09-05,7.0852
2019-09-06,7.0855
2019-09-09,7.0851
2019-09-10,7.0846
2019-09-11,7.0843
2019-09-12,7.0846
2019-09-16,7.0657
2019-09-17,7.073
2019-09-18,7.0728
2019-09-19,7.0732
2019-09-20,7.073
2019-09-23,7.0734
2019-09-24,7.0729
2019-09-25,7.0724
2019-09-26,7.0729
2019-09-27,7.0731
2019-09-30,7.0729
2019-10-08,7.0726
2019-10-09,7.0728
2019-10-10,7.073
2019-10-11,7.0727
2019-10-14,7.0725
2019-10-15,7.0708
2019-10-16,7.0746
2019-10-17,7.0789
2019-10-18,7.069
2019-10-21,7.068
2019-10-22,7.0668
2019-10-23,7.0752
2019-10-24,7.0727
2019-10-25,7.0749
2019-10-28,7.0762
2019-10-29,7.0617
2019-10-30,7.0582
2019-10-31,7.0533
2019-11-01,7.0437
2019-11-04,7.0382
2019-11-05,7.0385
2019-11-06,7.008
2019-11-07,7.0008
2019-11-08,6.9945
2019-11-11,6.9933
2019-11-12,6.9988
2019-11-13,7.0026
2019-11-14,7.0083
2019-11-15,7.0091
2019-11-18,7.0037
2019-11-19,7.003
2019-11-20,7.0118
2019-11-21,7.0217
2019-11-22,7.0306
2019-11-25,7.0397
2019-11-26,7.0344
2019-11-27,7.0349
2019-11-28,7.0271
2019-11-29,7.0298
2019-12-02,7.0262
2019-12-03,7.0223
2019-12-04,7.0382
2019-12-05,7.0521
2019-12-06,7.0383
2019-12-09,7.0405
2019-12-10,7.04
2019-12-11,7.0385
2019-12-12,7.0253
2019-12-13,7.0156
2019-12-16,6.9915
2019-12-17,6.9971
2019-12-18,6.9969
2019-12-19,7.0025
2019-12-20,7.002
2019-12-23,7.0117
2019-12-24,7.0119
2019-12-25,7.0067
2019-12-26,6.9801
2019-12-27,6.9879
2019-12-30,6.9805
2019-12-31,6.9762
2020-01-02,6.9614
2020-01-03,6.9681
2020-01-06,6.9718
2020-01-07,6.969
2020-01-08,6.945
2020-01-09,6.9497
2020-01-10,6.9351
2020-01-13,6.9263
2020-01-14,6.8954
2020-01-15,6.8845
2020-01-16,6.8807
2020-01-17,6.8878
2020-01-20,6.8664
2020-01-21,6.8606
2020-01-22,6.8853
2020-01-23,6.8876
2020-02-03,6.9249
2020-02-04,6.9779
2020-02-05,6.9823
2020-02-06,6.9985
2020-02-07,6.9768
2020-02-10,6.9863
2020-02-11,6.9897
2020-02-12,6.9718
2020-02-13,6.9785
2020-02-14,6.9843
2020-02-17,6.9795
2020-02-18,6.9826
2020-02-19,7.0012
2020-02-20,7.0026
2020-02-21,7.021
2020-02-24,7.0246
2020-02-25,7.0232
2020-02-26,7.0126
2020-02-27,7.0215
2020-02-28,7.0066
2020-03-02,6.9811
2020-03-03,6.9516
2020-03-04,6.9514
2020-03-05,6.9403
2020-03-06,6.9337
2020-03-09,6.926
2020-03-10,6.9389
2020-03-11,6.9612
2020-03-12,6.9641
2020-03-13,7.0033
2020-03-16,7.0018
2020-03-17,7.0094
2020-03-18,7.0328
2020-03-19,7.0522
2020-03-20,7.1052
2020-03-23,7.094
2020-03-24,7.0999
2020-03-25,7.0742
2020-03-26,7.0692
2020-03-27,7.0427
2020-03-30,7.0447
2020-03-31,7.0851
2020-04-01,7.0771
2020-04-02,7.0995
2020-04-03,7.1104
2020-04-07,7.0939
2020-04-08,7.0483
2020-04-09,7.0536
2020-04-10,7.0354
2020-04-13,7.03
2020-04-14,7.0406
2020-04-15,7.0402
2020-04-16,7.0714
2020-04-17,7.0718
2020-04-20,7.0657
2020-04-21,7.0752
2020-04-22,7.0903
2020-04-23,7.0887
2020-04-24,7.0803
2020-04-27,7.0703
2020-04-28,7.071
2020-04-29,7.0704
2020-04-30,7.0571
2020-05-06,7.069
2020-05-07,7.0931
2020-05-08,7.0788
2020-05-11,7.0769
2020-05-12,7.0919
2020-05-13,7.0875
2020-05-14,7.0948
2020-05-15,7.0936
2020-05-18,7.103
2020-05-19,7.0912
2020-05-20,7.0956
2020-05-21,7.0868
2020-05-22,7.0939
2020-05-25,7.1209
2020-05-26,7.1293
2020-05-27,7.1092
2020-05-28,7.1277
2020-05-29,7.1316
2020-06-01,7.1315
2020-06-02,7.1167
2020-06-03,7.1074
2020-06-04,7.1012
2020-06-05,7.0965
2020-06-08,7.0882
2020-06-09,7.0711
2020-06-10,7.0703
2020-06-11,7.0608
2020-06-12,7.0865
2020-06-15,7.0902
2020-06-16,7.0755
2020-06-17,7.0873
2020-06-18,7.0903
2020-06-19,7.0913
2020-06-22,7.0865
2020-06-23,7.0671
2020-06-24,7.0555
2020-06-29,7.0808
2020-06-30,7.0795
2020-07-01,7.071
2020-07-02,7.0566
2020-07-03,7.0638
2020-07-06,7.0663
2020-07-07,7.031
2020-07-08,7.0207
2020-07-09,7.0085
2020-07-10,6.9943
2020-07-13,6.9965
2020-07-14,6.9996
2020-07-15,6.9982
2020-07-16,6.9913
2020-07-17,7.0043
2020-07-20,6.9928
2020-07-21,6.9862
2020-07-22,6.9718
2020-07-23,6.9921
2020-07-24,6.9938
2020-07-27,7.0029
2020-07-28,6.9895
2020-07-29,6.9969
2020-07-30,6.9902
2020-07-31,6.9848
2020-08-03,6.998
2020-08-04,6.9803
2020-08-05,6.9752
2020-08-06,6.9438
2020-08-07,6.9408
2020-08-10,6.9649
2020-08-11,6.9711
2020-08-12,6.9597
2020-08-13,6.9429
2020-08-14,6.9405
2020-08-17,6.9362
2020-08-18,6.9325
2020-08-19,6.9168
2020-08-20,6.9274
2020-08-21,6.9107
2020-08-24,6.9194
2020-08-25,6.9183
2020-08-26,6.9079
2020-08-27,6.8903
2020-08-28,6.8891
2020-08-31,6.8605
2020-09-01,6.8498
2020-09-02,6.8376
2020-09-03,6.8319
2020-09-04,6.8359
2020-09-07,6.8386
2020-09-08,6.8364
2020-09-09,6.8423
2020-09-10,6.8331
2020-09-11,6.8389
2020-09-14,6.8361
2020-09-15,6.8222
2020-09-16,6.7825
2020-09-17,6.7675
2020-09-18,6.7591
2020-09-21,6.7595
2020-09-22,6.7872
2020-09-23,6.7986
2020-09-24,6.8028
2020-09-25,6.8121
2020-09-28,6.8252
2020-09-29,6.8171
2020-09-30,6.8101
2020-10-09,6.7796
2020-10-12,6.7126
2020-10-13,6.7296
2020-10-14,6.7473
2020-10-15,6.7374
2020-10-16,6.7332
2020-10-19,6.701
2020-10-20,6.693
2020-10-21,6.6781
2020-10-22,6.6556
2020-10-23,6.6703
2020-10-26,6.6725
2020-10-27,6.6989
2020-10-28,6.7195
2020-10-29,6.726
2020-10-30,6.7232
2020-11-02,6.705
2020-11-03,6.6957
2020-11-04,6.6771
2020-11-05,6.6895
2020-11-06,6.629
2020-11-09,6.6123
2020-11-10,6.5897
2020-11-11,6.607
2020-11-12,6.6236
2020-11-13,6.6285
2020-11-16,6.6048
2020-11-17,6.5762
2020-11-18,6.5593
2020-11-19,6.5484
2020-11-20,6.5786
2020-11-23,6.5719
2020-11-24,6.5809
2020-11-25,6.5749
2020-11-26,6.578
2020-11-27,6.5755
2020-11-30,6.5782
2020-12-01,6.5921
2020-12-02,6.5611
2020-12-03,6.5592
2020-12-04,6.5507
2020-12-07,6.5362
2020-12-08,6.532
2020-12-09,6.5311
2020-12-10,6.5476
2020-12-11,6.5405
2020-12-14,6.5361
2020-12-15,6.5434
2020-12-16,6.5355
2020-12-17,6.5362
2020-12-18,6.5315
2020-12-21,6.5507
2020-12-22,6.5387
2020-12-23,6.5558
2020-12-24,6.5361
2020-12-25,6.5333
2020-12-28,6.5236
2020-12-29,6.5451
2020-12-30,6.5325
2020-12-31,6.5249
2021-01-04,6.5408
2021-01-05,6.476
2021-01-06,6.4604
2021-01-07,6.4608
2021-01-08,6.4708
2021-01-11,6.4764
2021-01-12,6.4823
2021-01-13,6.4605
2021-01-14,6.4746
2021-01-15,6.4633
2021-01-18,6.4845
2021-01-19,6.4883
2021-01-20,6.4836
2021-01-21,6.4696
2021-01-22,6.4617
2021-01-25,6.4819
2021-01-26,6.4847
2021-01-27,6.4665
2021-01-28,6.4845
2021-01-29,6.4709
2021-02-01,6.4623
2021-02-02,6.4736
2021-02-03,6.4669
2021-02-04,6.4605
2021-02-05,6.471
2021-02-08,6.4678
2021-02-09,6.4533
2021-02-10,6.4391
2021-02-18,6.4536
2021-02-19,6.4624
2021-02-22,6.4563
2021-02-23,6.4516
2021-02-24,6.4615
2021-02-25,6.4522
2021-02-26,6.4713
2021-03-01,6.4754
2021-03-02,6.4625
2021-03-03,6.4565
2021-03-04,6.4758
2021-03-05,6.4904
2021-03-08,6.4795
2021-03-09,6.5338
2021-03-10,6.5106
2021-03-11,6.497
2021-03-12,6.4845
2021-03-15,6.501
2021-03-16,6.5029
2021-03-17,6.4978
2021-03-18,6.4859
2021-03-19,6.5098
2021-03-22,6.5191
2021-03-23,6.5036
2021-03-24,6.5228
2021-03-25,6.5282
2021-03-26,6.5376
2021-03-29,6.5416
2021-03-30,6.5641
2021-03-31,6.5713
2021-04-01,6.5584
2021-04-02,6.5649
2021-04-06,6.5527
2021-04-07,6.5384
2021-04-08,6.5463
2021-04-09,6.5409
2021-04-12,6.5578
2021-04-13,6.5454
2021-04-14,6.5362
2021-04-15,6.5297
2021-04-16,6.5288
2021-04-19,6.5233
2021-04-20,6.5103
2021-04-21,6.5046
2021-04-22,6.4902
2021-04-23,6.4934
2021-04-26,6.4913
2021-04-27,6.4924
2021-04-28,6.4853
2021-04-29,6.4715
2021-04-30,6.4672
2021-05-06,6.4895
2021-05-07,6.4678
2021-05-10,6.4425
2021-05-11,6.4254
2021-05-12,6.4258
2021-05-13,6.4612
2021-05-14,6.4525
2021-05-17,6.4307
2021-05-18,6.4357
2021-05-19,6.4255
2021-05-20,6.4464
2021-05-21,6.43
2021-05-24,6.4408
2021-05-25,6.4283
2021-05-26,6.4099
2021-05-27,6.403
2021-05-28,6.3858
2021-05-31,6.3682
2021-06-01,6.3572
2021-06-02,6.3773
2021-06-03,6.3811
2021-06-04,6.4072
2021-06-07,6.3963
2021-06-08,6.3909
2021-06-09,6.3956
2021-06-10,6.3972
2021-06-11,6.3856
2021-06-15,6.407
2021-06-16,6.4078
2021-06-17,6.4298
2021-06-18,6.4361
2021-06-21,6.4546
2021-06-22,6.4613
2021-06-23,6.4621
2021-06-24,6.4824
2021-06-25,6.4744
2021-06-28,6.4578
2021-06-29,6.4567
2021-06-30,6.4601
2021-07-01,6.4709
2021-07-02,6.4712
2021-07-05,6.4695
2021-07-06,6.4613
2021-07-07,6.4762
2021-07-08,6.4705
2021-07-09,6.4755
2021-07-12,6.4785
2021-07-13,6.4757
2021-07-14,6.4806
2021-07-15,6.464
2021-07-16,6.4705
2021-07-19,6.47
2021-07-20,6.4855
2021-07-21,6.4835
2021-07-22,6.4651
2021-07-23,6.465
2021-07-26,6.4763
2021-07-27,6.4734
2021-07-28,6.4929
2021-07-29,6.4942
2021-07-30,6.4602
2021-08-02,6.466
2021-08-03,6.461
2021-08-04,6.4655
2021-08-05,6.4691
2021-08-06,6.4625
2021-08-09,6.484
2021-08-10,6.4842
2021-08-11,6.4831
2021-08-12,6.4754
2021-08-13,6.4799
2021-08-16,6.4717
2021-08-17,6.4765
2021-08-18,6.4915
2021-08-19,6.4853
2021-08-20,6.4984
2021-08-23,6.4969
2021-08-24,6.4805
2021-08-25,6.4728
2021-08-26,6.473
2021-08-27,6.4863
2021-08-30,6.4677
2021-08-31,6.4679
2021-09-01,6.468
2021-09-02,6.4594
2021-09-03,6.4577
2021-09-06,6.4529
2021-09-07,6.4533
2021-09-08,6.4674
2021-09-09,6.4615
2021-09-10,6.4566
2021-09-13,6.4497
2021-09-14,6.45
2021-09-15,6.4492
2021-09-16,6.433
2021-09-17,6.4527
2021-09-22,6.4693
2021-09-23,6.4749
2021-09-24,6.4599
2021-09-27,6.4695
2021-09-28,6.4608
2021-09-29,6.4662
2021-09-30,6.4854
2021-10-08,6.4604
2021-10-11,6.4479
2021-10-12,6.4447
2021-10-13,6.4612
2021-10-14,6.4414
2021-10-15,6.4386
2021-10-18,6.43
2021-10-19,6.4307
2021-10-20,6.4069
2021-10-21,6.389
2021-10-22,6.4032
2021-10-25,6.3924
2021-10-26,6.389
2021-10-27,6.3856
2021-10-28,6.3957
2021-10-29,6.3907
2021-11-01,6.4192
2021-11-02,6.4009
2021-11-03,6.4079
2021-11-04,6.3943
2021-11-05,6.398
2021-11-08,6.3959
2021-11-09,6.3903
2021-11-10,6.3948
2021-11-11,6.4145
2021-11-12,6.4065
2021-11-15,6.3896
2021-11-16,6.3924
2021-11-17,6.3935
2021-11-18,6.3803
2021-11-19,6.3825
2021-11-22,6.3952
2021-11-23,6.3929
2021-11-24,6.3903
2021-11-25,6.398
2021-11-26,6.3936
2021-11-29,6.3872
2021-11-30,6.3794
2021-12-01,6.3693
2021-12-02,6.3719
2021-12-03,6.3738
2021-12-06,6.3702
2021-12-07,6.3738
2021-12-08,6.3677
2021-12-09,6.3498
2021-12-10,6.3702
2021-12-13,6.3669
2021-12-14,6.3675
2021-12-15,6.3716
2021-12-16,6.3637
2021-12-17,6.3651
2021-12-20,6.3933
2021-12-21,6.3729
2021-12-22,6.3703
2021-12-23,6.3651
2021-12-24,6.3692
2021-12-27,6.3686
2021-12-28,6.3728
2021-12-29,6.3735
2021-12-30,6.3674
2021-12-31,6.3757
2022-01-04,6.3794
2022-01-05,6.3779
2022-01-06,6.3728
2022-01-07,6.3742
2022-01-10,6.3653
2022-01-11,6.3684
2022-01-12,6.3658
2022-01-13,6.3542
2022-01-14,6.3677
2022-01-17,6.3599
2022-01-18,6.3521
2022-01-19,6.3624
2022-01-20,6.3485
2022-01-21,6.3492
2022-01-24,6.3411
2022-01-25,6.3418
2022-01-26,6.3246
2022-01-27,6.3382
2022-01-28,6.3746
2022-02-07,6.358
2022-02-08,6.3569
2022-02-09,6.3653
2022-02-10,6.3599
2022-02-11,6.3681
2022-02-14,6.3664
2022-02-15,6.3605
2022-02-16,6.3463
2022-02-17,6.3321
2022-02-18,6.3343
2022-02-21,6.3401
2022-02-22,6.3487
2022-02-23,6.3313
2022-02-24,6.328
2022-02-25,6.3346
2022-02-28,6.3222
2022-03-01,6.3014
2022-03-02,6.3351
2022-03-03,6.3016
2022-03-04,6.3288
2022-03-07,6.3478
2022-03-08,6.3185
2022-03-09,6.3178
2022-03-10,6.3105
2022-03-11,6.3306
2022-03-14,6.3506
2022-03-15,6.376
2022-03-16,6.38
2022-03-17,6.3406
2022-03-18,6.3425
2022-03-21,6.3677
2022-03-22,6.3664
2022-03-23,6.3558
2022-03-24,6.364
2022-03-25,6.3739
2022-03-28,6.3732
2022-03-29,6.364
2022-03-30,6.3566
2022-03-31,6.3482
2022-04-01,6.3509
2022-04-06,6.3799
2022-04-07,6.3659
2022-04-08,6.3653
2022-04-11,6.3645
2022-04-12,6.3795
2022-04-13,6.3752
2022-04-14,6.354
2022-04-15,6.3896
2022-04-18,6.3763
2022-04-19,6.372
2022-04-20,6.3996
2022-04-21,6.4098
2022-04-22,6.4596
2022-04-25,6.4909
2022-04-26,6.559
2022-04-27,6.5598
2022-04-28,6.5628
2022-04-29,6.6177
2022-05-05,6.5672
2022-05-06,6.6332
2022-05-09,6.6899
2022-05-10,6.7134
2022-05-11,6.729
2022-05-12,6.7292
2022-05-13,6.7898
2022-05-16,6.7871
2022-05-17,6.7854
2022-05-18,6.7421
2022-05-19,6.7524
2022-05-20,6.7487
2022-05-23,6.6756
2022-05-24,6.6566
2022-05-25,6.655
2022-05-26,6.6766
2022-05-27,6.7387
2022-05-30,6.7048
2022-05-31,6.6607
2022-06-01,6.6651
2022-06-02,6.7095
2022-06-06,6.6691
2022-06-07,6.6649
2022-06-08,6.6634
2022-06-09,6.6811
2022-06-10,6.6994
2022-06-13,6.7182
2022-06-14,6.7482
2022-06-15,6.7518
2022-06-16,6.7099
2022-06-17,6.6923
2022-06-20,6.712
2022-06-21,6.6851
2022-06-22,6.7109
2022-06-23,6.7079
2022-06-24,6.7
2022-06-27,6.685
2022-06-28,6.693
2022-06-29,6.7035
2022-06-30,6.7114
2022-07-01,6.6863
2022-07-04,6.7071
2022-07-05,6.6986
2022-07-06,6.7246
2022-07-07,6.7143
2022-07-08,6.7098
2022-07-11,6.696
2022-07-12,6.7287
2022-07-13,6.7282
2022-07-14,6.7265
2022-07-15,6.7503
2022-07-18,6.7447
2022-07-19,6.7451
2022-07-20,6.7465
2022-07-21,6.762
2022-07-22,6.7522
2022-07-25,6.7543
2022-07-26,6.7483
2022-07-27,6.7731
2022-07-28,6.7411
2022-07-29,6.7437
2022-08-01,6.7467
2022-08-02,6.7462
2022-08-03,6.7813
2022-08-04,6.7636
2022-08-05,6.7405
2022-08-08,6.7695
2022-08-09,6.7584
2022-08-10,6.7612
2022-08-11,6.7324
2022-08-12,6.7413
2022-08-15,6.741
2022-08-16,6.773
2022-08-17,6.7863
2022-08-18,6.7802
2022-08-19,6.8065
2022-08-22,6.8198
2022-08-23,6.8523
2022-08-24,6.8388
2022-08-25,6.8536
2022-08-26,6.8486
2022-08-29,6.8698
2022-08-30,6.8802
2022-08-31,6.8906
2022-09-01,6.8821
2022-09-02,6.8917
2022-09-05,6.8998
2022-09-06,6.9096
2022-09-07,6.916
2022-09-08,6.9148
2022-09-09,6.9098
2022-09-13,6.8928
2022-09-14,6.9116
2022-09-15,6.9101
2022-09-16,6.9305
2022-09-19,6.9396
2022-09-20,6.9468
2022-09-21,6.9536
2022-09-22,6.9798
2022-09-23,6.992
2022-09-26,7.0298
2022-09-27,7.0722
2022-09-28,7.1107
2022-09-29,7.1102
2022-09-30,7.0998
2022-10-10,7.0992
2022-10-11,7.1075
2022-10-12,7.1103
2022-10-13,7.1101
2022-10-14,7.1088
2022-10-17,7.1095
2022-10-18,7.1086
2022-10-19,7.1105
2022-10-20,7.1188
2022-10-21,7.1186
2022-10-24,7.123
2022-10-25,7.1668
2022-10-26,7.1638
2022-10-27,7.157
2022-10-28,7.1698
2022-10-31,7.1768
2022-11-01,7.2081
2022-11-02,7.2197
2022-11-03,7.2472
2022-11-04,7.2555
2022-11-07,7.2292
2022-11-08,7.215
2022-11-09,7.2189
2022-11-10,7.2422
2022-11-11,7.1907
2022-11-14,7.0899
2022-11-15,7.0421
2022-11-16,7.0363
2022-11-17,7.0655
2022-11-18,7.1091
2022-11-21,7.1256
2022-11-22,7.1667
2022-11-23,7.1281
2022-11-24,7.1201
2022-11-25,7.1339
2022-11-28,7.1617
2022-11-29,7.1989
2022-11-30,7.1769
2022-12-01,7.1225
2022-12-02,7.0542
2022-12-05,7.0384
2022-12-06,6.9746
2022-12-07,6.9975
2022-12-08,6.9606
2022-12-09,6.9588
2022-12-12,6.9565
2022-12-13,6.9746
2022-12-14,6.9535
2022-12-15,6.9343
2022-12-16,6.9791
2022-12-19,6.9746
2022-12-20,6.9861
2022-12-21,6.965
2022-12-22,6.9713
2022-12-23,6.981
2022-12-26,6.9825
2022-12-27,6.9546
2022-12-28,6.9681
2022-12-29,6.9793
2022-12-30,6.9646
2023-01-03,6.9475
2023-01-04,6.9131
2023-01-05,6.8926
2023-01-06,6.8912
2023-01-09,6.8265
2023-01-10,6.7611
2023-01-11,6.7756
2023-01-12,6.768
2023-01-13,6.7292
2023-01-16,6.7135
2023-01-17,6.7222
2023-01-18,6.7602
2023-01-19,6.7674
2023-01-20,6.7702
2023-01-30,6.7626
2023-01-31,6.7604
2023-02-01,6.7492
2023-02-02,6.713
2023-02-03,6.7382
2023-02-06,6.7737
2023-02-07,6.7967
2023-02-08,6.7752
2023-02-09,6.7905
2023-02-10,6.7884
2023-02-13,6.8151
2023-02-14,6.8136
2023-02-15,6.8183
2023-02-16,6.8519
2023-02-17,6.8659
2023-02-20,6.8643
2023-02-21,6.8557
2023-02-22,6.8759
2023-02-23,6.9028
2023-02-24,6.8942
2023-02-27,6.9572
2023-02-28,6.9519
2023-03-01,6.94
2023-03-02,6.8808
2023-03-03,6.9117
2023-03-06,6.8951
2023-03-07,6.9156
2023-03-08,6.9525
2023-03-09,6.9666
2023-03-10,6.9655
2023-03-13,6.9375
2023-03-14,6.8949
2023-03-15,6.868
2023-03-16,6.9149
2023-03-17,6.9052
2023-03-20,6.8694
2023-03-21,6.8763
2023-03-22,6.8715
2023-03-23,6.8709
2023-03-24,6.8374
2023-03-27,6.8714
2023-03-28,6.8749
2023-03-29,6.8771
2023-03-30,6.8886
2023-03-31,6.8717
2023-04-03,6.8805
2023-04-04,6.8699
2023-04-06,6.8747
2023-04-07,6.8838
2023-04-10,6.8764
2023-04-11,6.8882
2023-04-12,6.8854
2023-04-13,6.8658
2023-04-14,6.8606
2023-04-17,6.8679
2023-04-18,6.8814
2023-04-19,6.8731
2023-04-20,6.8987
2023-04-21,6.8752
2023-04-24,6.8835
2023-04-25,6.8847
2023-04-26,6.9237
2023-04-27,6.9207
2023-04-28,6.924
2023-05-04,6.9054
2023-05-05,6.9114
2023-05-08,6.9158
2023-05-09,6.9255
2023-05-10,6.9299
2023-05-11,6.9101
2023-05-12,6.9481
2023-05-15,6.9654
2023-05-16,6.9506
2023-05-17,6.9748
2023-05-18,6.9967
2023-05-19,7.0356
2023-05-22,7.0157
2023-05-23,7.0326
2023-05-24,7.056
2023-05-25,7.0529
2023-05-26,7.076
2023-05-29,7.0575
2023-05-30,7.0818
2023-05-31,7.0821
2023-06-01,7.0965
2023-06-02,7.0939
2023-06-05,7.0904
2023-06-06,7.1075
2023-06-07,7.1196
2023-06-08,7.128
2023-06-09,7.1115
2023-06-12,7.1212
2023-06-13,7.1498
2023-06-14,7.1566
2023-06-15,7.1489
2023-06-16,7.1289
2023-06-19,7.1201
2023-06-20,7.1596
2023-06-21,7.1795
2023-06-26,7.2056
2023-06-27,7.2098
2023-06-28,7.2101
2023-06-29,7.2208
2023-06-30,7.2258
2023-07-03,7.2157
2023-07-04,7.2046
2023-07-05,7.1968
2023-07-06,7.2098
2023-07-07,7.2054
2023-07-10,7.1926
2023-07-11,7.1886
2023-07-12,7.1765
2023-07-13,7.1527
2023-07-14,7.1318
2023-07-17,7.1326
2023-07-18,7.1453
2023-07-19,7.1486
2023-07-20,7.1466
2023-07-21,7.1456
2023-07-24,7.1451
2023-07-25,7.1406
2023-07-26,7.1295
2023-07-27,7.1265
2023-07-28,7.1338
2023-07-31,7.1305
2023-08-01,7.1283
2023-08-02,7.1368
2023-08-03,7.1495
2023-08-04,7.1418
2023-08-07,7.138
2023-08-08,7.1565
2023-08-09,7.1588
2023-08-10,7.1576
2023-08-11,7.1587
2023-08-14,7.1686
2023-08-15,7.1768
2023-08-16,7.1986
2023-08-17,7.2076
2023-08-18,7.2006
2023-08-21,7.1987
2023-08-22,7.1992
2023-08-23,7.1988
2023-08-24,7.1886
2023-08-25,7.1883
2023-08-28,7.1856
2023-08-29,7.1851
2023-08-30,7.1816
2023-08-31,7.1811
2023-09-01,7.1788
2023-09-04,7.1786
2023-09-05,7.1783
2023-09-06,7.1969
2023-09-07,7.1986
2023-09-08,7.215
2023-09-11,7.2148
2023-09-12,7.1986
2023-09-13,7.1894
2023-09-14,7.1874
2023-09-15,7.1786
2023-09-18,7.1736
2023-09-19,7.1733
2023-09-20,7.1732
2023-09-21,7.173
2023-09-22,7.1729
2023-09-25,7.1727
2023-09-26,7.1727
2023-09-27,7.1717
2023-09-28,7.1798
2023-10-09,7.1789
2023-10-10,7.1781
2023-10-11,7.1779
2023-10-12,7.1776
2023-10-13,7.1775
2023-10-16,7.1798
2023-10-17,7.1796
2023-10-18,7.1795
2023-10-19,7.1795
2023-10-20,7.1793
2023-10-23,7.1792
2023-10-24,7.1786
2023-10-25,7.1785
2023-10-26,7.1784
2023-10-27,7.1782
2023-10-30,7.1781
2023-10-31,7.1779
2023-11-01,7.1778
2023-11-02,7.1797
2023-11-03,7.1796
2023-11-06,7.178
2023-11-07,7.1776
2023-11-08,7.1773
2023-11-09,7.1772
2023-11-10,7.1771
2023-11-13,7.1769
2023-11-14,7.1768
2023-11-15,7.1752
2023-11-16,7.1724
2023-11-17,7.1728
2023-11-20,7.1612
2023-11-21,7.1406
2023-11-22,7.1254
2023-11-23,7.1212
2023-11-24,7.1151
2023-11-27,7.1159
2023-11-28,7.1132
2023-11-29,7.1031
2023-11-30,7.1018
2023-12-01,7.1104
2023-12-04,7.1011
2023-12-05,7.1127
2023-12-06,7.114
2023-12-07,7.1176
2023-12-08,7.1123
2023-12-11,7.1163
2023-12-12,7.1174
2023-12-13,7.1126
2023-12-14,7.109
2023-12-15,7.0957
2023-12-18,7.0933
2023-12-19,7.0982
2023-12-20,7.0966
2023-12-21,7.1012
2023-12-22,7.0953
2023-12-25,7.101
2023-12-26,7.0965
2023-12-27,7.1002
2023-12-28,7.0974
2023-12-29,7.0827
2024-01-02,7.077
2024-01-03,7.1002
2024-01-04,7.0997
2024-01-05,7.1029
2024-01-08,7.1006
2024-01-09,7.101
2024-01-10,7.1055
2024-01-11,7.1087
2024-01-12,7.105
2024-01-15,7.1084
2024-01-16,7.1134
2024-01-17,7.1168
2024-01-18,7.1174
2024-01-19,7.1167
2024-01-22,7.1105
2024-01-23,7.1117
2024-01-24,7.1053
2024-01-25,7.1044
2024-01-26,7.1074
2024-01-29,7.1097
2024-01-30,7.1055
2024-01-31,7.1039
2024-02-01,7.1049
2024-02-02,7.1006
2024-02-05,7.107
2024-02-06,7.1082
2024-02-07,7.1049
2024-02-08,7.1063
2024-02-09,7.1036
2024-02-19,7.1032
2024-02-20,7.1068
2024-02-21,7.103
2024-02-22,7.1018
2024-02-23,7.1064
2024-02-26,7.108
2024-02-27,7.1057
2024-02-28,7.1075
2024-02-29,7.1036
2024-03-01,7.1059
2024-03-04,7.102
2024-03-05,7.1027
2024-03-06,7.1016
2024-03-07,7.1002
2024-03-08,7.0978
2024-03-11,7.0969
2024-03-12,7.0963
2024-03-13,7.093
2024-03-14,7.0974
2024-03-15,7.0975
2024-03-18,7.0943
2024-03-19,7.0985
2024-03-20,7.0968
2024-03-21,7.0942
2024-03-22,7.1004
2024-03-25,7.0996
2024-03-26,7.0943
2024-03-27,7.0946
2024-03-28,7.0948
2024-03-29,7.095
2024-04-01,7.0938
2024-04-02,7.0957
2024-04-03,7.0949
2024-04-08,7.0947
2024-04-09,7.0956
2024-04-10,7.0959
2024-04-11,7.0968
2024-04-12,7.0967
2024-04-15,7.0979
2024-04-16,7.1028
2024-04-17,7.1025
2024-04-18,7.102
2024-04-19,7.1046
2024-04-22,7.1043
2024-04-23,7.1059
2024-04-24,7.1048
2024-04-25,7.1058
2024-04-26,7.1056
2024-04-29,7.1066
2024-04-30,7.1063
2024-05-06,7.0994
2024-05-07,7.1002
2024-05-08,7.1016
2024-05-09,7.1028
2024-05-10,7.1011
2024-05-13,7.103
2024-05-14,7.1053
2024-05-15,7.1049
2024-05-16,7.102
2024-05-17,7.1045
2024-05-20,7.1042
2024-05-21,7.1069
2024-05-22,7.1077
2024-05-23,7.1098
2024-05-24,7.1102
2024-05-27,7.1091
2024-05-28,7.1101
2024-05-29,7.1106
2024-05-30,7.1111
2024-05-31,7.1088
2024-06-03,7.1086
2024-06-04,7.1083
2024-06-05,7.1097
2024-06-06,7.1108
2024-06-07,7.1106
2024-06-11,7.1135
2024-06-12,7.1133
2024-06-13,7.1122
2024-06-14,7.1151
2024-06-17,7.1149
2024-06-18,7.1148
2024-06-19,7.1159
2024-06-20,7.1192
2024-06-21,7.1196
2024-06-24,7.1201
2024-06-25,7.1225
2024-06-26,7.1248
2024-06-27,7.127
2024-06-28,7.1268
2024-07-01,7.1265
2024-07-02,7.1291
2024-07-03,7.1312
2024-07-04,7.1305
2024-07-05,7.1289
2024-07-08,7.1286
2024-07-09,7.131
2024-07-10,7.1342
2024-07-11,7.1339
2024-07-12,7.1315
2024-07-15,7.1313
2024-07-16,7.1328
2024-07-17,7.1318
2024-07-18,7.1285
2024-07-19,7.1315
2024-07-22,7.1335
2024-07-23,7.1334
2024-07-24,7.1358
2024-07-25,7.1321
2024-07-26,7.127
2024-07-29,7.1316
2024-07-30,7.1364
2024-07-31,7.1346
2024-08-01,7.1323
2024-08-02,7.1376
2024-08-05,7.1345
2024-08-06,7.1318
2024-08-07,7.1386
2024-08-08,7.146
2024-08-09,7.1449
2024-08-12,7.1458
2024-08-13,7.1479
2024-08-14,7.1415
2024-08-15,7.1399
2024-08-16,7.1464
2024-08-19,7.1415
2024-08-20,7.1325
2024-08-21,7.1307
2024-08-22,7.1228
2024-08-23,7.1358
2024-08-26,7.1139
2024-08-27,7.1249
2024-08-28,7.1216
2024-08-29,7.1299
2024-08-30,7.1124
2024-09-02,7.1027
2024-09-03,7.1112
2024-09-04,7.1148
2024-09-05,7.0989
2024-09-06,7.0925
2024-09-09,7.0989
2024-09-10,7.1136
2024-09-11,7.1182
2024-09-12,7.1214
2024-09-13,7.103
2024-09-18,7.087
2024-09-19,7.0983
2024-09-20,7.0644
2024-09-23,7.0531
2024-09-24,7.051
2024-09-25,7.0202
2024-09-26,7.0354
2024-09-27,7.0101
2024-09-30,7.0074
2024-10-08,7.0709
2024-10-09,7.0568
2024-10-10,7.0742
2024-10-11,7.0731
2024-10-14,7.0723
2024-10-15,7.083
2024-10-16,7.1191
2024-10-17,7.122
2024-10-18,7.1274
2024-10-21,7.0982
2024-10-22,7.1223
2024-10-23,7.1245
2024-10-24,7.1286
2024-10-25,7.109
2024-10-28,7.1307
2024-10-29,7.1283
2024-10-30,7.139
2024-10-31,7.125
2024-11-01,7.1135
2024-11-04,7.1203
2024-11-05,7.1016
2024-11-06,7.0993
2024-11-07,7.1659
2024-11-08,7.1433
2024-11-11,7.1786
2024-11-12,7.1927
2024-11-13,7.1991
2024-11-14,7.1966
2024-11-15,7.1992
2024-11-18,7.1907
2024-11-19,7.1911
2024-11-20,7.1935
2024-11-21,7.1934
2024-11-22,7.1942
2024-11-25,7.1918
2024-11-26,7.191
2024-11-27,7.1982
2024-11-28,7.1894
2024-11-29,7.1877
2024-12-02,7.1865
2024-12-03,7.1996
2024-12-04,7.1934
2024-12-05,7.1879
2024-12-06,7.1848
2024-12-09,7.187
2024-12-10,7.1896
2024-12-11,7.1843
2024-12-12,7.1854
2024-12-13,7.1876
2024-12-16,7.1882
2024-12-17,7.1891
2024-12-18,7.188
2024-12-19,7.1911
2024-12-20,7.1901
2024-12-23,7.187
2024-12-24,7.1876
2024-12-25,7.1868
2024-12-26,7.1897
2024-12-27,7.1893
2024-12-30,7.1889
2024-12-31,7.1884
2025-01-02,7.1879
2025-01-03,7.1878
2025-01-06,7.1876
2025-01-07,7.1879
2025-01-08,7.1887
2025-01-09,7.1886
2025-01-10,7.1891
2025-01-13,7.1885
2025-01-14,7.1878
2025-01-15,7.1883
2025-01-16,7.1881
2025-01-17,7.1889
2025-01-20,7.1886
2025-01-21,7.1703
2025-01-22,7.1696
2025-01-23,7.1708
2025-01-24,7.1705
2025-01-27,7.1698
2025-02-05,7.1693
2025-02-06,7.1691
2025-02-07,7.1699
2025-02-10,7.1707
2025-02-11,7.1716
2025-02-12,7.171
2025-02-13,7.1719
2025-02-14,7.1706
2025-02-17,7.1702
2025-02-18,7.1697
2025-02-19,7.1705
2025-02-20,7.1712
2025-02-21,7.1696
2025-02-24,7.1717
2025-02-25,7.1726
2025-02-26,7.1732
2025-02-27,7.174
2025-02-28,7.1738
2025-03-03,7.1745
2025-03-04,7.1739
2025-03-05,7.1714
2025-03-06,7.1692
2025-03-07,7.1705
2025-03-10,7.1733
2025-03-11,7.1741
2025-03-12,7.1696
2025-03-13,7.1728
2025-03-14,7.1738
2025-03-17,7.1688
2025-03-18,7.1733
2025-03-19,7.1697
2025-03-20,7.1754
2025-03-21,7.176
2025-03-24,7.178
2025-03-25,7.1788
2025-03-26,7.1754
2025-03-27,7.1763
2025-03-28,7.1752
2025-03-31,7.1782
2025-04-01,7.1775
2025-04-02,7.1793
2025-04-03,7.1889
2025-04-07,7.198
2025-04-08,7.2038
2025-04-09,7.2066
2025-04-10,7.2092
2025-04-11,7.2087
2025-04-14,7.211
2025-04-15,7.2096
2025-04-16,7.2133
2025-04-17,7.2085
2025-04-18,7.2069
2025-04-21,7.2055
2025-04-22,7.2074
2025-04-23,7.2116
2025-04-24,7.2098
2025-04-25,7.2066
2025-04-28,7.2043
2025-04-29,7.2029
2025-04-30,7.2014
2025-05-06,7.2008
2025-05-07,7.2005
2025-05-08,7.2073
2025-05-09,7.2095
2025-05-12,7.2066
2025-05-13,7.1991
2025-05-14,7.1956
2025-05-15,7.1963
2025-05-16,7.1938
2025-05-19,7.1916
2025-05-20,7.1931
2025-05-21,7.1937
2025-05-22,7.1903
2025-05-23,7.1919
2025-05-26,7.1833
2025-05-27,7.1876
2025-05-28,7.1894
2025-05-29,7.1907
2025-05-30,7.1848
2025-06-03,7.1869
2025-06-04,7.1886
2025-06-05,7.1865
2025-06-06,7.1845
2025-06-09,7.1855
2025-06-10,7.184
2025-06-11,7.1815
2025-06-12,7.1803
2025-06-13,7.1772
2025-06-16,7.1789
2025-06-17,7.1746
2025-06-18,7.1761
2025-06-19,7.1729
2025-06-20,7.1695
2025-06-23,7.171
2025-06-24,7.1656
2025-06-25,7.1668
2025-06-26,7.162
2025-06-27,7.1627
2025-06-30,7.1586
2025-07-01,7.1534
2025-07-02,7.1546
2025-07-03,7.1523
2025-07-04,7.1535
2025-07-07,7.1506
2025-07-08,7.1534
2025-07-09,7.1541
2025-07-10,7.151
2025-07-11,7.1475
2025-07-14,7.1491
2025-07-15,7.1498
2025-07-16,7.1526
2025-07-17,7.1461
2025-07-18,7.1498
2025-07-21,7.1522
2025-07-22,7.146
2025-07-23,7.1414
2025-07-24,7.1385
2025-07-25,7.1419
2025-07-28,7.1467
2025-07-29,7.1511
2025-07-30,7.1441
2025-07-31,7.1494
2025-08-01,7.1496
2025-08-04,7.1395
2025-08-05,7.1366
2025-08-06,7.1409
2025-08-07,7.1345
2025-08-08,7.1382
2025-08-11,7.1405
2025-08-12,7.1418
2025-08-13,7.135
2025-08-14,7.1337
2025-08-15,7.1371
2025-08-18,7.1322
2025-08-19,7.1359
2025-08-20,7.1384
2025-08-21,7.1287
2025-08-22,7.1321
2025-08-25,7.1161
2025-08-26,7.1188
2025-08-27,7.1108
2025-08-28,7.1063
2025-08-29,7.103
2025-09-01,7.1072
2025-09-02,7.1089
2025-09-03,7.1108
2025-09-04,7.1052
2025-09-05,7.1064
2025-09-08,7.1029
2025-09-09,7.1008
2025-09-10,7.1062
2025-09-11,7.1034
2025-09-12,7.1019
2025-09-15,7.1056
2025-09-16,7.1027
2025-09-17,7.1013
2025-09-18,7.1085
2025-09-19,7.1128
2025-09-22,7.1106
2025-09-23,7.1057
2025-09-24,7.1077
2025-09-25,7.1118
2025-09-26,7.1152
2025-09-29,7.1089
2025-09-30,7.1055
2025-10-09,7.1102
2025-10-10,7.1048
2025-10-13,7.1007
2025-10-14,7.1021
2025-10-15,7.0995
2025-10-16,7.0968
2025-10-17,7.0949
2025-10-20,7.0973
2025-10-21,7.093
2025-10-22,7.0954
2025-10-23,7.0918
2025-10-24,7.0928
2025-10-27,7.0881
2025-10-28,7.0856
2025-10-29,7.0843
2025-10-30,7.0864
2025-10-31,7.088
2025-11-03,7.0867
2025-11-04,7.0885
2025-11-05,7.0901
2025-11-06,7.0865
2025-11-07,7.0836
2025-11-10,7.0856
2025-11-11,7.0866
2025-11-12,7.0833
2025-11-13,7.0865
2025-11-14,7.0825
2025-11-17,7.0816
2025-11-18,7.0856
2025-11-19,7.0872
2025-11-20,7.0905
2025-11-21,7.0875
2025-11-24,7.0847
2025-11-25,7.0826
2025-11-26,7.0796
2025-11-27,7.0779
2025-11-28,7.0789
2025-12-01,7.0759
2025-12-02,7.0794
2025-12-03,7.0754
2025-12-04,7.0733
2025-12-05,7.0749
2025-12-08,7.0764
2025-12-09,7.0773
2025-12-10,7.0753
2025-12-11,7.0686
2025-12-12,7.0638
2025-12-15,7.0656
2025-12-16,7.0602
2025-12-17,7.0573
2025-12-18,7.0583
2025-12-19,7.055
2025-12-22,7.0572
2025-12-23,7.0523
2025-12-24,7.0471
2025-12-25,7.0392
2025-12-26,7.0358
2025-12-29,7.0331
2025-12-30,7.0348
2025-12-31,7.0288
2026-01-05,7.023
2026-01-06,7.0173
2026-01-07,7.0187
2026-01-08,7.0197
2026-01-09,7.0128
2026-01-12,7.0108
2026-01-13,7.0103
2026-01-14,7.012
2026-01-15,7.0064
2026-01-16,7.0078
2026-01-19,7.0051
2026-01-20,7.0006
2026-01-21,7.0014
2026-01-22,7.0019
2026-01-23,6.9929
2026-01-26,6.9843
2026-01-27,6.9858
2026-01-28,6.9755
2026-01-29,6.9771
2026-01-30,6.9678
2026-02-02,6.9695
2026-02-03,6.9608
2026-02-04,6.9533
2026-02-05,6.957
2026-02-06,6.959
2026-02-09,6.9523
2026-02-10,6.9458
2026-02-11,6.9438
2026-02-12,6.9457
2026-02-13,6.9398
2026-02-24,6.9414
2026-02-25,6.9321
2026-02-26,6.9228
2026-02-27,6.9228
2026-03-02,6.9236
2026-03-03,6.9088
2026-03-04,6.9124
2026-03-05,6.9007
2026-03-06,6.9025
2026-03-09,6.9158
2026-03-10,6.8982
2026-03-11,6.8917
2026-03-12,6.8959
2026-03-13,6.9007
2026-03-16,6.9057
2026-03-17,6.8961
2026-03-18,6.8909
2026-03-19,6.8975
2026-03-20,6.8898
2026-03-23,6.9041
2026-03-24,6.8943
2026-03-25,6.8911
2026-03-26,6.9056
2026-03-27,6.9141
2026-03-30,6.9223
2026-03-31,6.9194
2026-04-01,6.9025
2026-04-02,6.888
2026-04-03,6.8929
2026-04-07,6.8854
2026-04-08,6.868
2026-04-09,6.8649
2026-04-10,6.8654
2026-04-13,6.8657
2026-04-14,6.8593
2026-04-15,6.8582
2026-04-16,6.8616
2026-04-17,6.8622
2026-04-20,6.8648
2026-04-21,6.8594
2026-04-22,6.8635
2026-04-23,6.865
2026-04-24,6.8674
2026-04-27,6.8579
2026-04-28,6.8589
2026-04-29,6.8608
2026-04-30,6.8628
2026-05-06,6.8562
2026-05-07,6.8487
2026-05-08,6.8502
2026-05-11,6.8467
2026-05-12,6.8426
2026-05-13,6.8431
2026-05-14,6.8401
2026-05-15,6.8415
2026-05-18,6.8435
2026-05-19,6.8375
2026-05-20,6.8397
2026-05-21,6.8349
2026-05-22,6.8373
2026-05-25,6.8318
2026-05-26,6.8288
2026-05-27,6.8291
2026-05-28,6.824
2026-05-29,6.8176
2026-06-01,6.8167
2026-06-02,6.8187
2026-06-03,6.8184
2026-06-04,6.8203
2026-06-05,6.8157
2026-06-08,6.8198
2026-06-09,6.8147
2026-06-10,6.813
2026-06-11,6.815
2026-06-12,6.8109
2026-06-15,6.8088
2026-06-16,6.8108
2026-06-17,6.8096
2026-06-18,6.813
2026-06-22,6.815
2026-06-23,6.8171
2026-06-24,6.8195
2026-06-25,6.8209
2026-06-26,6.8166
2026-06-29,6.8175
2026-06-30,6.8109
2026-07-01,6.8067
2026-07-02,6.8088
2026-07-03,6.8047
2026-07-06,6.8066
2026-07-07,6.8054
2026-07-08,6.8077
2026-07-09,6.8036
2026-07-10,6.7989
2026-07-13,6.7972
2026-07-14,6.799
2026-07-15,6.791
2026-07-16,6.7909
2026-07-17,6.7934
2026-07-20,6.7948
2026-07-21,6.7917
2026-07-22,6.7933
2026-07-23,6.7906
2026-07-24,6.7939
2026-07-27,6.7911
2026-07-28,6.7928
2026-07-29,6.7899
2026-07-30,6.7892
2026-07-31,6.7894
2026-08-03,6.7898
2026-08-04,6.7917
2026-08-05,6.7889
2026-08-06,6.7895
2026-08-07,6.7904
2026-08-10,6.7884
2026-08-11,6.79
2026-08-12,6.7882
2026-08-13,6.7888
2026-08-14,6.7878
2026-08-17,6.7873
2026-08-18,6.7905
2026-08-19,6.7854
2026-08-20,6.7808
2026-08-21,6.7817
2026-08-24,6.7841
2026-08-25,6.7852
2026-08-26,6.7829
2026-08-27,6.784
2026-08-28,6.7811
2026-08-31,6.7828
2026-09-01,6.7809
2026-09-02,6.7829
2026-09-03,6.7807
2026-09-04,6.7787
2026-09-07,6.7795
2026-09-08,6.7804
2026-09-09,6.7769
2026-09-10,6.7766
2026-09-11,6.7743
