date,usd_twd,usd_cny,usd_php
1994/01/01,,8.7,
1994/01/03,,8.7,
1994/01/04,,8.7,
1994/01/05,,8.7,
1994/01/06,,8.7,
1994/01/07,,8.69,
1994/01/08,,8.7,
1994/01/10,,8.7,
1994/01/11,,8.7,
1994/01/12,,8.7,
1994/01/13,,8.7,
1994/01/14,,8.7,
1994/01/15,,8.7,
1994/01/17,,8.7,
1994/01/18,,8.7,
1994/01/19,,8.7,
1994/01/20,,8.7,
1994/01/21,,8.7,
1994/01/22,,8.7,
1994/01/24,,8.7,
1994/01/25,,8.71,
1994/01/26,,8.7,
1994/01/27,,8.7,
1994/01/28,,8.7,
1994/01/29,,8.7,
1994/01/31,,8.7,
1994/02/01,,8.6994,
1994/02/02,,8.701,
1994/02/03,,8.7034,
1994/02/04,,8.701,
1994/02/05,,8.7005,
1994/02/07,,8.7005,
1994/02/08,,8.7074,
1994/02/09,,8.7074,
1994/02/15,,8.7074,
1994/02/16,,8.7024,
1994/02/17,,8.7065,
1994/02/18,,8.702,
1994/02/19,,8.6988,
1994/02/21,,8.6988,
1994/02/22,,8.6995,
1994/02/23,,8.6966,
1994/02/24,,8.7022,
1994/02/25,,8.6947,
1994/02/26,,8.7044,
1994/02/28,,8.7044,
1994/03/01,,8.702,
1994/03/02,,8.705,
1994/03/03,,8.706,
1994/03/04,,8.7062,
1994/03/05,,8.7066,
1994/03/07,,8.7066,
1994/03/08,,8.705,
1994/03/09,,8.7038,
1994/03/10,,8.7003,
1994/03/11,,8.7038,
1994/03/12,,8.7005,
1994/03/14,,8.7005,
1994/03/15,,8.7,
1994/03/16,,8.7007,
1994/03/17,,8.7002,
1994/03/18,,8.6991,
1994/03/19,,8.6992,
1994/03/21,,8.6992,
1994/03/22,,8.6978,
1994/03/23,,8.6993,
1994/03/24,,8.7055,
1994/03/25,,8.7012,
1994/03/26,,8.7016,
1994/03/28,,8.7016,
1994/03/29,,8.7024,
1994/03/30,,8.7002,
1994/03/31,,8.708,
1994/04/01,,8.6987,
1994/04/04,,8.6988,
1994/04/05,,8.6967,
1994/04/06,,8.6999,
1994/04/07,,8.6982,
1994/04/08,,8.6999,
1994/04/11,,8.7001,
1994/04/12,,8.6991,
1994/04/13,,8.6992,
1994/04/14,,8.6982,
1994/04/15,,8.6971,
1994/04/18,,8.6961,
1994/04/19,,8.6952,
1994/04/20,,8.6945,
1994/04/21,,8.6937,
1994/04/22,,8.6925,
1994/04/25,,8.6925,
1994/04/26,,8.6909,
1994/04/27,,8.6894,
1994/04/28,,8.6877,
1994/04/29,,8.6872,
1994/05/03,,8.6847,
1994/05/04,,8.6784,
1994/05/05,,8.6736,
1994/05/06,,8.6682,
1994/05/09,,8.6664,
1994/05/10,,8.6653,
1994/05/11,,8.664,
1994/05/12,,8.6629,
1994/05/13,,8.662,
1994/05/16,,8.661,
1994/05/17,,8.6606,
1994/05/18,,8.6607,
1994/05/19,,8.6605,
1994/05/20,,8.6604,
1994/05/23,,8.6602,
1994/05/24,,8.6604,
1994/05/25,,8.6602,
1994/05/26,,8.6602,
1994/05/27,,8.66,
1994/05/30,,8.6598,
1994/05/31,,8.6597,
1994/06/01,,8.6596,
1994/06/02,,8.6594,
1994/06/03,,8.6591,
1994/06/06,,8.6591,
1994/06/07,,8.659,
1994/06/08,,8.659,
1994/06/09,,8.6588,
1994/06/10,,8.6585,
1994/06/13,,8.6583,
1994/06/14,,8.6581,
1994/06/15,,8.6579,
1994/06/16,,8.6575,
1994/06/17,,8.6573,
1994/07/01,,8.6517,
1994/07/04,,8.651,
1994/07/05,,8.65,
1994/07/06,,8.6496,
1994/07/07,,8.649,
1994/07/08,,8.6481,
1994/07/11,,8.6474,
1994/07/12,,8.6466,
1994/07/13,,8.6458,
1994/07/14,,8.6447,
1994/07/15,,8.6437,
1994/07/18,,8.6429,
1994/07/19,,8.6418,
1994/07/20,,8.6408,
1994/07/21,,8.6389,
1994/07/22,,8.6364,
1994/07/25,,8.6335,
1994/07/26,,8.6295,
1994/07/27,,8.6264,
1994/07/28,,8.6238,
1994/07/29,,8.6214,
1994/08/01,,8.6197,
1994/08/02,,8.6169,
1994/08/03,,8.6141,
1994/08/04,,8.6114,
1994/08/05,,8.6088,
1994/08/08,,8.6055,
1994/08/09,,8.6023,
1994/08/10,,8.6003,
1994/08/11,,8.5982,
1994/08/12,,8.5962,
1994/08/15,,8.5938,
1994/08/16,,8.5912,
1994/08/17,,8.5887,
1994/08/18,,8.5856,
1994/08/19,,8.5831,
1994/08/22,,8.5801,
1994/08/23,,8.5774,
1994/08/24,,8.5758,
1994/08/25,,8.5735,
1994/08/26,,8.5708,
1994/08/29,,8.5675,
1994/08/30,,8.5643,
1994/08/31,,8.5616,
1994/09/01,,8.5591,
1994/09/02,,8.5565,
1994/09/05,,8.554,
1994/09/06,,8.5511,
1994/09/07,,8.5491,
1994/09/08,,8.547,
1994/09/09,,8.5448,
1994/09/12,,8.5422,
1994/09/13,,8.5407,
1994/09/14,,8.5396,
1994/09/15,,8.5381,
1994/09/16,,8.5365,
1994/09/19,,8.5352,
1994/10/05,,8.53,
1994/10/06,,8.5301,
1994/10/07,,8.53,
1994/10/10,,8.53,
1994/10/11,,8.5297,
1994/10/12,,8.5297,
1994/10/13,,8.5298,
1994/10/14,,8.5297,
1994/10/17,,8.5297,
1994/10/18,,8.5296,
1994/10/19,,8.5296,
1994/10/20,,8.5295,
1994/10/21,,8.5295,
1994/10/24,,8.5295,
1994/10/25,,8.5291,
1994/10/26,,8.5285,
1994/10/27,,8.5279,
1994/10/28,,8.5273,
1994/10/31,,8.5266,
1994/11/01,,8.526,
1994/11/02,,8.5255,
1994/11/03,,8.5248,
1994/11/04,,8.5238,
1994/11/07,,8.5227,
1994/11/08,,8.5218,
1994/11/09,,8.5208,
1994/11/10,,8.52,
1994/11/11,,8.519,
1994/11/14,,8.518,
1994/11/15,,8.5174,
1994/11/16,,8.5163,
1994/11/17,,8.5153,
1994/11/18,,8.514,
1994/11/21,,8.5136,
1994/11/22,,8.5131,
1994/11/23,,8.5126,
1994/11/24,,8.512,
1994/11/25,,8.5111,
1994/11/28,,8.5105,
1994/11/29,,8.5101,
1994/11/30,,8.5093,
1994/12/01,,8.509,
1994/12/02,,8.5084,
1994/12/05,,8.5079,
1994/12/06,,8.5074,
1994/12/07,,8.507,
1994/12/08,,8.5041,
1994/12/09,,8.5025,
1994/12/12,,8.4992,
1994/12/13,,8.496,
1994/12/14,,8.493,
1994/12/15,,8.4901,
1994/12/16,,8.4874,
1994/12/19,,8.4835,
1994/12/20,,8.4801,
1994/12/21,,8.4754,
1994/12/22,,8.472,
1994/12/23,,8.4677,
1994/12/26,,8.4626,
1994/12/27,,8.4588,
1994/12/28,,8.455,
1994/12/29,,8.4518,
1994/12/30,,8.4491,
1995/01/03,,8.4462,
1995/01/04,,8.4447,
1995/01/05,,8.4437,
1995/01/06,,8.443,
1995/01/09,,8.4426,
1995/01/10,,8.4422,
1995/01/11,,8.4417,
1995/01/12,,8.4415,
1995/01/13,,8.4412,
1995/01/16,,8.4411,
1995/01/17,,8.441,
1995/01/18,,8.4407,
1995/01/19,,8.4405,
1995/01/20,,8.4402,
1995/01/23,,8.44,
1995/01/24,,8.4397,
1995/01/25,,8.4394,
1995/01/26,,8.439,
1995/01/27,,8.4387,
1995/02/06,,8.4384,
1995/02/07,,8.438,
1995/02/08,,8.4375,
1995/02/09,,8.437,
1995/02/10,,8.4364,
1995/02/13,,8.436,
1995/02/14,,8.4355,
1995/02/15,,8.4352,
1995/02/16,,8.4351,
1995/02/17,,8.4352,
1995/02/20,,8.4345,
1995/02/21,,8.434,
1995/02/22,,8.4337,
1995/02/23,,8.4329,
1995/02/24,,8.4324,
1995/02/27,,8.432,
1995/02/28,,8.4316,
1995/03/01,,8.4311,
1995/03/02,,8.4308,
1995/03/03,,8.4299,
1995/03/06,,8.4294,
1995/03/07,,8.4282,
1995/03/08,,8.4273,
1995/03/09,,8.4265,
1995/03/10,,8.4259,
1995/03/13,,8.4261,
1995/03/14,,8.4264,
1995/03/15,,8.4265,
1995/03/16,,8.4274,
1995/03/17,,8.428,
1995/03/20,,8.4273,
1995/03/21,,8.427,
1995/03/22,,8.4262,
1995/03/23,,8.4268,
1995/03/24,,8.4272,
1995/03/27,,8.4276,
1995/03/28,,8.4277,
1995/03/29,,8.4277,
1995/03/30,,8.4275,
1995/03/31,,8.4269,
1995/04/03,,8.4264,
1995/04/04,,8.426,
1995/04/05,,8.4257,
1995/04/06,,8.4256,
1995/04/07,,8.4252,
1995/04/10,,8.4251,
1995/04/11,,8.4252,
1995/04/12,,8.425,
1995/04/13,,8.4246,
1995/04/14,,8.4242,
1995/04/17,,8.4241,
1995/04/18,,8.4238,
1995/04/19,,8.4236,
1995/04/20,,8.4234,
1995/04/21,,8.4232,
1995/04/24,,8.423,
1995/04/25,,8.4227,
1995/04/26,,8.4205,
1995/04/27,,8.4138,
1995/04/28,,8.4102,
1995/05/02,,8.4074,
1995/05/03,,8.3952,
1995/05/04,,8.3794,
1995/05/05,,8.3648,
1995/05/08,,8.3442,
1995/05/09,,8.3347,
1995/05/10,,8.3247,
1995/05/11,,8.3053,
1995/05/12,,8.295,
1995/05/15,,8.2828,
1995/05/16,,8.2716,
1995/05/17,,8.2782,
1995/05/18,,8.2863,
1995/05/19,,8.2907,
1995/05/22,,8.2932,
1995/05/23,,8.2959,
1995/05/24,,8.2988,
1995/05/25,,8.3022,
1995/05/26,,8.3041,
1995/05/29,,8.3063,
1995/05/30,,8.3086,
1995/05/31,,8.3077,
1995/06/01,,8.3055,
1995/06/02,,8.3036,
1995/06/05,,8.3018,
1995/06/06,,8.2998,
1995/06/07,,8.3004,
1995/06/08,,8.2983,
1995/06/09,,8.2966,
1995/06/12,,8.3,
1995/06/13,,8.3006,
1995/06/14,,8.3003,
1995/06/15,,8.3,
1995/06/16,,8.3019,
1995/06/19,,8.3004,
1995/06/20,,8.3002,
1995/06/21,,8.3,
1995/06/22,,8.3009,
1995/06/23,,8.3018,
1995/06/26,,8.3015,
1995/06/27,,8.3013,
1995/06/28,,8.3007,
1995/06/29,,8.3007,
1995/06/30,,8.3011,
1995/07/03,,8.3011,
1995/07/04,,8.3007,
1995/07/05,,8.3005,
1995/07/06,,8.3001,
1995/07/07,,8.3,
1995/07/10,,8.3,
1995/07/11,,8.3023,
1995/07/12,,8.302,
1995/07/13,,8.3017,
1995/07/14,,8.3014,
1995/07/17,,8.3011,
1995/07/18,,8.3009,
1995/07/19,,8.3013,
1995/07/20,,8.3011,
1995/07/21,,8.3004,
1995/07/24,,8.3002,
1995/07/25,,8.3004,
1995/07/26,,8.3003,
1995/07/27,,8.3002,
1995/07/28,,8.3005,
1995/07/31,,8.3003,
1995/08/01,,8.3,
1995/08/02,,8.3,
1995/08/03,,8.3002,
1995/08/04,,8.3004,
1995/08/07,,8.3002,
1995/08/08,,8.3,
1995/08/09,,8.3014,
1995/08/10,,8.3016,
1995/08/11,,8.3023,
1995/08/14,,8.3025,
1995/08/15,,8.3038,
1995/08/16,,8.3057,
1995/08/17,,8.3094,
1995/08/18,,8.3106,
1995/08/21,,8.3117,
1995/08/22,,8.3122,
1995/08/23,,8.3125,
1995/08/24,,8.3133,
1995/08/25,,8.3148,
1995/08/28,,8.3153,
1995/08/29,,8.3165,
1995/08/30,,8.3182,
1995/08/31,,8.3193,
1995/09/01,,8.3198,
1995/09/04,,8.3192,
1995/09/05,,8.3186,
1995/09/06,,8.3181,
1995/09/07,,8.3178,
1995/09/08,,8.3175,
1995/09/11,,8.3171,
1995/09/12,,8.3177,
1995/09/13,,8.318,
1995/09/14,,8.3184,
1995/09/15,,8.319,
1995/09/18,,8.3194,
1995/09/19,,8.3197,
1995/09/20,,8.3192,
1995/09/21,,8.3198,
1995/09/22,,8.3194,
1995/09/25,,8.3194,
1995/09/26,,8.3191,
1995/09/27,,8.3192,
1995/09/28,,8.319,
1995/09/29,,8.3189,
1995/10/04,,8.3185,
1995/10/05,,8.3185,
1995/10/06,,8.318,
1995/10/09,,8.3174,
1995/10/10,,8.3167,
1995/10/11,,8.3158,
1995/10/12,,8.315,
1995/10/13,,8.3144,
1995/10/16,,8.3142,
1995/10/17,,8.3148,
1995/10/18,,8.3148,
1995/10/19,,8.3141,
1995/10/20,,8.3142,
1995/10/23,,8.3144,
1995/10/24,,8.3139,
1995/10/25,,8.3136,
1995/10/26,,8.3137,
1995/10/27,,8.3143,
1995/10/30,,8.3144,
1995/10/31,,8.3149,
1995/11/01,,8.3149,
1995/11/02,,8.3146,
1995/11/03,,8.3148,
1995/11/06,,8.3147,
1995/11/07,,8.3147,
1995/11/08,,8.3149,
1995/11/09,,8.3148,
1995/11/10,,8.3146,
1995/11/13,,8.314,
1995/11/14,,8.3139,
1995/11/15,,8.3136,
1995/11/16,,8.3131,
1995/11/17,,8.3135,
1995/11/20,,8.3132,
1995/11/21,,8.313,
1995/11/22,,8.3129,
1995/11/23,,8.3128,
1995/11/24,,8.3126,
1995/11/27,,8.3122,
1995/11/28,,8.3114,
1995/11/29,,8.3116,
1995/11/30,,8.312,
1995/12/01,,8.3119,
1995/12/04,,8.3127,
1995/12/05,,8.3131,
1995/12/06,,8.3132,
1995/12/07,,8.3133,
1995/12/08,,8.3135,
1995/12/11,,8.3138,
1995/12/12,,8.3147,
1995/12/13,,8.3148,
1995/12/14,,8.3146,
1995/12/15,,8.3154,
1995/12/18,,8.3171,
1995/12/19,,8.318,
1995/12/20,,8.3176,
1995/12/21,,8.3174,
1995/12/22,,8.3173,
1995/12/25,,8.3174,
1995/12/26,,8.318,
1995/12/27,,8.3179,
1995/12/28,,8.3179,
1995/12/29,,8.3179,
1996/01/02,,8.3174,
1996/01/03,,8.318,
1996/01/04,,8.3191,
1996/01/05,,8.3203,
1996/01/08,,8.3204,
1996/01/09,,8.3215,
1996/01/10,,8.3214,
1996/01/11,,8.3208,
1996/01/12,,8.3204,
1996/01/15,,8.3404,
1996/01/16,,8.3206,
1996/01/17,,8.3204,
1996/01/18,,8.3202,
1996/01/19,,8.3191,
1996/01/22,,8.3178,
1996/01/23,,8.3174,
1996/01/24,,8.317,
1996/01/25,,8.3163,
1996/01/26,,8.3167,
1996/01/29,,8.3157,
1996/01/30,,8.315,
1996/01/31,,8.3147,
1996/02/01,,8.3138,
1996/02/02,,8.3132,
1996/02/05,,8.3127,
1996/02/06,,8.3131,
1996/02/07,,8.312,
1996/02/08,,8.3111,
1996/02/09,,8.31,
1996/02/12,,8.3094,
1996/02/13,,8.3092,
1996/02/14,,8.3104,
1996/02/15,,8.31,
1996/02/16,,8.3112,
1996/02/17,,8.3136,
1996/02/18,,8.3141,
1996/02/26,,8.3152,
1996/02/27,,8.3169,
1996/02/28,,8.3196,
1996/02/29,,8.3207,
1996/03/01,,8.3211,
1996/03/04,,8.321,
1996/03/05,,8.3208,
1996/03/06,,8.321,
1996/03/07,,8.3223,
1996/03/08,,8.3229,
1996/03/11,,8.3239,
1996/03/12,,8.3263,
1996/03/13,,8.3299,
1996/03/14,,8.3348,
1996/03/15,,8.3333,
1996/03/18,,8.3317,
1996/03/19,,8.3327,
1996/03/20,,8.333,
1996/03/21,,8.332,
1996/03/22,,8.3318,
1996/03/25,,8.3333,
1996/03/26,,8.3349,
1996/03/27,,8.3342,
1996/03/28,,8.3333,
1996/03/29,,8.3355,
1996/04/01,,8.3339,
1996/04/02,,8.3339,
1996/04/03,,8.3339,
1996/04/04,,8.3338,
1996/04/05,,8.3325,
1996/04/08,,8.3311,
1996/04/09,,8.3312,
1996/04/10,,8.3315,
1996/04/11,,8.3318,
1996/04/12,,8.3324,
1996/04/15,,8.3322,
1996/04/16,,8.3321,
1996/04/17,,8.3317,
1996/04/18,,8.3312,
1996/04/19,,8.3309,
1996/04/22,,8.3306,
1996/04/23,,8.33,
1996/04/24,,8.3302,
1996/04/25,,8.3301,
1996/04/26,,8.3301,
1996/04/29,,8.33,
1996/04/30,,8.3306,
1996/05/02,,8.3301,
1996/05/03,,8.3301,
1996/05/06,,8.33,
1996/05/07,,8.33,
1996/05/08,,8.33,
1996/05/09,,8.33,
1996/05/10,,8.3301,
1996/05/13,,8.3302,
1996/05/14,,8.3302,
1996/05/15,,8.33,
1996/05/16,,8.3301,
1996/05/17,,8.33,
1996/05/20,,8.3293,
1996/05/21,,8.3284,
1996/05/22,,8.3273,
1996/05/23,,8.3272,
1996/05/24,,8.3267,
1996/05/27,,8.3261,
1996/05/28,,8.3257,
1996/05/29,,8.3248,
1996/05/30,,8.3262,
1996/05/31,,8.3263,
1996/06/03,,8.3255,
1996/06/04,,8.3254,
1996/06/05,,8.3249,
1996/06/06,,8.3239,
1996/06/07,,8.3234,
1996/06/10,,8.3237,
1996/06/11,,8.3234,
1996/06/12,,8.3235,
1996/06/13,,8.3229,
1996/06/14,,8.3221,
1996/06/17,,8.3217,
1996/06/18,,8.3222,
1996/06/19,,8.3224,
1996/06/20,,8.3218,
1996/06/21,,8.3212,
1996/06/24,,8.3203,
1996/06/25,,8.3201,
1996/06/26,,8.3206,
1996/06/27,,8.3206,
1996/06/28,,8.321,
1996/07/01,,8.3221,
1996/07/02,,8.3217,
1996/07/03,,8.3211,
1996/07/04,,8.3201,
1996/07/05,,8.3202,
1996/07/08,,8.32,
1996/07/09,,8.3187,
1996/07/10,,8.3172,
1996/07/11,,8.3161,
1996/07/12,,8.316,
1996/07/15,,8.3159,
1996/07/16,,8.3165,
1996/07/17,,8.3151,
1996/07/18,,8.3152,
1996/07/19,,8.3147,
1996/07/22,,8.3152,
1996/07/23,,8.314,
1996/07/24,,8.3132,
1996/07/25,,8.313,
1996/07/26,,8.3127,
1996/07/29,,8.3114,
1996/07/30,,8.3111,
1996/07/31,,8.3109,
1996/08/01,,8.3107,
1996/08/02,,8.3105,
1996/08/05,,8.3104,
1996/08/06,,8.31,
1996/08/07,,8.3098,
1996/08/08,,8.3095,
1996/08/09,,8.3095,
1996/08/12,,8.309,
1996/08/13,,8.3086,
1996/08/14,,8.308,
1996/08/15,,8.3074,
1996/08/16,,8.3072,
1996/08/19,,8.3069,
1996/08/20,,8.3066,
1996/08/21,,8.3065,
1996/08/22,,8.3071,
1996/08/23,,8.3069,
1996/08/26,,8.3071,
1996/08/27,,8.3071,
1996/08/28,,8.3069,
1996/08/29,,8.3066,
1996/08/30,,8.3064,
1996/09/02,,8.3063,
1996/09/03,,8.3061,
1996/09/04,,8.306,
1996/09/05,,8.3061,
1996/09/06,,8.3059,
1996/09/09,,8.3057,
1996/09/10,,8.3055,
1996/09/11,,8.3054,
1996/09/12,,8.3053,
1996/09/13,,8.3052,
1996/09/16,,8.305,
1996/09/17,,8.3046,
1996/09/18,,8.3043,
1996/09/19,,8.3041,
1996/09/20,,8.3036,
1996/09/23,,8.303,
1996/09/24,,8.3024,
1996/09/25,,8.3022,
1996/09/26,,8.3025,
1996/09/27,,8.3021,
1996/09/28,,8.3017,
1996/10/03,,8.3017,
1996/10/04,,8.3015,
1996/10/07,,8.3007,
1996/10/08,,8.3007,
1996/10/09,,8.3005,
1996/10/10,,8.3005,
1996/10/11,,8.2999,
1996/10/14,,8.2993,
1996/10/15,,8.2988,
1996/10/16,,8.2981,
1996/10/17,,8.2975,
1996/10/18,,8.297,
1996/10/21,,8.2778,
1996/10/22,,8.2991,
1996/10/23,,8.3001,
1996/10/24,,8.3001,
1996/10/25,,8.3006,
1996/10/28,,8.301,
1996/10/29,,8.3012,
1996/10/30,,8.3007,
1996/10/31,,8.3007,
1996/11/01,,8.2997,
1996/11/04,,8.2985,
1996/11/05,,8.2979,
1996/11/06,,8.2977,
1996/11/07,,8.2975,
1996/11/08,,8.2973,
1996/11/11,,8.297,
1996/11/12,,8.2966,
1996/11/13,,8.2967,
1996/11/14,,8.2981,
1996/11/15,,8.2994,
1996/11/18,,8.3,
1996/11/19,,8.3002,
1996/11/20,,8.3002,
1996/11/21,,8.3001,
1996/11/22,,8.3011,
1996/11/25,,8.3017,
1996/11/26,,8.3017,
1996/11/27,,8.3012,
1996/11/28,,8.301,
1996/11/29,,8.3007,
1996/12/02,,8.3012,
1996/12/03,,8.3012,
1996/12/04,,8.3011,
1996/12/05,,8.3013,
1996/12/06,,8.3013,
1996/12/09,,8.3002,
1996/12/10,,8.2996,
1996/12/11,,8.2994,
1996/12/12,,8.2992,
1996/12/13,,8.2995,
1996/12/16,,8.299,
1996/12/17,,8.2986,
1996/12/18,,8.2983,
1996/12/19,,8.2979,
1996/12/20,,8.2975,
1996/12/23,,8.297,
1996/12/24,,8.2977,
1996/12/25,,8.298,
1996/12/26,,8.2979,
1996/12/27,,8.2977,
1996/12/30,,8.2982,
1996/12/31,,8.2982,
1997/01/02,,8.2984,
1997/01/03,,8.2983,
1997/01/06,,8.2983,
1997/01/07,,8.298,
1997/01/08,,8.2976,
1997/01/09,,8.2972,
1997/01/10,,8.2968,
1997/01/13,,8.2967,
1997/01/14,,8.2966,
1997/01/15,,8.2964,
1997/01/16,,8.2962,
1997/01/17,,8.2958,
1997/01/20,,8.2956,
1997/01/21,,8.2956,
1997/01/22,,8.2955,
1997/01/23,,8.2954,
1997/01/24,,8.2954,
1997/01/27,,8.2951,
1997/01/28,,8.2948,
1997/01/29,,8.2944,
1997/01/30,,8.294,
1997/01/31,,8.2938,
1997/02/03,,8.2934,
1997/02/04,,8.2931,
1997/02/05,,8.2927,
1997/02/06,,8.2925,
1997/02/12,,8.2916,
1997/02/13,,8.2916,
1997/02/14,,8.2922,
1997/02/17,,8.2925,
1997/02/18,,8.2924,
1997/02/19,,8.2921,
1997/02/20,,8.2938,
1997/02/21,,8.2939,
1997/02/24,,8.2941,
1997/02/25,,8.2938,
1997/02/26,,8.294,
1997/02/27,,8.2948,
1997/02/28,,8.2948,
1997/03/03,,8.2954,
1997/03/04,,8.296,
1997/03/05,,8.2953,
1997/03/06,,8.295,
1997/03/07,,8.2957,
1997/03/10,,8.2957,
1997/03/11,,8.2953,
1997/03/12,,8.2952,
1997/03/13,,8.2953,
1997/03/14,,8.2955,
1997/03/17,,8.2955,
1997/03/18,,8.2958,
1997/03/19,,8.2958,
1997/03/20,,8.2959,
1997/03/21,,8.2959,
1997/03/24,,8.2956,
1997/03/25,,8.2956,
1997/03/26,,8.2968,
1997/03/27,,8.2966,
1997/03/28,,8.2964,
1997/03/31,,8.2964,
1997/04/01,,8.2955,
1997/04/02,,8.2953,
1997/04/03,,8.2963,
1997/04/04,,8.2969,
1997/04/07,,8.2968,
1997/04/08,,8.2966,
1997/04/09,,8.2966,
1997/04/10,,8.2965,
1997/04/11,,8.2965,
1997/04/14,,8.2969,
1997/04/15,,8.2965,
1997/04/16,,8.2961,
1997/04/17,,8.2956,
1997/04/18,,8.2951,
1997/04/21,,8.2951,
1997/04/22,,8.2948,
1997/04/23,,8.2949,
1997/04/24,,8.2946,
1997/04/25,,8.2948,
1997/04/28,,8.2943,
1997/04/29,,8.2949,
1997/04/30,,8.2946,
1997/05/04,,8.2945,
1997/05/05,,8.2949,
1997/05/06,,8.2947,
1997/05/07,,8.2943,
1997/05/08,,8.2938,
1997/05/09,,8.2934,
1997/05/12,,8.2931,
1997/05/13,,8.293,
1997/05/14,,8.2928,
1997/05/15,,8.2925,
1997/05/16,,8.2921,
1997/05/19,,8.2918,
1997/05/20,,8.2923,
1997/05/21,,8.2919,
1997/05/22,,8.2921,
1997/05/23,,8.2923,
1997/05/26,,8.2923,
1997/05/27,,8.2918,
1997/05/28,,8.2916,
1997/05/29,,8.2924,
1997/05/30,,8.2924,
1997/06/02,,8.2921,
1997/06/03,,8.2917,
1997/06/04,,8.2919,
1997/06/05,,8.2915,
1997/06/06,,8.2921,
1997/06/09,,8.2932,
1997/06/10,,8.2923,
1997/06/11,,8.2922,
1997/06/12,,8.2923,
1997/06/13,,8.2935,
1997/06/16,,8.293,
1997/06/17,,8.2931,
1997/06/18,,8.2928,
1997/06/19,,8.2925,
1997/06/20,,8.2915,
1997/06/23,,8.2915,
1997/06/24,,8.2916,
1997/06/25,,8.2914,
1997/06/26,,8.291,
1997/06/27,,8.291,
1997/06/28,,8.2908,
1997/07/02,,8.2907,
1997/07/03,,8.291,
1997/07/06,,8.2914,
1997/07/07,,8.2917,
1997/07/08,,8.2918,
1997/07/09,,8.2919,
1997/07/10,,8.292,
1997/07/13,,8.2913,
1997/07/14,,8.2906,
1997/07/15,,8.291,
1997/07/16,,8.2916,
1997/07/17,,8.2919,
1997/07/20,,8.291,
1997/07/21,,8.2915,
1997/07/22,,8.2911,
1997/07/23,,8.2909,
1997/07/24,,8.2909,
1997/07/27,,8.2908,
1997/07/28,,8.2905,
1997/07/29,,8.2903,
1997/07/30,,8.2903,
1997/07/31,,8.2901,
1997/08/03,,8.2903,
1997/08/04,,8.2903,
1997/08/05,,8.2905,
1997/08/06,,8.2903,
1997/08/07,,8.29,
1997/08/10,,8.2903,
1997/08/11,,8.2897,
1997/08/12,,8.2896,
1997/08/13,,8.2891,
1997/08/14,,8.2896,
1997/08/17,,8.2893,
1997/08/18,,8.2889,
1997/08/19,,8.2885,
1997/08/20,,8.289,
1997/08/21,,8.29,
1997/08/24,,8.2891,
1997/08/25,,8.289,
1997/08/26,,8.289,
1997/08/27,,8.289,
1997/08/28,,8.2892,
1997/08/31,,8.2885,
1997/09/01,,8.2884,
1997/09/02,,8.288,
1997/09/03,,8.2883,
1997/09/04,,8.2889,
1997/09/07,,8.2891,
1997/09/08,,8.2884,
1997/09/09,,8.2884,
1997/09/10,,8.2881,
1997/09/11,,8.2887,
1997/09/14,,8.2889,
1997/09/15,,8.2881,
1997/09/16,,8.2876,
1997/09/17,,8.2871,
1997/09/18,,8.2875,
1997/09/21,,8.2873,
1997/09/22,,8.2864,
1997/09/23,,8.2859,
1997/09/24,,8.2854,
1997/09/25,,8.2851,
1997/09/28,,8.285,
1997/09/29,,8.285,
1997/09/30,,8.2852,
1997/10/05,,8.2849,
1997/10/06,,8.285,
1997/10/07,,8.2845,
1997/10/08,,8.2845,
1997/10/09,,8.2843,
1997/10/12,,8.2841,
1997/10/13,,8.2835,
1997/10/14,,8.2831,
1997/10/15,,8.2832,
1997/10/16,,8.2839,
1997/10/19,,8.2842,
1997/10/20,,8.2839,
1997/10/21,,8.2835,
1997/10/22,,8.2832,
1997/10/23,,8.283,
1997/10/26,,8.2836,
1997/10/27,,8.2833,
1997/10/28,,8.2834,
1997/10/29,,8.283,
1997/10/30,,8.2832,
1997/10/31,,8.2836,
1997/11/03,,8.2834,
1997/11/04,,8.2829,
1997/11/05,,8.2826,
1997/11/06,,8.2822,
1997/11/07,,8.282,
1997/11/10,,8.2817,
1997/11/11,,8.2813,
1997/11/12,,8.281,
1997/11/13,,8.2808,
1997/11/14,,8.2805,
1997/11/17,,8.2806,
1997/11/18,,8.2805,
1997/11/19,,8.2804,
1997/11/20,,8.2803,
1997/11/21,,8.2803,
1997/11/24,,8.2802,
1997/11/25,,8.2801,
1997/11/26,,8.2802,
1997/11/27,,8.2801,
1997/11/28,,8.2801,
1997/12/01,,8.2796,
1997/12/02,,8.2796,
1997/12/03,,8.2799,
1997/12/04,,8.2801,
1997/12/07,,8.28,
1997/12/08,,8.28,
1997/12/09,,8.28,
1997/12/10,,8.28,
1997/12/11,,8.28,
1997/12/14,,8.2796,
1997/12/15,,8.2793,
1997/12/16,,8.2788,
1997/12/17,,8.2787,
1997/12/18,,8.2791,
1997/12/21,,8.2792,
1997/12/22,,8.2797,
1997/12/23,,8.2798,
1997/12/24,,8.28,
1997/12/25,,8.2799,
1997/12/28,,8.2793,
1997/12/29,,8.2793,
1997/12/30,,8.2794,
1997/12/31,,8.2798,
1998/01/04,,8.2796,
1998/01/05,,8.2798,
1998/01/06,,8.28,
1998/01/07,,8.2799,
1998/01/08,,8.28,
1998/01/09,,8.2797,
1998/01/12,,8.2796,
1998/01/13,,8.2794,
1998/01/14,,8.279,
1998/01/15,,8.2789,
1998/01/16,,8.2786,
1998/01/19,,8.2789,
1998/01/20,,8.279,
1998/01/21,,8.2786,
1998/01/22,,8.2786,
1998/01/23,,8.2784,
1998/01/24,,8.2782,
1998/01/25,,8.2783,
1998/01/26,,8.2782,
1998/01/27,,8.2789,
1998/02/04,,8.2785,
1998/02/05,,8.2789,
1998/02/06,,8.2786,
1998/02/09,,8.2785,
1998/02/10,,8.2785,
1998/02/11,,8.2789,
1998/02/12,,8.2792,
1998/02/13,,8.2795,
1998/02/16,,8.2796,
1998/02/17,,8.2798,
1998/02/18,,8.2798,
1998/02/19,,8.2796,
1998/02/20,,8.2795,
1998/02/23,,8.2792,
1998/02/24,,8.2791,
1998/02/25,,8.2791,
1998/02/26,,8.279,
1998/02/27,,8.279,
1998/03/02,,8.2789,
1998/03/03,,8.2789,
1998/03/04,,8.279,
1998/03/05,,8.2791,
1998/03/06,,8.279,
1998/03/09,,8.2788,
1998/03/10,,8.2789,
1998/03/11,,8.2791,
1998/03/12,,8.2795,
1998/03/13,,8.2795,
1998/03/16,,8.2794,
1998/03/17,,8.2792,
1998/03/18,,8.2791,
1998/03/19,,8.279,
1998/03/20,,8.2792,
1998/03/23,,8.2791,
1998/03/24,,8.2795,
1998/03/25,,8.2797,
1998/03/26,,8.2797,
1998/03/27,,8.2792,
1998/03/30,,8.2792,
1998/03/31,,8.2791,
1998/04/01,,8.2793,
1998/04/02,,8.2793,
1998/04/03,,8.2795,
1998/04/06,,8.2797,
1998/04/07,,8.2796,
1998/04/08,,8.2798,
1998/04/09,,8.2795,
1998/04/10,,8.2795,
1998/04/13,,8.2793,
1998/04/14,,8.2793,
1998/04/15,,8.2791,
1998/04/16,,8.2794,
1998/04/17,,8.2797,
1998/04/20,,8.2794,
1998/04/21,,8.2794,
1998/04/22,,8.2793,
1998/04/23,,8.2789,
1998/04/24,,8.2789,
1998/04/27,,8.2786,
1998/04/28,,8.2787,
1998/04/29,,8.2782,
1998/04/30,,8.2781,
1998/05/04,,8.2779,
1998/05/05,,8.2785,
1998/05/06,,8.2781,
1998/05/07,,8.2783,
1998/05/08,,8.2786,
1998/05/11,,8.2788,
1998/05/12,,8.2782,
1998/05/13,,8.2786,
1998/05/14,,8.2789,
1998/05/15,,8.2789,
1998/05/18,,8.279,
1998/05/19,,8.2793,
1998/05/20,,8.2796,
1998/05/21,,8.2797,
1998/05/22,,8.2795,
1998/05/25,,8.2796,
1998/05/26,,8.2794,
1998/05/27,,8.2796,
1998/05/28,,8.2797,
1998/05/29,,8.2795,
1998/06/01,,8.2793,
1998/06/02,,8.2795,
1998/06/03,,8.2798,
1998/06/04,,8.2799,
1998/06/05,,8.2795,
1998/06/08,,8.2794,
1998/06/09,,8.2798,
1998/06/10,,8.2799,
1998/06/11,,8.2797,
1998/06/12,,8.2798,
1998/06/15,,8.2799,
1998/06/16,,8.2799,
1998/06/17,,8.2799,
1998/06/18,,8.2799,
1998/06/19,,8.2798,
1998/06/22,,8.2796,
1998/06/23,,8.2796,
1998/06/24,,8.2798,
1998/06/25,,8.2798,
1998/06/26,,8.2799,
1998/06/29,,8.2797,
1998/06/30,,8.2798,
1998/07/01,,8.2797,
1998/07/02,,8.2799,
1998/07/03,,8.2799,
1998/07/06,,8.2798,
1998/07/07,,8.2798,
1998/07/08,,8.2796,
1998/07/09,,8.2799,
1998/07/10,,8.2797,
1998/07/13,,8.2797,
1998/07/14,,8.2796,
1998/07/15,,8.2796,
1998/07/16,,8.2798,
1998/07/17,,8.2798,
1998/07/20,,8.2797,
1998/07/21,,8.2798,
1998/07/22,,8.2798,
1998/07/23,,8.2797,
1998/07/24,,8.2796,
1998/07/27,,8.2796,
1998/07/28,,8.2799,
1998/07/29,,8.2799,
1998/07/30,,8.2799,
1998/07/31,,8.2799,
1998/08/03,,8.2799,
1998/08/04,,8.2799,
1998/08/05,,8.28,
1998/08/06,,8.2799,
1998/08/07,,8.2798,
1998/08/10,,8.2801,
1998/08/11,,8.2799,
1998/08/12,,8.2799,
1998/08/13,,8.2798,
1998/08/14,,8.2799,
1998/08/17,,8.2799,
1998/08/18,,8.2799,
1998/08/19,,8.2799,
1998/08/20,,8.2799,
1998/08/21,,8.2799,
1998/08/24,,8.28,
1998/08/25,,8.2799,
1998/08/26,,8.28,
1998/08/27,,8.2799,
1998/08/28,,8.28,
1998/08/31,,8.28,
1998/09/01,,8.2799,
1998/09/02,,8.28,
1998/09/03,,8.28,
1998/09/04,,8.2796,
1998/09/07,,8.2799,
1998/09/08,,8.28,
1998/09/09,,8.2798,
1998/09/10,,8.2798,
1998/09/11,,8.279,
1998/09/14,,8.2788,
1998/09/15,,8.2785,
1998/09/16,,8.2784,
1998/09/17,,8.2783,
1998/09/18,,8.2782,
1998/09/21,,8.2785,
1998/09/22,,8.2786,
1998/09/23,,8.2785,
1998/09/24,,8.2783,
1998/09/25,,8.2782,
1998/09/28,,8.2783,
1998/09/29,,8.2782,
1998/09/30,,8.278,
1998/10/05,,8.278,
1998/10/06,,8.278,
1998/10/07,,8.2779,
1998/10/08,,8.2778,
1998/10/09,,8.2777,
1998/10/12,,8.2777,
1998/10/13,,8.2775,
1998/10/14,,8.2776,
1998/10/15,,8.2777,
1998/10/16,,8.2778,
1998/10/19,,8.2776,
1998/10/20,,8.2778,
1998/10/21,,8.2779,
1998/10/22,,8.2778,
1998/10/23,,8.2782,
1998/10/26,,8.2778,
1998/10/27,,8.2777,
1998/10/28,,8.2776,
1998/10/29,,8.2778,
1998/10/30,,8.2776,
1998/11/02,,8.2778,
1998/11/03,,8.2777,
1998/11/04,,8.278,
1998/11/05,,8.2778,
1998/11/06,,8.2777,
1998/11/09,,8.2779,
1998/11/10,,8.2777,
1998/11/11,,8.2776,
1998/11/12,,8.2777,
1998/11/13,,8.2775,
1998/11/16,,8.278,
1998/11/17,,8.2778,
1998/11/18,,8.2778,
1998/11/19,,8.2779,
1998/11/20,,8.2779,
1998/11/23,,8.2777,
1998/11/24,,8.2777,
1998/11/25,,8.2778,
1998/11/26,,8.2777,
1998/11/27,,8.2778,
1998/11/30,,8.2782,
1998/12/01,,8.2782,
1998/12/02,,8.2782,
1998/12/03,,8.278,
1998/12/04,,8.2779,
1998/12/07,,8.2777,
1998/12/08,,8.2775,
1998/12/09,,8.2775,
1998/12/10,,8.2775,
1998/12/11,,8.2774,
1998/12/14,,8.2774,
1998/12/15,,8.2777,
1998/12/16,,8.2778,
1998/12/17,,8.2778,
1998/12/18,,8.2777,
1998/12/21,,8.2776,
1998/12/22,,8.2779,
1998/12/23,,8.2782,
1998/12/24,,8.2781,
1998/12/25,,8.2785,
1998/12/28,,8.2785,
1998/12/29,,8.2782,
1998/12/30,,8.2786,
1998/12/31,,8.2787,
1999/01/04,,8.2789,
1999/01/05,,8.2793,
1999/01/06,,8.2795,
1999/01/07,,8.2795,
1999/01/08,,8.2798,
1999/01/11,,8.2796,
1999/01/12,,8.2797,
1999/01/13,,8.2795,
1999/01/14,,8.2794,
1999/01/15,,8.279,
1999/01/18,,8.279,
1999/01/19,,8.2788,
1999/01/20,,8.2787,
1999/01/21,,8.2791,
1999/01/22,,8.2789,
1999/01/25,,8.2787,
1999/01/26,,8.2784,
1999/01/27,,8.278,
1999/01/28,,8.2778,
1999/01/29,,8.2778,
1999/02/01,,8.2778,
1999/02/02,,8.2775,
1999/02/03,,8.2779,
1999/02/04,,8.2776,
1999/02/05,,8.2774,
1999/02/08,,8.2775,
1999/02/09,,8.2775,
1999/02/10,,8.2774,
1999/02/11,,8.2776,
1999/02/12,,8.2778,
1999/02/13,,8.2784,
1999/02/14,,8.278,
1999/02/15,,8.2782,
1999/02/23,,8.2787,
1999/02/24,,8.2788,
1999/02/25,,8.2791,
1999/02/26,,8.2789,
1999/03/01,,8.279,
1999/03/02,,8.2792,
1999/03/03,,8.2789,
1999/03/04,,8.2786,
1999/03/05,,8.2783,
1999/03/08,,8.2784,
1999/03/09,,8.2786,
1999/03/10,,8.2791,
1999/03/11,,8.2788,
1999/03/12,,8.2789,
1999/03/15,,8.2789,
1999/03/16,,8.2789,
1999/03/17,,8.2789,
1999/03/18,,8.2788,
1999/03/19,,8.2788,
1999/03/22,,8.2793,
1999/03/23,,8.2792,
1999/03/24,,8.2795,
1999/03/25,,8.2796,
1999/03/26,,8.2798,
1999/03/29,,8.28,
1999/03/30,,8.2797,
1999/03/31,,8.28,
1999/04/01,,8.28,
1999/04/02,,8.2796,
1999/04/05,,8.2794,
1999/04/06,,8.2795,
1999/04/07,,8.2797,
1999/04/08,,8.2797,
1999/04/09,,8.2799,
1999/04/12,,8.2797,
1999/04/13,,8.2797,
1999/04/14,,8.2797,
1999/04/15,,8.2794,
1999/04/16,,8.2789,
1999/04/19,,8.2787,
1999/04/20,,8.2787,
1999/04/21,,8.2783,
1999/04/22,,8.2783,
1999/04/23,,8.2783,
1999/04/26,,8.2784,
1999/04/27,,8.2793,
1999/04/28,,8.2794,
1999/04/29,,8.2791,
1999/04/30,,8.2794,
1999/05/04,,8.279,
1999/05/05,,8.2789,
1999/05/06,,8.2789,
1999/05/07,,8.2786,
1999/05/10,,8.2783,
1999/05/11,,8.2787,
1999/05/12,,8.2782,
1999/05/13,,8.2783,
1999/05/14,,8.2778,
1999/05/17,,8.2784,
1999/05/18,,8.2785,
1999/05/19,,8.279,
1999/05/20,,8.2783,
1999/05/21,,8.278,
1999/05/24,,8.278,
1999/05/25,,8.2785,
1999/05/26,,8.2789,
1999/05/27,,8.279,
1999/05/28,,8.2788,
1999/05/31,,8.2786,
1999/06/01,,8.2784,
1999/06/02,,8.2781,
1999/06/03,,8.2787,
1999/06/04,,8.2784,
1999/06/07,,8.2781,
1999/06/08,,8.2781,
1999/06/09,,8.2779,
1999/06/10,,8.2778,
1999/06/11,,8.2777,
1999/06/14,,8.2777,
1999/06/15,,8.2776,
1999/06/16,,8.2781,
1999/06/17,,8.2776,
1999/06/18,,8.2775,
1999/06/21,,8.2774,
1999/06/22,,8.2778,
1999/06/23,,8.2781,
1999/06/24,,8.2784,
1999/06/25,,8.2779,
1999/06/28,,8.2775,
1999/06/29,,8.278,
1999/06/30,,8.2786,
1999/07/01,,8.2787,
1999/07/02,,8.2786,
1999/07/05,,8.2785,
1999/07/06,,8.2787,
1999/07/07,,8.2782,
1999/07/08,,8.2783,
1999/07/09,,8.2781,
1999/07/12,,8.2777,
1999/07/13,,8.2776,
1999/07/14,,8.2775,
1999/07/15,,8.2778,
1999/07/16,,8.2775,
1999/07/19,,8.2773,
1999/07/20,,8.2773,
1999/07/21,,8.2777,
1999/07/22,,8.2773,
1999/07/23,,8.2773,
1999/07/26,,8.2772,
1999/07/27,,8.277,
1999/07/28,,8.277,
1999/07/29,,8.277,
1999/07/30,,8.2773,
1999/08/02,,8.2774,
1999/08/03,,8.2772,
1999/08/04,,8.2773,
1999/08/05,,8.2774,
1999/08/06,,8.2774,
1999/08/09,,8.2773,
1999/08/10,,8.2774,
1999/08/11,,8.2772,
1999/08/12,,8.2771,
1999/08/13,,8.2771,
1999/08/16,,8.277,
1999/08/17,,8.2774,
1999/08/18,,8.277,
1999/08/19,,8.2772,
1999/08/20,,8.2774,
1999/08/23,,8.2774,
1999/08/24,,8.2772,
1999/08/25,,8.2775,
1999/08/26,,8.2773,
1999/08/27,,8.2773,
1999/08/30,,8.2773,
1999/08/31,,8.2771,
1999/09/01,,8.277,
1999/09/02,,8.2771,
1999/09/03,,8.2773,
1999/09/06,,8.2775,
1999/09/07,,8.2776,
1999/09/08,,8.2776,
1999/09/09,,8.2776,
1999/09/10,,8.2774,
1999/09/13,,8.2774,
1999/09/14,,8.2772,
1999/09/15,,8.2775,
1999/09/16,,8.2773,
1999/09/17,,8.2771,
1999/09/20,,8.2773,
1999/09/21,,8.2775,
1999/09/22,,8.2775,
1999/09/24,,8.2776,
1999/09/27,,8.2775,
1999/09/28,,8.2775,
1999/09/29,,8.2775,
1999/09/30,,8.2775,
1999/10/08,,8.2778,
1999/10/09,,8.278,
1999/10/10,,8.2777,
1999/10/11,,8.2774,
1999/10/12,,8.2772,
1999/10/13,,8.2773,
1999/10/14,,8.2777,
1999/10/15,,8.2774,
1999/10/18,,8.2775,
1999/10/19,,8.2774,
1999/10/20,,8.2773,
1999/10/21,,8.2774,
1999/10/22,,8.2772,
1999/10/25,,8.2773,
1999/10/26,,8.277,
1999/10/27,,8.2773,
1999/10/28,,8.2775,
1999/10/29,,8.2776,
1999/11/01,,8.2778,
1999/11/02,,8.2779,
1999/11/03,,8.2781,
1999/11/04,,8.2781,
1999/11/05,,8.278,
1999/11/08,,8.2779,
1999/11/09,,8.2779,
1999/11/10,,8.278,
1999/11/11,,8.2781,
1999/11/12,,8.2782,
1999/11/15,,8.278,
1999/11/16,,8.2781,
1999/11/17,,8.2781,
1999/11/18,,8.2781,
1999/11/19,,8.2784,
1999/11/22,,8.2785,
1999/11/23,,8.2785,
1999/11/24,,8.2784,
1999/11/25,,8.2785,
1999/11/26,,8.2785,
1999/11/29,,8.2785,
1999/11/30,,8.2789,
1999/12/01,,8.2789,
1999/12/02,,8.2789,
1999/12/03,,8.2788,
1999/12/06,,8.2787,
1999/12/07,,8.279,
1999/12/08,,8.279,
1999/12/09,,8.2795,
1999/12/10,,8.2795,
1999/12/13,,8.2795,
1999/12/14,,8.2795,
1999/12/15,,8.2794,
1999/12/16,,8.2794,
1999/12/17,,8.2794,
1999/12/21,,8.2794,
1999/12/22,,8.2796,
1999/12/23,,8.2796,
1999/12/24,,8.2795,
1999/12/27,,8.2794,
1999/12/28,,8.2796,
1999/12/29,,8.2797,
1999/12/30,,8.2793,
2000/01/03,31.395,8.2795,
2000/01/04,30.602,8.2798,
2000/01/05,30.800,8.2799,
2000/01/06,30.854,8.2798,
2000/01/07,30.860,8.2797,
2000/01/10,30.835,8.2794,
2000/01/11,30.821,8.2794,
2000/01/12,30.828,8.2795,
2000/01/13,30.838,8.2796,
2000/01/14,30.850,8.2798,
2000/01/17,30.835,8.2797,
2000/01/18,30.837,8.2793,
2000/01/19,30.838,8.2793,
2000/01/20,30.832,8.2797,
2000/01/21,30.821,8.2794,
2000/01/24,30.812,8.2795,
2000/01/25,30.813,8.2789,
2000/01/26,30.794,8.2786,
2000/01/27,30.780,8.2782,
2000/01/28,30.709,8.2783,
2000/01/31,30.699,8.2781,
2000/02/01,30.685,8.2777,
2000/02/02,30.784,8.2774,
2000/02/03,30.788,8.2773,
2000/02/04,,8.2781,
2000/02/08,30.734,,
2000/02/09,30.637,,
2000/02/10,30.620,,
2000/02/11,30.625,,
2000/02/12,,8.2788,
2000/02/13,,8.2784,
2000/02/14,30.720,8.2781,
2000/02/15,30.712,8.2779,
2000/02/16,30.702,8.2777,
2000/02/17,30.715,8.2777,
2000/02/18,30.715,8.2772,
2000/02/21,30.707,8.2772,
2000/02/22,30.791,8.2775,
2000/02/23,30.785,8.2773,
2000/02/24,30.785,8.278,
2000/02/25,30.764,8.278,
2000/02/28,,8.2786,
2000/02/29,30.754,8.2786,
2000/03/01,30.736,8.2786,
2000/03/02,30.712,8.2786,
2000/03/03,30.745,8.2787,
2000/03/06,30.764,8.2789,
2000/03/07,30.762,8.2785,
2000/03/08,30.766,8.2784,
2000/03/09,30.758,8.2786,
2000/03/10,30.736,8.2787,
2000/03/13,30.741,8.2785,
2000/03/14,30.738,8.2781,
2000/03/15,30.742,8.278,
2000/03/16,30.756,8.2778,
2000/03/17,30.766,8.2777,
2000/03/20,30.791,8.2785,
2000/03/21,30.738,8.2786,
2000/03/22,30.711,8.2783,
2000/03/23,30.674,8.2783,
2000/03/24,30.664,8.2787,
2000/03/27,30.627,8.2789,
2000/03/28,30.605,8.2792,
2000/03/29,30.531,8.2795,
2000/03/30,30.482,8.2789,
2000/03/31,30.490,8.2788,
2000/04/03,,8.2787,
2000/04/04,,8.2786,
2000/04/05,30.465,8.2791,
2000/04/06,30.469,8.2795,
2000/04/07,30.438,8.2795,
2000/04/10,30.302,8.2795,
2000/04/11,30.318,8.2798,
2000/04/12,30.309,8.2791,
2000/04/13,30.388,8.2796,
2000/04/14,30.460,8.2794,
2000/04/17,30.539,8.2794,
2000/04/18,30.535,8.2794,
2000/04/19,30.550,8.279,
2000/04/20,30.552,8.2793,
2000/04/21,30.530,8.2791,
2000/04/24,30.566,8.2785,
2000/04/25,30.572,8.2786,
2000/04/26,30.631,8.2791,
2000/04/27,30.612,8.2795,
2000/04/28,30.618,8.2798,
2000/04/29,,8.2799,
2000/04/30,,8.2795,
2000/05/02,30.669,,
2000/05/03,30.693,,
2000/05/04,30.689,,
2000/05/05,30.648,,
2000/05/08,30.681,8.2799,
2000/05/09,30.690,8.2798,
2000/05/10,30.697,8.279,
2000/05/11,30.752,8.2785,
2000/05/12,30.735,8.2782,
2000/05/15,30.767,8.2778,
2000/05/16,30.782,8.2777,
2000/05/17,30.686,8.2772,
2000/05/18,30.737,8.2768,
2000/05/19,30.713,8.2773,
2000/05/22,30.709,8.2768,
2000/05/23,30.749,8.277,
2000/05/24,30.824,8.2768,
2000/05/25,30.813,8.2769,
2000/05/26,30.808,8.2773,
2000/05/29,30.846,8.2771,
2000/05/30,30.884,8.2768,
2000/05/31,30.813,8.2772,
2000/06/01,30.831,8.2773,
2000/06/02,30.831,8.2771,
2000/06/05,30.792,8.2771,
2000/06/06,,8.277,
2000/06/07,30.791,8.2773,
2000/06/08,30.796,8.2773,
2000/06/09,30.786,8.2775,
2000/06/12,30.800,8.2772,
2000/06/13,30.801,8.2771,
2000/06/14,30.815,8.277,
2000/06/15,30.828,8.2768,
2000/06/16,30.845,8.2768,
2000/06/19,30.843,8.2768,
2000/06/20,30.833,8.2768,
2000/06/21,30.817,8.277,
2000/06/22,30.778,8.2772,
2000/06/23,30.767,8.2771,
2000/06/26,30.797,8.2769,
2000/06/27,30.790,8.2773,
2000/06/28,30.810,8.2774,
2000/06/29,30.808,8.2775,
2000/06/30,30.794,8.278,
2000/07/03,30.812,8.2782,
2000/07/04,30.822,8.2786,
2000/07/05,30.814,8.2789,
2000/07/06,30.839,8.2787,
2000/07/07,30.839,8.2791,
2000/07/10,30.842,8.2793,
2000/07/11,30.842,8.2795,
2000/07/12,30.862,8.2794,
2000/07/13,30.887,8.2795,
2000/07/14,30.875,8.2791,
2000/07/17,30.912,8.2796,
2000/07/18,30.960,8.2791,
2000/07/19,31.014,8.2796,
2000/07/20,31.086,8.2796,
2000/07/21,31.019,8.2796,
2000/07/24,31.046,8.2795,
2000/07/25,31.063,8.2798,
2000/07/26,31.061,8.2797,
2000/07/27,31.052,8.2796,
2000/07/28,31.048,8.2793,
2000/07/31,31.067,8.2794,
2000/08/01,31.097,8.2792,
2000/08/02,31.086,8.2788,
2000/08/03,31.076,8.2791,
2000/08/04,31.071,8.2796,
2000/08/07,31.092,8.2798,
2000/08/08,31.088,8.2799,
2000/08/09,31.088,8.2799,
2000/08/10,31.069,8.2798,
2000/08/11,31.085,8.2799,
2000/08/14,31.085,8.2796,
2000/08/15,31.096,8.2795,
2000/08/16,31.095,8.2788,
2000/08/17,31.089,8.2797,
2000/08/18,31.086,8.2799,
2000/08/21,31.069,8.2797,
2000/08/22,31.080,8.2799,
2000/08/23,,8.2799,
2000/08/24,31.069,8.2793,
2000/08/25,31.072,8.2799,
2000/08/28,31.072,8.2799,
2000/08/29,31.070,8.2799,
2000/08/30,31.067,8.2799,
2000/08/31,31.070,8.2788,
2000/09/01,31.083,8.2786,
2000/09/04,31.063,8.2787,
2000/09/05,31.075,8.2786,
2000/09/06,31.075,8.279,
2000/09/07,31.082,8.2794,
2000/09/08,31.089,8.279,
2000/09/11,31.095,8.2794,
2000/09/12,,8.2786,
2000/09/13,31.112,8.2787,
2000/09/14,31.125,8.2777,
2000/09/15,31.151,8.2773,
2000/09/18,31.255,8.2771,
2000/09/19,31.275,8.2772,
2000/09/20,31.274,8.2779,
2000/09/21,31.263,8.2775,
2000/09/22,31.295,8.2778,
2000/09/25,31.272,8.2787,
2000/09/26,31.288,8.2793,
2000/09/27,31.291,8.2791,
2000/09/28,31.318,8.2795,
2000/09/29,31.318,8.2799,
2000/09/30,31.316,8.2798,
2000/10/02,31.314,,
2000/10/03,31.313,,
2000/10/04,31.322,,
2000/10/05,31.320,,
2000/10/06,31.296,,
2000/10/08,,8.279,
2000/10/09,31.301,8.2796,
2000/10/10,,8.279,
2000/10/11,31.298,8.2789,
2000/10/12,31.300,8.2786,
2000/10/13,31.920,8.2786,
2000/10/16,31.990,8.2784,
2000/10/17,32.260,8.2781,
2000/10/18,32.383,8.2784,
2000/10/19,32.325,8.2781,
2000/10/20,32.143,8.278,
2000/10/23,32.076,8.2778,
2000/10/24,32.048,8.2784,
2000/10/25,32.072,8.2784,
2000/10/26,32.093,8.2782,
2000/10/27,32.267,8.2785,
2000/10/30,32.358,8.2788,
2000/10/31,32.357,8.278,
2000/11/01,32.363,8.2775,
2000/11/02,32.271,8.2773,
2000/11/03,32.197,8.277,
2000/11/06,32.159,8.2768,
2000/11/07,32.149,8.2771,
2000/11/08,32.119,8.2769,
2000/11/09,32.065,8.2772,
2000/11/10,32.062,8.2768,
2000/11/13,32.160,8.2772,
2000/11/14,32.168,8.2768,
2000/11/15,32.176,8.2773,
2000/11/16,32.196,8.2768,
2000/11/17,32.237,8.2773,
2000/11/20,32.442,8.2769,
2000/11/21,32.493,8.2779,
2000/11/22,32.870,8.2786,
2000/11/23,32.931,8.2782,
2000/11/24,32.875,8.278,
2000/11/27,32.878,8.2779,
2000/11/28,32.928,8.278,
2000/11/29,32.960,8.2777,
2000/11/30,33.046,8.2774,
2000/12/01,33.036,8.2777,
2000/12/04,33.071,8.2775,
2000/12/05,33.068,8.2771,
2000/12/06,33.065,8.277,
2000/12/07,33.038,8.277,
2000/12/08,33.020,8.277,
2000/12/11,33.035,8.2769,
2000/12/12,33.088,8.2773,
2000/12/13,33.081,8.2771,
2000/12/14,33.077,8.277,
2000/12/15,33.075,8.2768,
2000/12/18,33.076,8.2768,
2000/12/19,33.081,8.2774,
2000/12/20,33.129,8.2772,
2000/12/21,33.172,8.2769,
2000/12/22,33.180,8.2768,
2000/12/25,,8.2777,
2000/12/26,33.179,8.277,
2000/12/27,33.165,8.2769,
2000/12/28,33.159,8.277,
2000/12/29,33.079,8.2781,
2000/12/30,32.992,,
2001/01/02,32.943,8.2774,
2001/01/03,33.033,8.2779,
2001/01/04,32.948,8.2773,
2001/01/05,32.860,8.2781,
2001/01/08,32.789,8.2775,
2001/01/09,32.695,8.2778,
2001/01/10,32.673,8.2771,
2001/01/11,32.635,8.2769,
2001/01/12,32.699,8.2767,
2001/01/15,32.699,8.2768,
2001/01/16,32.686,8.2767,
2001/01/17,32.631,8.2766,
2001/01/18,32.616,8.2764,
2001/01/19,32.577,8.2764,
2001/01/20,32.564,8.2764,
2001/01/21,,8.2762,
2001/01/22,,8.2762,
2001/01/23,,8.2782,
2001/01/29,32.525,,
2001/01/30,32.435,,
2001/01/31,32.397,8.2786,
2001/02/01,32.365,8.2781,
2001/02/02,32.330,8.2772,
2001/02/05,32.309,8.2774,
2001/02/06,32.288,8.277,
2001/02/07,32.288,8.2766,
2001/02/08,32.285,8.2765,
2001/02/09,32.282,8.2763,
2001/02/12,32.318,8.2764,
2001/02/13,32.334,8.2774,
2001/02/14,32.387,8.2765,
2001/02/15,32.344,8.2764,
2001/02/16,32.299,8.2772,
2001/02/19,32.290,8.277,
2001/02/20,32.271,8.2766,
2001/02/21,32.287,8.2767,
2001/02/22,32.355,8.2772,
2001/02/23,32.351,8.2769,
2001/02/26,32.345,8.2774,
2001/02/27,32.343,8.2776,
2001/02/28,,8.2781,
2001/03/01,32.346,8.2783,
2001/03/02,32.359,8.2778,
2001/03/05,32.368,8.2782,
2001/03/06,32.362,8.2777,
2001/03/07,32.370,8.2778,
2001/03/08,32.381,8.2773,
2001/03/09,32.402,8.277,
2001/03/12,32.473,8.2774,
2001/03/13,32.508,8.2784,
2001/03/14,32.520,8.2783,
2001/03/15,32.555,8.2778,
2001/03/16,32.683,8.2776,
2001/03/19,32.778,8.2771,
2001/03/20,32.775,8.2772,
2001/03/21,32.771,8.2772,
2001/03/22,32.864,8.2771,
2001/03/23,32.771,8.2768,
2001/03/26,32.699,8.2773,
2001/03/27,32.679,8.2771,
2001/03/28,32.669,8.2773,
2001/03/29,32.757,8.2777,
2001/03/30,32.837,8.2779,
2001/04/02,32.938,8.2777,
2001/04/03,32.900,8.2776,
2001/04/04,32.979,8.2772,
2001/04/05,,8.2771,
2001/04/06,32.940,8.2768,
2001/04/09,32.936,8.2767,
2001/04/10,32.927,8.277,
2001/04/11,32.920,8.2769,
2001/04/12,32.909,8.2769,
2001/04/13,32.908,8.2772,
2001/04/16,32.931,8.2769,
2001/04/17,32.926,8.2769,
2001/04/18,32.920,8.2775,
2001/04/19,32.899,8.2768,
2001/04/20,32.890,8.2773,
2001/04/23,32.890,8.2775,
2001/04/24,32.885,8.277,
2001/04/25,32.908,8.2769,
2001/04/26,32.918,8.2767,
2001/04/27,32.928,8.2769,
2001/04/28,,8.2773,
2001/04/29,,8.2778,
2001/04/30,32.918,8.2773,
2001/05/02,32.900,,
2001/05/03,32.890,,
2001/05/04,32.884,,
2001/05/07,32.879,,
2001/05/08,32.875,8.2774,
2001/05/09,32.879,8.2785,
2001/05/10,32.884,8.2775,
2001/05/11,32.882,8.2771,
2001/05/14,32.882,8.2771,
2001/05/15,32.930,8.2771,
2001/05/16,32.957,8.2769,
2001/05/17,32.952,8.2769,
2001/05/18,32.948,8.2767,
2001/05/21,33.456,8.2768,
2001/05/22,33.456,8.2778,
2001/05/23,33.437,8.2774,
2001/05/24,33.458,8.2771,
2001/05/25,33.495,8.277,
2001/05/28,34.500,8.2771,
2001/05/29,34.072,8.2768,
2001/05/30,34.013,8.2768,
2001/05/31,33.965,8.2777,
2001/06/01,34.042,8.277,
2001/06/04,34.065,8.2777,
2001/06/05,34.043,8.277,
2001/06/06,34.065,8.2769,
2001/06/07,34.065,8.2772,
2001/06/08,34.053,8.2767,
2001/06/11,34.053,8.2767,
2001/06/12,34.065,8.2767,
2001/06/13,34.377,8.2771,
2001/06/14,34.395,8.2779,
2001/06/15,34.370,8.2773,
2001/06/18,34.379,8.277,
2001/06/19,34.403,8.277,
2001/06/20,34.400,8.2779,
2001/06/21,34.456,8.277,
2001/06/22,34.434,8.2769,
2001/06/25,,8.2767,
2001/06/26,34.413,8.2768,
2001/06/27,34.456,8.2768,
2001/06/28,34.465,8.2768,
2001/06/29,34.435,8.277,
2001/07/02,34.428,8.2767,
2001/07/03,34.394,8.277,
2001/07/04,34.426,8.2767,
2001/07/05,34.465,8.2769,
2001/07/06,34.473,8.2767,
2001/07/09,34.545,8.2768,
2001/07/10,34.656,8.2767,
2001/07/11,35.050,8.277,
2001/07/12,34.976,8.2769,
2001/07/13,34.975,8.2769,
2001/07/16,35.006,8.2767,
2001/07/17,35.047,8.2767,
2001/07/18,35.027,8.2769,
2001/07/19,35.015,8.277,
2001/07/20,34.961,8.2768,
2001/07/23,34.893,8.2768,
2001/07/24,34.878,8.277,
2001/07/25,34.850,8.2773,
2001/07/26,34.786,8.277,
2001/07/27,34.767,8.2771,
2001/07/30,,8.277,
2001/07/31,34.759,8.2767,
2001/08/01,34.730,8.277,
2001/08/02,34.699,8.2769,
2001/08/03,34.669,8.2768,
2001/08/06,34.650,8.2768,
2001/08/07,34.668,8.277,
2001/08/08,34.648,8.2772,
2001/08/09,34.662,8.2773,
2001/08/10,34.625,8.277,
2001/08/13,34.599,8.2768,
2001/08/14,34.582,8.2771,
2001/08/15,34.570,8.2773,
2001/08/16,34.520,8.2771,
2001/08/17,34.541,8.277,
2001/08/20,34.606,8.2768,
2001/08/21,34.586,8.2768,
2001/08/22,34.603,8.2768,
2001/08/23,34.629,8.2769,
2001/08/24,34.625,8.2768,
2001/08/27,34.609,8.2773,
2001/08/28,34.602,8.277,
2001/08/29,34.593,8.2768,
2001/08/30,34.582,8.2769,
2001/08/31,34.554,8.2767,
2001/09/03,34.538,8.2769,
2001/09/04,34.548,8.277,
2001/09/05,34.578,8.2768,
2001/09/06,34.616,8.277,
2001/09/07,34.656,8.2768,
2001/09/10,34.651,8.2767,
2001/09/11,34.684,8.2767,
2001/09/12,34.599,8.2769,
2001/09/13,34.579,8.2769,
2001/09/14,34.575,8.2768,
2001/09/17,,8.2766,
2001/09/18,,8.2767,
2001/09/19,34.572,8.2768,
2001/09/20,34.575,8.2766,
2001/09/21,34.573,8.2766,
2001/09/24,34.578,8.2767,
2001/09/25,34.574,8.277,
2001/09/26,34.568,8.2772,
2001/09/27,34.548,8.2769,
2001/09/28,34.549,8.2769,
2001/09/29,,8.2768,
2001/09/30,,8.2769,
2001/10/02,34.574,,
2001/10/03,34.569,,
2001/10/04,34.568,,
2001/10/05,34.559,,
2001/10/08,34.557,8.2768,
2001/10/09,34.555,8.2767,
2001/10/10,,8.2769,
2001/10/11,34.553,8.2768,
2001/10/12,34.550,8.2766,
2001/10/15,34.549,8.2765,
2001/10/16,34.549,8.2766,
2001/10/17,34.548,8.2767,
2001/10/18,34.545,8.2769,
2001/10/19,34.543,8.277,
2001/10/22,34.543,8.2768,
2001/10/23,34.550,8.277,
2001/10/24,34.545,8.2768,
2001/10/25,34.545,8.2767,
2001/10/26,34.539,8.2769,
2001/10/29,34.528,8.277,
2001/10/30,34.526,8.277,
2001/10/31,34.525,8.2768,
2001/11/01,34.529,8.2768,
2001/11/02,34.528,8.2769,
2001/11/05,34.526,8.2769,
2001/11/06,34.526,8.2768,
2001/11/07,34.520,8.2767,
2001/11/08,34.510,8.2766,
2001/11/09,34.500,8.2766,
2001/11/12,34.501,8.2766,
2001/11/13,34.505,8.2765,
2001/11/14,34.499,8.2765,
2001/11/15,34.501,8.2767,
2001/11/16,34.500,8.277,
2001/11/19,34.495,8.2771,
2001/11/20,34.489,8.277,
2001/11/21,34.483,8.2769,
2001/11/22,34.481,8.2769,
2001/11/23,34.481,8.2769,
2001/11/26,34.480,8.2769,
2001/11/27,34.468,8.277,
2001/11/28,34.467,8.277,
2001/11/29,34.465,8.2772,
2001/11/30,34.466,8.2774,
2001/12/03,34.465,8.2772,
2001/12/04,34.461,8.277,
2001/12/05,34.460,8.2771,
2001/12/06,34.462,8.2772,
2001/12/07,34.455,8.2773,
2001/12/10,34.457,8.2772,
2001/12/11,34.456,8.277,
2001/12/12,34.455,8.2768,
2001/12/13,34.464,8.2768,
2001/12/14,34.495,8.2767,
2001/12/17,34.580,8.2768,
2001/12/18,34.707,8.2769,
2001/12/19,34.727,8.2768,
2001/12/20,34.756,8.2767,
2001/12/21,34.916,8.2766,
2001/12/24,34.970,8.2767,
2001/12/25,35.021,8.2766,
2001/12/26,35.096,8.2767,
2001/12/27,35.127,8.2766,
2001/12/28,35.084,8.2767,
2001/12/29,,8.2768,
2001/12/30,,8.2767,
2001/12/31,34.999,8.2766,
2002/01/02,35.036,,
2002/01/03,35.030,,
2002/01/04,34.995,8.2766,
2002/01/07,34.943,8.2768,
2002/01/08,35.038,8.2767,
2002/01/09,35.050,8.2766,
2002/01/10,35.025,8.2767,
2002/01/11,35.045,8.2766,
2002/01/14,35.027,8.2768,
2002/01/15,34.999,8.2767,
2002/01/16,35.000,8.2768,
2002/01/17,35.006,8.2767,
2002/01/18,35.025,8.2768,
2002/01/21,35.010,8.2767,
2002/01/22,35.061,8.2768,
2002/01/23,35.082,8.2767,
2002/01/24,35.076,8.2765,
2002/01/25,35.057,8.2767,
2002/01/28,35.015,8.2765,
2002/01/29,35.001,8.2767,
2002/01/30,34.985,8.2766,
2002/01/31,34.980,8.2765,
2002/02/01,35.004,8.2765,
2002/02/04,34.998,8.2766,
2002/02/05,34.993,8.2766,
2002/02/06,35.016,8.2765,
2002/02/07,35.029,8.2767,
2002/02/08,35.080,8.2766,
2002/02/09,,8.2767,
2002/02/10,,8.2766,
2002/02/11,,8.2767,
2002/02/15,35.101,,
2002/02/18,35.085,,
2002/02/19,35.095,8.2768,
2002/02/20,35.098,8.277,
2002/02/21,35.097,8.2768,
2002/02/22,35.102,8.2766,
2002/02/25,35.090,8.2765,
2002/02/26,35.088,8.2765,
2002/02/27,35.112,8.2767,
2002/02/28,,8.2766,
2002/03/01,35.103,8.2765,
2002/03/04,35.090,8.2766,
2002/03/05,35.069,8.2767,
2002/03/06,35.030,8.2765,
2002/03/07,34.989,8.2766,
2002/03/08,34.947,8.2771,
2002/03/11,34.949,8.2771,
2002/03/12,34.947,8.2769,
2002/03/13,34.980,8.2767,
2002/03/14,34.975,8.2771,
2002/03/15,34.985,8.2774,
2002/03/18,35.028,8.2775,
2002/03/19,35.049,8.2773,
2002/03/20,35.050,8.2775,
2002/03/21,35.035,8.2774,
2002/03/22,35.036,8.2772,
2002/03/25,35.046,8.277,
2002/03/26,35.037,8.2769,
2002/03/27,35.024,8.2771,
2002/03/28,35.009,8.2772,
2002/03/29,35.000,8.2774,
2002/04/01,35.002,8.2774,
2002/04/02,35.005,8.2772,
2002/04/03,35.002,8.2772,
2002/04/04,34.999,8.2773,
2002/04/05,,8.2771,
2002/04/08,34.978,8.277,
2002/04/09,34.982,8.277,
2002/04/10,34.980,8.2769,
2002/04/11,34.990,8.2771,
2002/04/12,34.998,8.2771,
2002/04/15,34.992,8.2772,
2002/04/16,34.984,8.2771,
2002/04/17,34.963,8.2772,
2002/04/18,34.940,8.2772,
2002/04/19,34.898,8.2772,
2002/04/22,34.845,8.2775,
2002/04/23,34.810,8.2772,
2002/04/24,34.808,8.2773,
2002/04/25,34.783,8.2774,
2002/04/26,34.769,8.2774,
2002/04/27,,8.2773,
2002/04/28,,8.2774,
2002/04/29,34.730,8.2771,
2002/04/30,34.717,8.277,
2002/05/02,34.645,,
2002/05/03,34.592,,
2002/05/06,34.565,,
2002/05/07,34.565,,
2002/05/08,34.588,8.2773,
2002/05/09,34.605,8.2773,
2002/05/10,34.573,8.2772,
2002/05/13,34.550,8.2771,
2002/05/14,34.579,8.2771,
2002/05/15,34.568,8.277,
2002/05/16,34.538,8.2769,
2002/05/17,34.458,8.2768,
2002/05/20,34.412,8.2768,
2002/05/21,34.415,8.2768,
2002/05/22,34.393,8.2769,
2002/05/23,34.383,8.277,
2002/05/24,34.414,8.277,
2002/05/27,34.375,8.2771,
2002/05/28,34.309,8.2769,
2002/05/29,34.239,8.2766,
2002/05/30,34.190,8.2766,
2002/05/31,34.145,8.2766,
2002/06/03,34.139,8.2765,
2002/06/04,34.093,8.2767,
2002/06/05,34.097,8.2768,
2002/06/06,34.169,8.2769,
2002/06/07,34.159,8.277,
2002/06/10,34.164,8.277,
2002/06/11,34.117,8.277,
2002/06/12,34.116,8.2768,
2002/06/13,34.121,8.2769,
2002/06/14,34.112,8.2769,
2002/06/17,34.101,8.2769,
2002/06/18,34.117,8.2773,
2002/06/19,34.099,8.2775,
2002/06/20,34.023,8.2774,
2002/06/21,33.855,8.2772,
2002/06/24,33.772,8.2771,
2002/06/25,33.738,8.277,
2002/06/26,33.622,8.2771,
2002/06/27,33.600,8.2772,
2002/06/28,33.558,8.2771,
2002/07/01,33.568,8.2771,
2002/07/02,33.585,8.277,
2002/07/03,33.595,8.2769,
2002/07/04,33.574,8.2768,
2002/07/05,33.580,8.2767,
2002/07/08,33.513,8.2766,
2002/07/09,33.380,8.2767,
2002/07/10,33.282,8.2766,
2002/07/11,33.284,8.2766,
2002/07/12,33.284,8.2768,
2002/07/15,33.206,8.2767,
2002/07/16,33.100,8.2768,
2002/07/17,32.999,8.2768,
2002/07/18,33.040,8.2769,
2002/07/19,33.023,8.2768,
2002/07/22,33.028,8.2769,
2002/07/23,33.289,8.277,
2002/07/24,33.437,8.277,
2002/07/25,33.409,8.2769,
2002/07/26,33.689,8.2769,
2002/07/29,33.894,8.2768,
2002/07/30,33.807,8.2767,
2002/07/31,33.758,8.2766,
2002/08/01,33.667,8.2767,
2002/08/02,33.723,8.2766,
2002/08/05,33.825,8.2768,
2002/08/06,34.030,8.2767,
2002/08/07,33.895,8.2768,
2002/08/08,33.998,8.2769,
2002/08/09,33.919,8.2767,
2002/08/12,33.870,8.2766,
2002/08/13,33.845,8.2768,
2002/08/14,33.735,8.2767,
2002/08/15,33.825,8.2766,
2002/08/16,33.890,8.2768,
2002/08/19,33.985,8.2768,
2002/08/20,34.000,8.2767,
2002/08/21,33.995,8.2768,
2002/08/22,34.057,8.2766,
2002/08/23,34.139,8.2766,
2002/08/26,34.245,8.2767,
2002/08/27,34.236,8.2766,
2002/08/28,34.230,8.2767,
2002/08/29,34.193,8.2768,
2002/08/30,34.247,8.2767,
2002/09/02,34.325,8.2768,
2002/09/03,34.325,8.2769,
2002/09/04,34.236,8.277,
2002/09/05,34.122,8.2771,
2002/09/06,,8.2772,
2002/09/09,34.254,8.277,
2002/09/10,34.303,8.277,
2002/09/11,34.395,8.2769,
2002/09/12,34.410,8.2769,
2002/09/13,34.410,8.2768,
2002/09/16,34.776,8.2768,
2002/09/17,34.781,8.2768,
2002/09/18,34.685,8.2769,
2002/09/19,34.620,8.2769,
2002/09/20,34.772,8.2768,
2002/09/23,34.820,8.277,
2002/09/24,34.835,8.277,
2002/09/25,34.900,8.2769,
2002/09/26,34.993,8.277,
2002/09/27,34.921,8.2771,
2002/09/28,,8.2771,
2002/09/29,,8.2771,
2002/09/30,34.918,8.2771,
2002/10/01,34.915,,
2002/10/02,34.979,,
2002/10/03,34.993,,
2002/10/04,34.994,,
2002/10/07,35.069,,
2002/10/08,35.118,8.2772,
2002/10/09,35.111,8.2772,
2002/10/10,,8.2771,
2002/10/11,35.157,8.277,
2002/10/14,35.168,8.2769,
2002/10/15,35.168,8.2768,
2002/10/16,34.970,8.2767,
2002/10/17,34.850,8.2767,
2002/10/18,34.928,8.2768,
2002/10/21,34.895,8.2767,
2002/10/22,34.926,8.2768,
2002/10/23,34.790,8.2768,
2002/10/24,34.805,8.2768,
2002/10/25,34.805,8.277,
2002/10/28,34.899,8.2771,
2002/10/29,34.815,8.2771,
2002/10/30,34.810,8.2772,
2002/10/31,34.761,8.2771,
2002/11/01,34.795,8.2771,
2002/11/04,34.698,8.2771,
2002/11/05,34.625,8.2772,
2002/11/06,34.685,8.277,
2002/11/07,34.596,8.2771,
2002/11/08,34.505,8.2771,
2002/11/11,34.415,8.2772,
2002/11/12,34.565,8.277,
2002/11/13,34.619,8.2771,
2002/11/14,34.736,8.2773,
2002/11/15,34.710,8.2772,
2002/11/18,34.757,8.2773,
2002/11/19,34.781,8.2773,
2002/11/20,34.865,8.2772,
2002/11/21,34.798,8.277,
2002/11/22,34.757,8.277,
2002/11/25,34.804,8.2772,
2002/11/26,34.773,8.2772,
2002/11/27,34.820,8.277,
2002/11/28,34.805,8.2771,
2002/11/29,34.812,8.2772,
2002/12/02,34.838,8.2772,
2002/12/03,34.888,8.2772,
2002/12/04,34.881,8.2771,
2002/12/05,34.944,8.2772,
2002/12/06,34.902,8.277,
2002/12/09,34.805,8.2772,
2002/12/10,34.854,8.2773,
2002/12/11,34.860,8.277,
2002/12/12,34.838,8.2772,
2002/12/13,34.835,8.2772,
2002/12/16,34.796,8.277,
2002/12/17,34.785,8.2772,
2002/12/18,34.848,8.2773,
2002/12/19,34.885,8.2773,
2002/12/20,34.853,8.2773,
2002/12/23,34.818,8.2774,
2002/12/24,34.848,8.2775,
2002/12/25,34.850,8.2775,
2002/12/26,34.868,8.2774,
2002/12/27,34.878,8.2772,
2002/12/30,34.835,8.2772,
2002/12/31,34.753,8.2773,
2003/01/02,34.791,8.277,
2003/01/03,34.806,8.277,
2003/01/06,34.645,8.2768,
2003/01/07,34.599,8.2768,
2003/01/08,34.642,8.2767,
2003/01/09,34.559,8.2766,
2003/01/10,34.594,8.2766,
2003/01/13,34.558,8.2766,
2003/01/14,34.528,8.2768,
2003/01/15,34.490,8.2768,
2003/01/16,34.450,8.277,
2003/01/17,34.467,8.277,
2003/01/20,34.485,8.277,
2003/01/21,34.680,8.2772,
2003/01/22,34.644,8.277,
2003/01/23,34.658,8.277,
2003/01/24,34.575,8.277,
2003/01/27,34.560,8.2768,
2003/01/28,34.660,8.2768,
2003/01/29,34.655,8.2767,
2003/01/30,34.703,8.2767,
2003/01/31,,8.2766,
2003/02/06,34.734,,
2003/02/07,34.757,,
2003/02/08,,8.2768,
2003/02/09,,8.277,
2003/02/10,34.779,8.277,
2003/02/11,34.855,8.2773,
2003/02/12,34.815,8.2775,
2003/02/13,34.817,8.2775,
2003/02/14,34.819,8.2773,
2003/02/17,34.832,8.2773,
2003/02/18,34.788,8.2774,
2003/02/19,34.804,8.2772,
2003/02/20,34.792,8.2775,
2003/02/21,34.751,8.2775,
2003/02/24,34.778,8.2775,
2003/02/25,34.740,8.2775,
2003/02/26,34.784,8.2775,
2003/02/27,34.746,8.2774,
2003/02/28,,8.2774,
2003/03/03,34.759,8.2775,
2003/03/04,34.662,8.2773,
2003/03/05,34.615,8.2773,
2003/03/06,34.668,8.2775,
2003/03/07,34.640,8.2775,
2003/03/10,34.597,8.2774,
2003/03/11,34.620,8.2772,
2003/03/12,34.721,8.277,
2003/03/13,34.739,8.277,
2003/03/14,34.707,8.277,
2003/03/17,34.703,8.277,
2003/03/18,34.730,8.277,
2003/03/19,34.780,8.2772,
2003/03/20,34.775,8.2771,
2003/03/21,34.791,8.2771,
2003/03/24,34.788,8.2773,
2003/03/25,34.753,8.2773,
2003/03/26,34.794,8.2771,
2003/03/27,34.790,8.2774,
2003/03/28,34.792,8.2772,
2003/03/31,34.750,8.2771,
2003/04/01,34.768,8.2774,
2003/04/02,34.798,8.2773,
2003/04/03,34.812,8.277,
2003/04/04,34.825,8.277,
2003/04/07,34.844,8.277,
2003/04/08,34.818,8.2772,
2003/04/09,34.812,8.2772,
2003/04/10,34.767,8.2774,
2003/04/11,34.796,8.2773,
2003/04/14,34.806,8.2772,
2003/04/15,34.813,8.2774,
2003/04/16,34.797,8.2772,
2003/04/17,34.778,8.2772,
2003/04/18,34.785,8.2771,
2003/04/21,34.796,8.277,
2003/04/22,34.816,8.2769,
2003/04/23,34.812,8.277,
2003/04/24,34.856,8.2772,
2003/04/25,34.944,8.2772,
2003/04/28,34.938,8.277,
2003/04/29,34.898,8.277,
2003/04/30,34.849,8.277,
2003/05/02,34.792,,
2003/05/05,34.801,,
2003/05/06,34.745,8.2771,
2003/05/07,34.712,8.277,
2003/05/08,34.719,8.2769,
2003/05/09,34.775,8.2768,
2003/05/12,34.715,8.2768,
2003/05/13,34.721,8.277,
2003/05/14,34.691,8.277,
2003/05/15,34.647,8.2769,
2003/05/16,34.708,8.2768,
2003/05/19,34.628,8.277,
2003/05/20,34.695,8.2768,
2003/05/21,34.657,8.2768,
2003/05/22,34.690,8.2769,
2003/05/23,34.707,8.2768,
2003/05/26,34.709,8.2768,
2003/05/27,34.712,8.277,
2003/05/28,34.730,8.2768,
2003/05/29,34.772,8.277,
2003/05/30,34.712,8.277,
2003/06/02,34.699,8.2768,
2003/06/03,34.687,8.2768,
2003/06/04,,8.2769,
2003/06/05,34.665,8.277,
2003/06/06,34.665,8.277,
2003/06/09,34.662,8.277,
2003/06/10,34.677,8.277,
2003/06/11,34.682,8.2768,
2003/06/12,34.667,8.277,
2003/06/13,34.645,8.277,
2003/06/16,34.599,8.2768,
2003/06/17,34.522,8.2769,
2003/06/18,34.545,8.2768,
2003/06/19,34.614,8.2768,
2003/06/20,34.593,8.277,
2003/06/23,34.591,8.2772,
2003/06/24,34.580,8.2773,
2003/06/25,34.556,8.2773,
2003/06/26,34.576,8.2775,
2003/06/27,34.615,8.2775,
2003/06/30,34.612,8.2774,
2003/07/01,34.584,8.2774,
2003/07/02,34.536,8.2774,
2003/07/03,34.465,8.2775,
2003/07/04,34.390,8.2775,
2003/07/07,34.405,8.2776,
2003/07/08,34.380,8.2773,
2003/07/09,34.350,8.2773,
2003/07/10,34.341,8.2775,
2003/07/11,34.400,8.2773,
2003/07/12,,8.2772,
2003/07/14,34.376,,
2003/07/15,34.364,8.2771,
2003/07/16,34.410,8.2771,
2003/07/17,34.420,8.277,
2003/07/18,34.468,8.277,
2003/07/21,34.425,8.277,
2003/07/22,34.441,8.2768,
2003/07/23,34.417,8.277,
2003/07/24,34.398,8.277,
2003/07/25,34.405,8.2772,
2003/07/28,34.388,8.2774,
2003/07/29,34.380,8.2775,
2003/07/30,34.400,8.2775,
2003/07/31,34.417,8.2773,
2003/08/01,34.510,8.2773,
2003/08/04,34.430,8.2772,
2003/08/05,34.466,8.2775,
2003/08/06,34.446,8.2775,
2003/08/07,34.446,8.2773,
2003/08/08,34.415,8.2773,
2003/08/11,34.389,8.2772,
2003/08/12,34.382,8.2772,
2003/08/13,34.385,8.277,
2003/08/14,34.387,8.277,
2003/08/15,34.358,8.277,
2003/08/18,34.358,8.2768,
2003/08/19,34.353,8.2768,
2003/08/20,34.298,8.2767,
2003/08/21,34.238,8.2768,
2003/08/22,34.217,8.2766,
2003/08/25,34.180,8.2766,
2003/08/26,34.194,8.2768,
2003/08/27,34.209,8.2768,
2003/08/28,34.210,8.277,
2003/08/29,34.170,8.2771,
2003/09/01,34.112,8.2771,
2003/09/02,34.115,8.277,
2003/09/03,34.095,8.277,
2003/09/04,34.120,8.2768,
2003/09/05,34.117,8.277,
2003/09/08,34.129,8.277,
2003/09/09,34.097,8.2769,
2003/09/10,34.090,8.277,
2003/09/11,,8.277,
2003/09/12,34.100,8.2772,
2003/09/15,34.147,8.2772,
2003/09/16,34.103,8.2774,
2003/09/17,34.090,8.2774,
2003/09/18,34.091,8.2775,
2003/09/19,34.058,8.2775,
2003/09/22,33.805,8.2773,
2003/09/23,33.735,8.2773,
2003/09/24,33.760,8.2772,
2003/09/25,33.795,8.277,
2003/09/26,33.791,8.277,
2003/09/27,,8.2773,
2003/09/28,,8.2773,
2003/09/29,33.790,8.2771,
2003/09/30,33.780,8.277,
2003/10/01,33.810,,
2003/10/02,33.768,,
2003/10/03,33.767,,
2003/10/06,33.810,,
2003/10/07,33.793,,
2003/10/08,33.768,8.277,
2003/10/09,33.743,8.2771,
2003/10/10,,8.277,
2003/10/13,33.710,8.277,
2003/10/14,34.051,8.2768,
2003/10/15,33.900,8.2767,
2003/10/16,33.950,8.2767,
2003/10/17,33.920,8.2766,
2003/10/20,33.915,8.2766,
2003/10/21,34.000,8.2766,
2003/10/22,34.005,8.2765,
2003/10/23,33.975,8.2766,
2003/10/24,34.020,8.2766,
2003/10/27,33.992,8.2768,
2003/10/28,33.988,8.2767,
2003/10/29,33.945,8.2766,
2003/10/30,33.910,8.2766,
2003/10/31,33.980,8.2767,
2003/11/03,34.025,8.2766,
2003/11/04,34.025,8.2766,
2003/11/05,34.018,8.2767,
2003/11/06,34.020,8.2767,
2003/11/07,34.012,8.2769,
2003/11/10,33.975,8.277,
2003/11/11,34.029,8.277,
2003/11/12,34.009,8.2769,
2003/11/13,33.995,8.277,
2003/11/14,33.984,8.277,
2003/11/17,34.024,8.277,
2003/11/18,34.024,8.2769,
2003/11/19,34.004,8.2767,
2003/11/20,34.027,8.2767,
2003/11/21,34.045,8.2769,
2003/11/24,34.070,8.277,
2003/11/25,34.110,8.2771,
2003/11/26,34.180,8.277,
2003/11/27,34.220,8.2772,
2003/11/28,34.208,8.2772,
2003/12/01,34.167,8.277,
2003/12/02,34.148,8.2772,
2003/12/03,34.115,8.2772,
2003/12/04,34.098,8.2771,
2003/12/05,34.104,8.277,
2003/12/08,34.060,8.2769,
2003/12/09,34.015,8.2771,
2003/12/10,34.040,8.2771,
2003/12/11,34.048,8.277,
2003/12/12,34.028,8.2771,
2003/12/15,34.015,8.2772,
2003/12/16,34.016,8.2772,
2003/12/17,34.042,8.2771,
2003/12/18,34.054,8.2769,
2003/12/19,34.052,8.2769,
2003/12/22,34.058,8.277,
2003/12/23,34.050,8.2769,
2003/12/24,34.056,8.277,
2003/12/25,34.045,8.277,
2003/12/26,34.052,8.2768,
2003/12/29,34.061,8.2768,
2003/12/30,34.033,8.2769,
2003/12/31,33.978,8.2767,
2004/01/02,33.976,8.2767,
2004/01/05,33.900,8.2769,
2004/01/06,33.830,8.277,
2004/01/07,33.809,8.2771,
2004/01/08,33.797,8.2772,
2004/01/09,33.788,8.2772,
2004/01/12,33.717,8.277,
2004/01/13,33.718,8.277,
2004/01/14,33.690,8.2768,
2004/01/15,33.700,8.2768,
2004/01/16,33.685,8.2767,
2004/01/17,,8.2767,
2004/01/18,,8.2767,
2004/01/19,33.680,8.2766,
2004/01/20,33.719,8.2768,
2004/01/21,,8.277,
2004/01/27,33.525,,
2004/01/28,33.368,,
2004/01/29,33.388,8.2771,
2004/01/30,33.390,8.277,
2004/02/02,33.333,8.2768,
2004/02/03,33.273,8.277,
2004/02/04,33.288,8.2772,
2004/02/05,33.285,8.2772,
2004/02/06,33.295,8.2773,
2004/02/09,33.227,8.2773,
2004/02/10,33.195,8.2773,
2004/02/11,33.149,8.2772,
2004/02/12,33.129,8.2771,
2004/02/13,33.130,8.2772,
2004/02/16,33.105,8.277,
2004/02/17,33.107,8.2772,
2004/02/18,33.100,8.277,
2004/02/19,33.179,8.277,
2004/02/20,33.220,8.2771,
2004/02/23,33.299,8.2772,
2004/02/24,33.301,8.2772,
2004/02/25,33.252,8.2771,
2004/02/26,33.311,8.277,
2004/02/27,33.365,8.277,
2004/03/01,33.320,8.2769,
2004/03/02,33.323,8.2768,
2004/03/03,33.377,8.2768,
2004/03/04,33.342,8.2768,
2004/03/05,33.401,8.277,
2004/03/08,33.403,8.2771,
2004/03/09,33.327,8.2771,
2004/03/10,33.384,8.2771,
2004/03/11,33.387,8.2771,
2004/03/12,33.472,8.2772,
2004/03/15,33.427,8.2771,
2004/03/16,33.360,8.2773,
2004/03/17,33.293,8.2773,
2004/03/18,33.228,8.2774,
2004/03/19,33.253,8.2774,
2004/03/22,33.285,8.2772,
2004/03/23,33.285,8.2773,
2004/03/24,33.251,8.2774,
2004/03/25,33.278,8.2772,
2004/03/26,33.274,8.2771,
2004/03/29,33.194,8.277,
2004/03/30,33.160,8.2771,
2004/03/31,33.020,8.2771,
2004/04/01,32.950,8.277,
2004/04/02,32.929,8.2769,
2004/04/05,32.949,8.2769,
2004/04/06,32.990,8.2769,
2004/04/07,32.924,8.2769,
2004/04/08,32.910,8.2769,
2004/04/09,32.940,8.2769,
2004/04/12,32.884,8.2769,
2004/04/13,32.798,8.277,
2004/04/14,32.920,8.2769,
2004/04/15,33.015,8.2772,
2004/04/16,32.975,8.2771,
2004/04/19,32.925,8.2769,
2004/04/20,32.945,8.2768,
2004/04/21,33.021,8.2768,
2004/04/22,33.110,8.2769,
2004/04/23,33.093,8.277,
2004/04/26,33.062,8.2769,
2004/04/27,33.044,8.2768,
2004/04/28,33.081,8.2768,
2004/04/29,33.295,8.2768,
2004/04/30,33.369,8.2769,
2004/05/03,33.328,,
2004/05/04,33.277,,
2004/05/05,33.252,,
2004/05/06,33.195,,
2004/05/07,33.314,,
2004/05/08,,8.2771,
2004/05/09,,8.2771,
2004/05/10,33.600,8.277,
2004/05/11,33.647,8.2769,
2004/05/12,33.505,8.2773,
2004/05/13,33.621,8.2773,
2004/05/14,33.663,8.2772,
2004/05/17,33.686,8.2772,
2004/05/18,33.683,8.2772,
2004/05/19,33.516,8.2771,
2004/05/20,33.617,8.2769,
2004/05/21,33.549,8.2771,
2004/05/24,33.588,8.2771,
2004/05/25,33.619,8.277,
2004/05/26,33.561,8.2769,
2004/05/27,33.537,8.2768,
2004/05/28,33.449,8.2768,
2004/05/31,33.389,8.2769,
2004/06/01,33.445,8.2768,
2004/06/02,33.559,8.2767,
2004/06/03,33.591,8.2767,
2004/06/04,33.582,8.2768,
2004/06/07,33.487,8.2767,
2004/06/08,33.470,8.2767,
2004/06/09,33.425,8.2767,
2004/06/10,33.530,8.2767,
2004/06/11,33.605,8.2768,
2004/06/14,33.700,8.2767,
2004/06/15,33.696,8.2766,
2004/06/16,33.694,8.2766,
2004/06/17,33.711,8.2766,
2004/06/18,33.785,8.2766,
2004/06/21,33.775,8.2766,
2004/06/22,,8.2766,
2004/06/23,33.780,8.2766,
2004/06/24,33.707,8.2767,
2004/06/25,33.680,8.2766,
2004/06/28,33.751,8.2767,
2004/06/29,33.767,8.2766,
2004/06/30,33.775,8.2766,
2004/07/01,33.699,8.2766,
2004/07/02,33.724,8.2767,
2004/07/05,33.710,8.2766,
2004/07/06,33.733,8.2768,
2004/07/07,33.712,8.2768,
2004/07/08,33.746,8.2768,
2004/07/09,33.719,8.2769,
2004/07/12,33.700,8.2769,
2004/07/13,33.732,8.2768,
2004/07/14,33.787,8.2768,
2004/07/15,33.911,8.2767,
2004/07/16,33.877,8.2767,
2004/07/19,33.876,8.2766,
2004/07/20,33.935,8.2766,
2004/07/21,33.946,8.2767,
2004/07/22,33.994,8.2766,
2004/07/23,34.065,8.2766,
2004/07/26,34.098,8.2766,
2004/07/27,34.135,8.2767,
2004/07/28,34.199,8.2767,
2004/07/29,34.185,8.2768,
2004/07/30,34.136,8.2769,
2004/08/02,34.103,8.2769,
2004/08/03,34.100,8.277,
2004/08/04,34.173,8.277,
2004/08/05,34.155,8.277,
2004/08/06,34.156,8.2769,
2004/08/09,34.106,8.2769,
2004/08/10,34.098,8.2769,
2004/08/11,34.140,8.277,
2004/08/12,34.140,8.2769,
2004/08/13,34.192,8.2769,
2004/08/16,34.195,8.2768,
2004/08/17,34.188,8.2768,
2004/08/18,34.179,8.2767,
2004/08/19,34.070,8.2767,
2004/08/20,34.046,8.2768,
2004/08/23,34.068,8.2767,
2004/08/24,,8.2767,
2004/08/25,,8.2767,
2004/08/26,34.075,8.2766,
2004/08/27,34.065,8.2766,
2004/08/30,34.079,8.2767,
2004/08/31,34.053,8.2767,
2004/09/01,33.963,8.2766,
2004/09/02,33.920,8.2766,
2004/09/03,33.907,8.2767,
2004/09/06,33.933,8.2767,
2004/09/07,33.929,8.2766,
2004/09/08,33.914,8.2767,
2004/09/09,33.902,8.2767,
2004/09/10,33.925,8.2768,
2004/09/13,33.907,8.2766,
2004/09/14,33.870,8.2766,
2004/09/15,33.811,8.2767,
2004/09/16,33.834,8.2768,
2004/09/17,33.868,8.2766,
2004/09/20,33.893,8.2767,
2004/09/21,33.920,8.2767,
2004/09/22,33.902,8.2766,
2004/09/23,33.960,8.2766,
2004/09/24,33.981,8.2766,
2004/09/27,33.998,8.2766,
2004/09/28,,8.2766,
2004/09/29,34.010,8.2766,
2004/09/30,33.984,8.2766,
2004/10/01,33.940,,
2004/10/04,33.876,,
2004/10/05,33.918,,
2004/10/06,33.919,,
2004/10/07,33.907,,
2004/10/08,33.880,8.2766,
2004/10/09,,8.2768,
2004/10/10,,8.2767,
2004/10/11,33.827,8.2766,
2004/10/12,33.878,8.2765,
2004/10/13,33.890,8.2765,
2004/10/14,33.870,8.2765,
2004/10/15,33.866,8.2765,
2004/10/16,,8.2765,
2004/10/18,33.862,,
2004/10/19,33.856,8.2765,
2004/10/20,33.814,8.2765,
2004/10/21,33.796,8.2765,
2004/10/22,33.796,8.2765,
2004/10/25,,8.2765,
2004/10/26,33.693,8.2765,
2004/10/27,33.615,8.2765,
2004/10/28,33.520,8.2765,
2004/10/29,33.435,8.2765,
2004/11/01,33.460,8.2765,
2004/11/02,33.482,8.2765,
2004/11/03,33.427,8.2765,
2004/11/04,33.285,8.2765,
2004/11/05,33.075,8.2765,
2004/11/08,32.890,8.2765,
2004/11/09,32.974,8.2765,
2004/11/10,33.117,8.2765,
2004/11/11,33.091,8.2765,
2004/11/12,32.990,8.2765,
2004/11/15,32.802,8.2765,
2004/11/16,32.819,8.2765,
2004/11/17,32.659,8.2765,
2004/11/18,32.420,8.2765,
2004/11/19,32.554,8.2765,
2004/11/20,,8.2765,
2004/11/22,32.479,,
2004/11/23,32.487,8.2765,
2004/11/24,32.387,8.2765,
2004/11/25,32.239,8.2765,
2004/11/26,32.095,8.2765,
2004/11/29,32.155,8.2765,
2004/11/30,32.205,8.2765,
2004/12/01,32.199,8.2765,
2004/12/02,31.990,8.2765,
2004/12/03,32.200,8.2765,
2004/12/04,,8.2765,
2004/12/06,32.070,,
2004/12/07,32.100,8.2765,
2004/12/08,32.260,8.2765,
2004/12/09,32.335,8.2765,
2004/12/10,32.475,8.2765,
2004/12/13,32.450,8.2765,
2004/12/14,32.444,8.2765,
2004/12/15,32.447,8.2765,
2004/12/16,32.340,8.2765,
2004/12/17,32.360,8.2765,
2004/12/20,32.408,8.2765,
2004/12/21,32.338,8.2765,
2004/12/22,32.302,8.2765,
2004/12/23,32.228,8.2765,
2004/12/24,32.190,8.2765,
2004/12/27,32.180,8.2765,
2004/12/28,32.030,8.2765,
2004/12/29,31.976,8.2765,
2004/12/30,31.978,8.2765,
2004/12/31,31.917,8.2765,
2005/01/03,31.845,,
2005/01/04,31.846,8.2765,
2005/01/05,32.060,8.2765,
2005/01/06,32.179,8.2765,
2005/01/07,32.138,8.2765,
2005/01/10,32.263,8.2765,
2005/01/11,32.122,8.2765,
2005/01/12,32.028,8.2765,
2005/01/13,31.868,8.2765,
2005/01/14,32.019,8.2765,
2005/01/17,31.804,8.2765,
2005/01/18,31.893,8.2765,
2005/01/19,31.802,8.2765,
2005/01/20,31.875,8.2765,
2005/01/21,31.913,8.2765,
2005/01/24,31.830,8.2765,
2005/01/25,31.881,8.2765,
2005/01/26,31.894,8.2765,
2005/01/27,31.863,8.2765,
2005/01/28,31.802,8.2765,
2005/01/31,31.790,8.2765,
2005/02/01,31.798,8.2765,
2005/02/02,31.699,8.2765,
2005/02/03,31.639,8.2765,
2005/02/04,31.623,8.2765,
2005/02/05,31.680,8.2765,
2005/02/06,,8.2765,
2005/02/07,,8.2765,
2005/02/08,,8.2765,
2005/02/14,31.651,,
2005/02/15,31.590,,
2005/02/16,31.569,8.2765,
2005/02/17,31.563,8.2765,
2005/02/18,31.542,8.2765,
2005/02/21,31.516,8.2765,
2005/02/22,31.332,8.2765,
2005/02/23,31.199,8.2765,
2005/02/24,31.175,8.2765,
2005/02/25,31.175,8.2765,
2005/02/28,,8.2765,
2005/03/01,31.045,8.2765,
2005/03/02,30.878,8.2765,
2005/03/03,30.863,8.2765,
2005/03/04,30.950,8.2765,
2005/03/07,30.879,8.2765,
2005/03/08,30.875,8.2765,
2005/03/09,30.819,8.2765,
2005/03/10,30.790,8.2765,
2005/03/11,30.820,8.2765,
2005/03/14,30.832,8.2765,
2005/03/15,31.000,8.2765,
2005/03/16,31.027,8.2765,
2005/03/17,31.092,8.2765,
2005/03/18,31.152,8.2765,
2005/03/21,31.294,8.2765,
2005/03/22,31.390,8.2765,
2005/03/23,31.369,8.2765,
2005/03/24,31.464,8.2765,
2005/03/25,31.500,8.2765,
2005/03/28,31.673,8.2765,
2005/03/29,31.776,8.2765,
2005/03/30,31.784,8.2765,
2005/03/31,31.530,8.2765,
2005/04/01,31.393,8.2765,
2005/04/04,31.585,8.2765,
2005/04/05,,8.2765,
2005/04/06,31.571,8.2765,
2005/04/07,31.555,8.2765,
2005/04/08,31.609,8.2765,
2005/04/11,31.560,8.2765,
2005/04/12,31.568,8.2765,
2005/04/13,31.540,8.2765,
2005/04/14,31.617,8.2765,
2005/04/15,31.699,8.2765,
2005/04/18,31.699,8.2765,
2005/04/19,31.573,8.2765,
2005/04/20,31.513,8.2765,
2005/04/21,31.541,8.2765,
2005/04/22,31.503,8.2765,
2005/04/25,31.374,8.2765,
2005/04/26,31.413,8.2765,
2005/04/27,31.441,8.2765,
2005/04/28,31.427,8.2765,
2005/04/29,31.279,8.2765,
2005/04/30,,8.2765,
2005/05/03,31.280,,
2005/05/04,31.189,,
2005/05/05,31.140,,
2005/05/06,31.160,,
2005/05/08,,8.2765,
2005/05/09,31.229,8.2765,
2005/05/10,31.218,8.2765,
2005/05/11,31.210,8.2765,
2005/05/12,31.263,8.2765,
2005/05/13,31.315,8.2765,
2005/05/16,31.411,8.2765,
2005/05/17,31.372,8.2765,
2005/05/18,31.383,8.2765,
2005/05/19,31.300,8.2765,
2005/05/20,31.319,8.2765,
2005/05/23,31.407,8.2765,
2005/05/24,31.356,8.2765,
2005/05/25,31.365,8.2765,
2005/05/26,31.403,8.2765,
2005/05/27,31.361,8.2765,
2005/05/28,,8.2765,
2005/05/30,31.330,,
2005/05/31,31.363,8.2765,
2005/06/01,31.390,8.2765,
2005/06/02,31.398,8.2765,
2005/06/03,31.303,8.2765,
2005/06/06,31.225,8.2765,
2005/06/07,31.226,8.2765,
2005/06/08,31.269,8.2765,
2005/06/09,31.308,8.2765,
2005/06/10,31.308,8.2765,
2005/06/13,31.379,8.2765,
2005/06/14,31.425,8.2765,
2005/06/15,31.385,8.2765,
2005/06/16,31.415,8.2765,
2005/06/17,31.323,8.2765,
2005/06/20,31.319,8.2765,
2005/06/21,31.390,8.2765,
2005/06/22,31.355,8.2765,
2005/06/23,31.359,8.2765,
2005/06/24,31.361,8.2765,
2005/06/27,31.365,8.2765,
2005/06/28,31.434,8.2765,
2005/06/29,31.610,8.2765,
2005/06/30,31.618,8.2765,
2005/07/01,31.687,8.2765,
2005/07/04,31.797,8.2765,
2005/07/05,32.040,8.2765,
2005/07/06,31.935,8.2765,
2005/07/07,32.070,8.2765,
2005/07/08,32.115,8.2765,
2005/07/11,31.984,8.2765,
2005/07/12,31.893,8.2765,
2005/07/13,31.979,8.2765,
2005/07/14,31.917,8.2765,
2005/07/15,31.942,8.2765,
2005/07/18,,8.2765,
2005/07/19,31.936,8.2765,
2005/07/20,32.001,8.2765,
2005/07/21,31.953,8.2765,
2005/07/22,31.648,8.11,
2005/07/25,31.754,8.1111,
2005/07/26,31.866,8.1097,
2005/07/27,31.966,8.1099,
2005/07/28,31.953,8.1128,
2005/07/29,31.996,8.108,
2005/08/01,31.920,8.1056,
2005/08/02,31.844,8.1046,
2005/08/03,31.893,8.1032,
2005/08/04,31.820,8.1051,
2005/08/05,,8.1027,
2005/08/08,31.949,8.1037,
2005/08/09,31.963,8.109,
2005/08/10,31.929,8.107,
2005/08/11,31.905,8.1062,
2005/08/12,31.892,8.1002,
2005/08/15,31.966,8.098,
2005/08/16,31.992,8.0971,
2005/08/17,32.066,8.1002,
2005/08/18,32.114,8.0997,
2005/08/19,32.189,8.1007,
2005/08/22,32.118,8.1047,
2005/08/23,32.129,8.1056,
2005/08/24,32.280,8.1012,
2005/08/25,32.293,8.1005,
2005/08/26,32.310,8.1002,
2005/08/29,32.487,8.0965,
2005/08/30,32.657,8.0954,
2005/08/31,32.751,8.0973,
2005/09/01,,8.0998,
2005/09/02,32.529,8.0949,
2005/09/05,32.422,8.0935,
2005/09/06,32.586,8.0916,
2005/09/07,32.643,8.0913,
2005/09/08,32.746,8.0925,
2005/09/09,32.750,8.0945,
2005/09/12,32.684,8.0956,
2005/09/13,32.741,8.0924,
2005/09/14,32.774,8.094,
2005/09/15,32.833,8.0912,
2005/09/16,32.931,8.0887,
2005/09/19,33.096,8.0871,
2005/09/20,33.048,8.0908,
2005/09/21,33.088,8.089,
2005/09/22,33.135,8.0911,
2005/09/23,33.173,8.0881,
2005/09/26,33.274,8.091,
2005/09/27,33.282,8.0929,
2005/09/28,33.282,8.092,
2005/09/29,33.217,8.0939,
2005/09/30,33.188,8.093,
2005/10/03,33.246,,
2005/10/04,33.298,,
2005/10/05,33.238,,
2005/10/06,33.260,,
2005/10/07,33.232,,
2005/10/08,,8.092,
2005/10/09,,8.0896,
2005/10/10,,8.0876,
2005/10/11,33.262,8.0864,
2005/10/12,33.369,8.0879,
2005/10/13,33.469,8.0895,
2005/10/14,33.450,8.0885,
2005/10/17,33.450,8.0896,
2005/10/18,33.579,8.0877,
2005/10/19,33.678,8.091,
2005/10/20,33.681,8.0924,
2005/10/21,33.633,8.0905,
2005/10/24,33.770,8.0885,
2005/10/25,33.741,8.0916,
2005/10/26,33.660,8.0901,
2005/10/27,33.666,8.0867,
2005/10/28,33.606,8.0862,
2005/10/31,33.551,8.084,
2005/11/01,33.583,8.0845,
2005/11/02,33.587,8.086,
2005/11/03,33.622,8.0851,
2005/11/04,33.657,8.0841,
2005/11/07,33.690,8.0856,
2005/11/08,33.716,8.0877,
2005/11/09,33.648,8.0867,
2005/11/10,33.605,8.0857,
2005/11/11,33.473,8.0847,
2005/11/14,33.395,8.0856,
2005/11/15,33.512,8.0831,
2005/11/16,33.622,8.0845,
2005/11/17,33.629,8.0835,
2005/11/18,33.631,8.0845,
2005/11/21,33.617,8.0832,
2005/11/22,33.626,8.0833,
2005/11/23,33.487,8.0839,
2005/11/24,33.486,8.0816,
2005/11/25,33.550,8.0805,
2005/11/28,33.598,8.0815,
2005/11/29,33.520,8.0825,
2005/11/30,33.516,8.0796,
2005/12/01,33.563,8.0804,
2005/12/02,33.530,8.0798,
2005/12/05,33.493,8.0806,
2005/12/06,33.461,8.0808,
2005/12/07,33.485,8.078,
2005/12/08,33.501,8.0771,
2005/12/09,33.517,8.078,
2005/12/12,33.554,8.0765,
2005/12/13,33.498,8.077,
2005/12/14,33.362,8.0751,
2005/12/15,33.225,8.0746,
2005/12/16,33.174,8.074,
2005/12/19,33.187,8.0735,
2005/12/20,33.250,8.073,
2005/12/21,33.256,8.074,
2005/12/22,33.261,8.0765,
2005/12/23,33.178,8.0775,
2005/12/26,33.098,8.0762,
2005/12/27,33.132,8.0755,
2005/12/28,33.107,8.074,
2005/12/29,32.908,8.0725,
2005/12/30,32.850,8.0709,
2005/12/31,,8.0702,
2006/01/02,32.818,,
2006/01/03,32.645,,
2006/01/04,32.340,8.0702,
2006/01/05,32.016,8.0678,
2006/01/06,32.198,8.0675,
2006/01/09,31.952,8.0665,
2006/01/10,32.021,8.0691,
2006/01/11,32.070,8.0705,
2006/01/12,31.880,8.0685,
2006/01/13,31.995,8.0698,
2006/01/16,31.927,8.0673,
2006/01/17,31.999,8.0676,
2006/01/18,32.125,8.0704,
2006/01/19,32.140,8.0687,
2006/01/20,32.125,8.0648,
2006/01/23,31.983,8.0645,
2006/01/24,31.980,8.0625,
2006/01/25,31.970,8.063,
2006/01/26,31.985,8.062,
2006/01/27,31.985,8.0608,
2006/02/03,32.094,,
2006/02/06,32.095,8.056,
2006/02/07,32.231,8.0566,
2006/02/08,32.350,8.0545,
2006/02/09,32.420,8.0558,
2006/02/10,32.267,8.0516,
2006/02/13,32.374,8.0472,
2006/02/14,32.300,8.0477,
2006/02/15,32.352,8.0481,
2006/02/16,32.401,8.0495,
2006/02/17,32.390,8.0493,
2006/02/20,32.400,8.0483,
2006/02/21,32.483,8.0485,
2006/02/22,32.646,8.0497,
2006/02/23,32.570,8.049,
2006/02/24,32.492,8.0432,
2006/02/27,32.455,8.042,
2006/02/28,,8.0415,
2006/03/01,32.283,8.039,
2006/03/02,32.310,8.0394,
2006/03/03,32.401,8.038,
2006/03/06,32.473,8.0382,
2006/03/07,32.529,8.0425,
2006/03/08,32.530,8.0475,
2006/03/09,32.523,8.048,
2006/03/10,32.513,8.0492,
2006/03/13,32.500,8.0503,
2006/03/14,32.434,8.0475,
2006/03/15,32.400,8.0388,
2006/03/16,32.445,8.035,
2006/03/17,32.430,8.0286,
2006/03/20,32.421,8.025,
2006/03/21,32.501,8.0272,
2006/03/22,32.557,8.0306,
2006/03/23,32.578,8.0296,
2006/03/24,32.669,8.0338,
2006/03/27,32.570,8.0245,
2006/03/28,32.577,8.0212,
2006/03/29,32.598,8.028,
2006/03/30,32.537,8.027,
2006/03/31,32.460,8.017,
2006/04/03,32.586,8.021,
2006/04/04,32.472,8.0194,
2006/04/05,,8.0116,
2006/04/06,32.329,8.0098,
2006/04/07,32.328,8.013,
2006/04/10,32.405,8.004,
2006/04/11,32.446,8.011,
2006/04/12,32.532,8.012,
2006/04/13,32.498,8.0248,
2006/04/14,32.481,8.0163,
2006/04/17,32.460,8.0158,
2006/04/18,32.486,8.014,
2006/04/19,32.408,8.0128,
2006/04/20,32.311,8.0126,
2006/04/21,32.309,8.021,
2006/04/24,31.992,8.0185,
2006/04/25,31.993,8.016,
2006/04/26,32.052,8.022,
2006/04/27,31.923,8.0205,
2006/04/28,31.913,8.0165,
2006/05/02,31.786,,
2006/05/03,31.627,,
2006/05/04,31.689,,
2006/05/05,31.646,,
2006/05/08,31.380,8.009,
2006/05/09,31.497,8.0065,
2006/05/10,31.338,8.0048,
2006/05/11,31.460,8.0062,
2006/05/12,31.398,8.0082,
2006/05/15,31.648,7.9982,
2006/05/16,31.820,8.015,
2006/05/17,31.574,8.006,
2006/05/18,31.853,8.018,
2006/05/19,31.948,8.015,
2006/05/22,32.146,8.0226,
2006/05/23,31.992,8.0176,
2006/05/24,32.012,8.023,
2006/05/25,32.112,8.0268,
2006/05/26,32.038,8.0216,
2006/05/29,32.038,8.0282,
2006/05/30,32.019,8.0284,
2006/05/31,,8.0188,
2006/06/01,32.110,8.021,
2006/06/02,32.080,8.0214,
2006/06/05,32.049,8.0096,
2006/06/06,32.062,8.0148,
2006/06/07,32.220,8.0168,
2006/06/08,32.513,8.0174,
2006/06/09,32.450,8.018,
2006/06/12,32.543,8.0161,
2006/06/13,32.660,8.0073,
2006/06/14,32.620,8.0051,
2006/06/15,32.541,7.9999,
2006/06/16,32.480,7.9976,
2006/06/19,32.598,8.0018,
2006/06/20,32.596,8.0036,
2006/06/21,32.625,7.999,
2006/06/22,32.638,7.9975,
2006/06/23,32.716,8.0026,
2006/06/26,32.729,8.0038,
2006/06/27,32.664,7.9991,
2006/06/28,32.655,7.9995,
2006/06/29,32.620,8.0001,
2006/06/30,32.399,7.9956,
2006/07/03,32.310,7.9924,
2006/07/04,32.248,7.9935,
2006/07/05,32.390,7.9944,
2006/07/06,32.459,7.996,
2006/07/07,32.397,7.9936,
2006/07/10,32.347,7.9908,
2006/07/11,32.455,7.9925,
2006/07/12,32.487,7.9916,
2006/07/13,32.576,7.9948,
2006/07/14,32.687,7.9956,
2006/07/17,32.860,7.997,
2006/07/18,32.866,8.0016,
2006/07/19,32.897,8.0024,
2006/07/20,32.740,7.9918,
2006/07/21,32.750,7.9897,
2006/07/24,32.855,7.9845,
2006/07/25,32.800,7.987,
2006/07/26,32.849,7.9877,
2006/07/27,32.756,7.9808,
2006/07/28,32.795,7.9792,
2006/07/31,32.756,7.9732,
2006/08/01,32.818,7.973,
2006/08/02,32.864,7.972,
2006/08/03,32.865,7.9762,
2006/08/04,32.869,7.9772,
2006/08/07,32.803,7.9699,
2006/08/08,32.816,7.974,
2006/08/09,32.777,7.9775,
2006/08/10,32.586,7.9688,
2006/08/11,32.644,7.9725,
2006/08/14,32.745,7.9928,
2006/08/15,32.756,7.995,
2006/08/16,32.749,7.9827,
2006/08/17,32.627,7.9748,
2006/08/18,32.667,7.9736,
2006/08/21,32.690,7.9698,
2006/08/22,32.760,7.9672,
2006/08/23,32.779,7.9703,
2006/08/24,32.845,7.9708,
2006/08/25,32.888,7.9715,
2006/08/28,32.918,7.9719,
2006/08/29,32.880,7.9669,
2006/08/30,32.910,7.9598,
2006/08/31,32.906,7.9585,
2006/09/01,32.884,7.959,
2006/09/04,32.749,7.9499,
2006/09/05,32.770,7.9425,
2006/09/06,32.812,7.9471,
2006/09/07,32.860,7.9508,
2006/09/08,32.880,7.9568,
2006/09/11,32.920,7.9608,
2006/09/12,32.914,7.9552,
2006/09/13,32.897,7.9555,
2006/09/14,32.915,7.9476,
2006/09/15,32.936,7.9459,
2006/09/18,32.930,7.9431,
2006/09/19,32.906,7.9342,
2006/09/20,32.909,7.9299,
2006/09/21,32.895,7.9264,
2006/09/22,32.940,7.9188,
2006/09/25,32.939,7.9196,
2006/09/26,32.940,7.915,
2006/09/27,32.958,7.9072,
2006/09/28,32.992,7.8998,
2006/09/29,33.098,7.9087,
2006/10/02,33.127,,
2006/10/03,33.055,,
2006/10/04,33.120,,
2006/10/05,33.093,,
2006/10/09,,7.9103,
2006/10/10,,7.9128,
2006/10/11,33.290,7.9164,
2006/10/12,33.239,7.9174,
2006/10/13,33.130,7.9116,
2006/10/14,33.174,,
2006/10/16,33.234,7.9148,
2006/10/17,33.158,7.911,
2006/10/18,33.180,7.9085,
2006/10/19,33.199,7.909,
2006/10/20,33.202,7.8995,
2006/10/23,33.276,7.8998,
2006/10/24,33.308,7.9049,
2006/10/25,33.316,7.9007,
2006/10/26,33.265,7.894,
2006/10/27,33.280,7.8871,
2006/10/30,33.221,7.8781,
2006/10/31,33.260,7.8792,
2006/11/01,33.167,7.872,
2006/11/02,33.045,7.875,
2006/11/03,32.920,7.8729,
2006/11/06,32.950,7.8804,
2006/11/07,32.840,7.8829,
2006/11/08,32.869,7.8719,
2006/11/09,32.870,7.8697,
2006/11/10,32.819,7.8667,
2006/11/13,32.736,7.8644,
2006/11/14,32.765,7.8703,
2006/11/15,32.813,7.8715,
2006/11/16,32.843,7.8733,
2006/11/17,32.934,7.8745,
2006/11/20,32.936,7.869,
2006/11/21,32.873,7.8695,
2006/11/22,32.812,7.8655,
2006/11/23,32.790,7.8596,
2006/11/24,32.833,7.8526,
2006/11/27,32.704,7.8402,
2006/11/28,32.675,7.8487,
2006/11/29,32.500,7.8394,
2006/11/30,32.432,7.8436,
2006/12/01,32.370,7.8331,
2006/12/04,32.398,7.824,
2006/12/05,32.304,7.8279,
2006/12/06,32.297,7.8226,
2006/12/07,32.300,7.8305,
2006/12/08,32.390,7.8266,
2006/12/11,32.490,7.8377,
2006/12/12,32.489,7.8324,
2006/12/13,32.522,7.8254,
2006/12/14,32.557,7.8197,
2006/12/15,32.587,7.8185,
2006/12/18,32.600,7.8255,
2006/12/19,32.744,7.827,
2006/12/20,32.617,7.8198,
2006/12/21,32.553,7.819,
2006/12/22,32.565,7.8189,
2006/12/25,32.610,7.8221,
2006/12/26,32.650,7.822,
2006/12/27,32.699,7.823,
2006/12/28,32.660,7.8149,
2006/12/29,32.596,7.8087,
2007/01/02,32.403,,
2007/01/03,32.407,,
2007/01/04,32.550,7.8073,
2007/01/05,32.609,7.8097,
2007/01/08,32.676,7.8135,
2007/01/09,32.690,7.8078,
2007/01/10,32.759,7.8081,
2007/01/11,32.774,7.7977,
2007/01/12,32.760,7.8012,
2007/01/15,32.757,7.7938,
2007/01/16,32.775,7.7895,
2007/01/17,32.792,7.7798,
2007/01/18,32.792,7.7758,
2007/01/19,32.810,7.7788,
2007/01/22,32.920,7.78,
2007/01/23,32.947,7.7815,
2007/01/24,32.807,7.7755,
2007/01/25,32.849,7.7735,
2007/01/26,32.938,7.7817,
2007/01/29,32.970,7.7836,
2007/01/30,32.973,7.7796,
2007/01/31,32.949,7.7776,
2007/02/01,32.864,7.7615,
2007/02/02,32.916,7.7613,
2007/02/05,32.917,7.764,
2007/02/06,32.968,7.7595,
2007/02/07,32.995,7.7496,
2007/02/08,33.010,7.7526,
2007/02/09,32.971,7.7575,
2007/02/12,33.024,7.7632,
2007/02/13,33.081,7.7662,
2007/02/14,32.990,7.7552,
2007/02/15,32.908,7.7502,
2007/02/16,32.993,7.7408,
2007/02/26,32.974,7.7498,
2007/02/27,32.950,7.7471,
2007/02/28,,7.7409,
2007/03/01,32.910,7.7472,
2007/03/02,32.918,7.7453,
2007/03/03,32.863,,
2007/03/05,32.899,7.7403,
2007/03/06,32.970,7.7453,
2007/03/07,32.976,7.7436,
2007/03/08,32.913,7.7386,
2007/03/09,32.968,7.7436,
2007/03/12,33.029,7.7474,
2007/03/13,32.978,7.7397,
2007/03/14,32.996,7.7387,
2007/03/15,33.029,7.742,
2007/03/16,33.102,7.739,
2007/03/19,33.108,7.7351,
2007/03/20,33.125,7.7395,
2007/03/21,33.106,7.7355,
2007/03/22,32.993,7.731,
2007/03/23,33.040,7.7359,
2007/03/26,33.056,7.7393,
2007/03/27,33.076,7.7343,
2007/03/28,33.076,7.7318,
2007/03/29,33.064,7.7303,
2007/03/30,33.089,7.7342,
2007/04/02,33.098,7.7306,
2007/04/03,33.116,7.7277,
2007/04/04,33.081,7.7349,
2007/04/05,,7.7268,
2007/04/06,,7.7251,
2007/04/09,33.072,7.729,
2007/04/10,33.088,7.7304,
2007/04/11,33.095,7.727,
2007/04/12,33.105,7.7264,
2007/04/13,33.101,7.7244,
2007/04/14,33.106,,
2007/04/16,33.154,7.722,
2007/04/17,33.161,7.7308,
2007/04/18,33.159,7.7238,
2007/04/19,33.136,7.7199,
2007/04/20,33.137,7.723,
2007/04/23,33.166,7.729,
2007/04/24,33.183,7.7293,
2007/04/25,33.192,7.7203,
2007/04/26,33.216,7.7199,
2007/04/27,33.265,7.7139,
2007/04/30,33.276,7.7055,
2007/05/02,33.286,,
2007/05/03,33.281,,
2007/05/04,33.280,,
2007/05/07,33.220,,
2007/05/08,33.254,7.6951,
2007/05/09,33.275,7.6971,
2007/05/10,33.288,7.6965,
2007/05/11,33.300,7.6835,
2007/05/14,33.313,7.6739,
2007/05/15,33.335,7.6948,
2007/05/16,33.331,7.684,
2007/05/17,33.346,7.6785,
2007/05/18,33.371,7.6804,
2007/05/21,33.370,7.6652,
2007/05/22,33.385,7.6551,
2007/05/23,33.398,7.654,
2007/05/24,33.298,7.6525,
2007/05/25,33.239,7.6523,
2007/05/28,33.148,7.6512,
2007/05/29,33.019,7.6538,
2007/05/30,32.979,7.6488,
2007/05/31,33.019,7.6506,
2007/06/01,33.009,7.6497,
2007/06/04,33.005,7.6522,
2007/06/05,33.012,7.6427,
2007/06/06,33.021,7.6398,
2007/06/07,33.032,7.6502,
2007/06/08,32.990,7.6656,
2007/06/11,33.009,7.6785,
2007/06/12,33.020,7.6475,
2007/06/13,33.039,7.6282,
2007/06/14,33.085,7.6258,
2007/06/15,33.142,7.6238,
2007/06/18,,7.6213,
2007/06/19,,7.6195,
2007/06/20,32.981,7.618,
2007/06/21,32.928,7.6208,
2007/06/22,32.754,7.6224,
2007/06/23,32.736,,
2007/06/25,32.765,7.6192,
2007/06/26,32.764,7.6184,
2007/06/27,32.785,7.6165,
2007/06/28,32.836,7.6178,
2007/06/29,32.735,7.6155,
2007/07/02,32.765,7.6075,
2007/07/03,32.788,7.5951,
2007/07/04,32.768,7.6007,
2007/07/05,32.789,7.606,
2007/07/06,32.809,7.6135,
2007/07/09,32.666,7.6085,
2007/07/10,32.752,7.5845,
2007/07/11,32.734,7.5712,
2007/07/12,32.793,7.5762,
2007/07/13,32.762,7.5731,
2007/07/16,32.808,7.5681,
2007/07/17,32.825,7.5651,
2007/07/18,32.821,7.5661,
2007/07/19,32.825,7.5636,
2007/07/20,32.790,7.5712,
2007/07/23,32.790,7.5642,
2007/07/24,32.758,7.5725,
2007/07/25,32.792,7.5596,
2007/07/26,32.840,7.5789,
2007/07/27,32.861,7.5697,
2007/07/30,32.827,7.5824,
2007/07/31,32.805,7.5737,
2007/08/01,32.866,7.566,
2007/08/02,32.864,7.5723,
2007/08/03,32.871,7.5683,
2007/08/06,32.888,7.5598,
2007/08/07,32.896,7.569,
2007/08/08,32.895,7.5759,
2007/08/09,32.885,7.5648,
2007/08/10,32.965,7.5698,
2007/08/13,32.965,7.5787,
2007/08/14,32.968,7.5845,
2007/08/15,33.010,7.5921,
2007/08/16,33.128,7.5981,
2007/08/17,32.931,7.6003,
2007/08/20,32.890,7.5973,
2007/08/21,32.921,7.597,
2007/08/22,32.939,7.5987,
2007/08/23,32.945,7.5847,
2007/08/24,32.980,7.5691,
2007/08/27,32.994,7.5629,
2007/08/28,33.002,7.5545,
2007/08/29,33.060,7.5505,
2007/08/30,33.050,7.5567,
2007/08/31,32.996,7.5607,
2007/09/03,33.007,7.5546,
2007/09/04,33.025,7.5556,
2007/09/05,33.042,7.5546,
2007/09/06,33.041,7.541,
2007/09/07,33.050,7.5411,
2007/09/10,33.060,7.5252,
2007/09/11,33.071,7.5298,
2007/09/12,33.069,7.5263,
2007/09/13,33.066,7.5169,
2007/09/14,33.071,7.5222,
2007/09/17,33.110,7.523,
2007/09/18,,7.5266,
2007/09/19,33.090,7.517,
2007/09/20,33.066,7.5175,
2007/09/21,32.953,7.505,
2007/09/24,,7.5109,
2007/09/25,,7.5135,
2007/09/26,32.927,7.5089,
2007/09/27,32.825,7.5157,
2007/09/28,32.667,7.5108,
2007/09/29,32.580,,
2007/10/01,32.578,,
2007/10/02,32.573,,
2007/10/03,32.573,,
2007/10/04,32.599,,
2007/10/05,32.597,,
2007/10/08,32.588,7.5102,
2007/10/09,32.591,7.5232,
2007/10/10,,7.5176,
2007/10/11,32.582,7.5143,
2007/10/12,32.581,7.5114,
2007/10/15,32.598,7.5153,
2007/10/16,32.597,7.5136,
2007/10/17,32.605,7.5156,
2007/10/18,32.595,7.5113,
2007/10/19,32.572,7.5074,
2007/10/22,32.570,7.5055,
2007/10/23,32.580,7.501,
2007/10/24,32.565,7.4938,
2007/10/25,32.499,7.4867,
2007/10/26,32.465,7.481,
2007/10/29,32.415,7.4718,
2007/10/30,32.410,7.472,
2007/10/31,32.410,7.4692,
2007/11/01,32.390,7.4552,
2007/11/02,32.390,7.4624,
2007/11/05,32.405,7.4562,
2007/11/06,32.400,7.4577,
2007/11/07,32.375,7.4476,
2007/11/08,32.308,7.4251,
2007/11/09,32.288,7.4162,
2007/11/12,32.290,7.414,
2007/11/13,32.299,7.4309,
2007/11/14,32.288,7.4321,
2007/11/15,32.298,7.4307,
2007/11/16,32.336,7.4336,
2007/11/19,32.351,7.4303,
2007/11/20,32.350,7.4255,
2007/11/21,32.348,7.415,
2007/11/22,32.340,7.4119,
2007/11/23,32.324,7.3992,
2007/11/26,32.320,7.3942,
2007/11/27,32.320,7.3872,
2007/11/28,32.326,7.3899,
2007/11/29,32.300,7.3983,
2007/11/30,32.268,7.3997,
2007/12/03,32.304,7.4143,
2007/12/04,32.305,7.4094,
2007/12/05,32.303,7.3982,
2007/12/06,32.309,7.4205,
2007/12/07,32.309,7.4091,
2007/12/10,32.322,7.3953,
2007/12/11,32.338,7.3797,
2007/12/12,32.363,7.3647,
2007/12/13,32.360,7.3568,
2007/12/14,32.376,7.3589,
2007/12/17,32.481,7.379,
2007/12/18,32.517,7.3751,
2007/12/19,32.507,7.3698,
2007/12/20,32.496,7.3649,
2007/12/21,32.485,7.3572,
2007/12/24,32.498,7.3315,
2007/12/25,32.499,7.3261,
2007/12/26,32.529,7.3298,
2007/12/27,32.526,7.3079,
2007/12/28,32.499,7.3046,
2007/12/31,32.443,,
2008/01/02,32.443,7.2996,
2008/01/03,32.431,7.2775,
2008/01/04,32.439,7.2779,
2008/01/07,32.466,7.2695,
2008/01/08,32.457,7.2791,
2008/01/09,32.466,7.2723,
2008/01/10,32.487,7.2805,
2008/01/11,32.466,7.2672,
2008/01/14,32.370,7.2566,
2008/01/15,32.260,7.2454,
2008/01/16,32.272,7.2418,
2008/01/17,32.278,7.2545,
2008/01/18,32.315,7.2571,
2008/01/21,32.348,7.2598,
2008/01/22,32.439,7.2556,
2008/01/23,32.405,7.235,
2008/01/24,32.352,7.2293,
2008/01/25,32.300,7.2065,
2008/01/28,32.345,7.1996,
2008/01/29,32.314,7.202,
2008/01/30,32.248,7.1998,
2008/01/31,32.198,7.1853,
2008/02/01,32.178,7.1903,
2008/02/04,32.070,7.1923,
2008/02/05,32.010,7.1846,
2008/02/12,31.884,,
2008/02/13,31.688,7.1952,
2008/02/14,31.700,7.189,
2008/02/15,31.740,7.1763,
2008/02/18,31.746,7.1667,
2008/02/19,31.698,7.1574,
2008/02/20,31.648,7.1452,
2008/02/21,31.521,7.1503,
2008/02/22,31.495,7.1463,
2008/02/25,31.388,7.146,
2008/02/26,31.210,7.1505,
2008/02/27,30.929,7.1455,
2008/02/28,,7.1209,
2008/02/29,30.950,7.1058,
2008/03/03,31.102,7.1058,
2008/03/04,30.950,7.1175,
2008/03/05,30.879,7.1172,
2008/03/06,30.748,7.1168,
2008/03/07,30.750,7.109,
2008/03/10,30.658,7.108,
2008/03/11,30.624,7.1029,
2008/03/12,30.690,7.1069,
2008/03/13,30.686,7.097,
2008/03/14,30.744,7.0882,
2008/03/17,30.850,7.0815,
2008/03/18,30.747,7.087,
2008/03/19,30.720,7.0648,
2008/03/20,30.692,7.0512,
2008/03/21,30.550,7.0593,
2008/03/24,30.229,7.0518,
2008/03/25,30.100,7.0436,
2008/03/26,30.010,7.0252,
2008/03/27,30.180,7.013,
2008/03/28,30.402,7.0137,
2008/03/31,30.405,7.019,
2008/04/01,30.318,7.0218,
2008/04/02,30.380,7.0292,
2008/04/03,30.430,7.0192,
2008/04/07,30.418,7.002,
2008/04/08,30.524,7.0015,
2008/04/09,30.465,7.0025,
2008/04/10,30.308,6.992,
2008/04/11,30.319,7.0012,
2008/04/14,30.325,6.9993,
2008/04/15,30.266,6.9963,
2008/04/16,30.255,7.0047,
2008/04/17,30.275,6.9895,
2008/04/18,30.284,7.0006,
2008/04/21,30.288,7.0078,
2008/04/22,30.288,6.9912,
2008/04/23,30.293,6.9837,
2008/04/24,30.297,6.989,
2008/04/25,30.340,6.9949,
2008/04/28,30.412,6.998,
2008/04/29,30.408,6.9898,
2008/04/30,30.449,7.0002,
2008/05/02,30.455,,
2008/05/05,30.498,7.0016,
2008/05/06,30.490,6.9888,
2008/05/07,30.521,6.9848,
2008/05/08,30.824,7.001,
2008/05/09,30.653,7.0005,
2008/05/12,30.850,6.982,
2008/05/13,30.873,6.9887,
2008/05/14,31.002,6.9987,
2008/05/15,30.880,7.0,
2008/05/16,30.660,6.9895,
2008/05/19,30.548,6.9712,
2008/05/20,30.584,6.978,
2008/05/21,30.499,6.9597,
2008/05/22,30.380,6.9428,
2008/05/23,30.500,6.9498,
2008/05/26,30.507,6.9399,
2008/05/27,30.540,6.9432,
2008/05/28,30.512,6.9408,
2008/05/29,30.456,6.9402,
2008/05/30,30.413,6.9472,
2008/06/02,30.219,6.9372,
2008/06/03,30.290,6.9295,
2008/06/04,30.350,6.9356,
2008/06/05,30.392,6.9394,
2008/06/06,30.335,6.9238,
2008/06/09,30.299,,
2008/06/10,30.360,6.9199,
2008/06/11,30.375,6.9209,
2008/06/12,30.451,6.9015,
2008/06/13,30.451,6.9018,
2008/06/16,30.389,6.9028,
2008/06/17,30.317,6.8919,
2008/06/18,30.353,6.8823,
2008/06/19,30.380,6.8796,
2008/06/20,30.382,6.8826,
2008/06/23,30.401,6.8676,
2008/06/24,30.437,6.8736,
2008/06/25,30.380,6.8684,
2008/06/26,30.383,6.8634,
2008/06/27,30.388,6.861,
2008/06/30,30.354,6.8591,
2008/07/01,30.360,6.8608,
2008/07/02,30.372,6.8621,
2008/07/03,30.390,6.8529,
2008/07/04,30.401,6.8639,
2008/07/07,30.399,6.8567,
2008/07/08,30.397,6.8581,
2008/07/09,30.399,6.8632,
2008/07/10,30.418,6.8489,
2008/07/11,30.392,6.8397,
2008/07/14,30.404,6.8266,
2008/07/15,30.390,6.823,
2008/07/16,30.382,6.8128,
2008/07/17,30.359,6.8189,
2008/07/18,30.360,6.8238,
2008/07/21,30.363,6.8271,
2008/07/22,30.381,6.8219,
2008/07/23,30.394,6.8279,
2008/07/24,30.418,6.8297,
2008/07/25,30.407,6.8255,
2008/07/28,,6.8277,
2008/07/29,30.465,6.8205,
2008/07/30,30.510,6.8351,
2008/07/31,30.590,6.8388,
2008/08/01,30.645,6.8423,
2008/08/04,30.666,6.8471,
2008/08/05,30.721,6.8501,
2008/08/06,30.738,6.8525,
2008/08/07,30.870,6.8555,
2008/08/08,31.090,6.8585,
2008/08/11,31.166,6.8638,
2008/08/12,31.189,6.8659,
2008/08/13,31.150,6.8628,
2008/08/14,31.240,6.863,
2008/08/15,31.330,6.8649,
2008/08/18,31.307,6.8665,
2008/08/19,31.389,6.8599,
2008/08/20,31.390,6.8529,
2008/08/21,31.389,6.8518,
2008/08/22,31.370,6.8357,
2008/08/25,31.430,6.8397,
2008/08/26,31.489,6.84,
2008/08/27,31.481,6.8415,
2008/08/28,31.479,6.8326,
2008/08/29,31.520,6.8345,
2008/09/01,31.593,6.832,
2008/09/02,31.750,6.8359,
2008/09/03,31.835,6.8398,
2008/09/04,31.761,6.841,
2008/09/05,31.875,6.8436,
2008/09/08,31.799,6.8455,
2008/09/09,31.872,6.8399,
2008/09/10,31.863,6.8406,
2008/09/11,32.040,6.8457,
2008/09/12,32.041,6.8458,
2008/09/15,32.039,,
2008/09/16,32.070,6.8203,
2008/09/17,32.082,6.829,
2008/09/18,32.218,6.8201,
2008/09/19,32.158,6.8276,
2008/09/22,32.030,6.8243,
2008/09/23,31.937,6.8009,
2008/09/24,31.961,6.8129,
2008/09/25,31.998,6.8197,
2008/09/26,32.045,6.8183,
2008/09/30,32.130,,
2008/10/01,32.029,,
2008/10/02,32.160,,
2008/10/03,32.187,,
2008/10/06,32.343,6.8321,
2008/10/07,32.350,6.8345,
2008/10/08,32.448,6.8319,
2008/10/09,32.437,6.831,
2008/10/10,,6.8327,
2008/10/13,32.388,6.8287,
2008/10/14,32.388,6.8278,
2008/10/15,32.400,6.8272,
2008/10/16,32.537,6.8295,
2008/10/17,32.550,6.8311,
2008/10/20,32.580,6.8297,
2008/10/21,32.697,6.8309,
2008/10/22,32.990,6.8339,
2008/10/23,33.296,6.8368,
2008/10/24,33.412,6.8357,
2008/10/27,33.497,6.836,
2008/10/28,33.438,6.8369,
2008/10/29,33.295,6.8318,
2008/10/30,32.799,6.827,
2008/10/31,33.000,6.8258,
2008/11/03,32.898,6.8288,
2008/11/04,32.869,6.8261,
2008/11/05,32.830,6.824,
2008/11/06,32.819,6.8252,
2008/11/07,32.824,6.8277,
2008/11/10,32.823,6.8252,
2008/11/11,32.874,6.8265,
2008/11/12,32.994,6.8291,
2008/11/13,33.177,6.8295,
2008/11/14,33.079,6.8289,
2008/11/17,33.170,6.8303,
2008/11/18,33.234,6.828,
2008/11/19,33.265,6.8293,
2008/11/20,33.405,6.8307,
2008/11/21,33.388,6.8317,
2008/11/24,33.421,6.8304,
2008/11/25,33.352,6.8284,
2008/11/26,33.306,6.8272,
2008/11/27,33.302,6.8292,
2008/11/28,33.295,6.8349,
2008/12/01,33.350,6.8505,
2008/12/02,33.489,6.8527,
2008/12/03,33.528,6.8502,
2008/12/04,33.550,6.8502,
2008/12/05,33.549,6.8482,
2008/12/08,33.517,6.8509,
2008/12/09,33.546,6.8479,
2008/12/10,33.449,6.8475,
2008/12/11,33.309,6.8471,
2008/12/12,33.315,6.8451,
2008/12/15,33.199,6.8442,
2008/12/16,33.030,6.8433,
2008/12/17,32.720,6.8353,
2008/12/18,32.471,6.8322,
2008/12/19,32.530,6.8357,
2008/12/22,32.930,6.8377,
2008/12/23,33.085,6.8389,
2008/12/24,33.045,6.8397,
2008/12/25,33.030,6.8366,
2008/12/26,33.025,6.8362,
2008/12/29,33.000,6.8357,
2008/12/30,32.865,6.8353,
2008/12/31,32.860,6.8346,
2009/01/05,33.005,6.8367,
2009/01/06,33.054,6.8384,
2009/01/07,32.980,6.8389,
2009/01/08,33.115,6.8375,
2009/01/09,33.155,6.8363,
2009/01/10,33.160,,
2009/01/12,33.235,6.8382,
2009/01/13,33.265,6.8395,
2009/01/14,33.258,6.8399,
2009/01/15,33.379,6.8392,
2009/01/16,33.360,6.8383,
2009/01/17,33.501,,
2009/01/19,33.535,6.836,
2009/01/20,33.639,6.8385,
2009/01/21,33.634,6.8396,
2009/01/22,33.550,6.8373,
2009/01/23,33.801,6.838,
2009/02/02,33.749,6.8397,
2009/02/03,33.720,6.8398,
2009/02/04,33.670,6.8348,
2009/02/05,33.705,6.836,
2009/02/06,33.750,6.8371,
2009/02/09,33.961,6.8346,
2009/02/10,33.967,6.833,
2009/02/11,34.001,6.8337,
2009/02/12,34.025,6.8327,
2009/02/13,34.050,6.8334,
2009/02/16,34.280,6.8343,
2009/02/17,34.620,6.8352,
2009/02/18,34.650,6.8363,
2009/02/19,34.675,6.8369,
2009/02/20,34.808,6.8357,
2009/02/23,34.628,6.8337,
2009/02/24,34.797,6.8358,
2009/02/25,34.747,6.8361,
2009/02/26,34.850,6.8371,
2009/02/27,34.950,6.8379,
2009/03/02,35.174,6.8389,
2009/03/03,35.095,6.8392,
2009/03/04,35.067,6.8395,
2009/03/05,34.945,6.8365,
2009/03/06,34.780,6.837,
2009/03/09,34.815,6.8355,
2009/03/10,34.600,6.8358,
2009/03/11,34.515,6.8347,
2009/03/12,34.494,6.8339,
2009/03/13,34.495,6.8334,
2009/03/16,34.416,6.8349,
2009/03/17,34.278,6.8327,
2009/03/18,34.156,6.8319,
2009/03/19,33.924,6.8301,
2009/03/20,33.800,6.8293,
2009/03/23,33.785,6.8304,
2009/03/24,33.788,6.8301,
2009/03/25,33.888,6.8328,
2009/03/26,33.820,6.8321,
2009/03/27,33.779,6.8317,
2009/03/30,34.015,6.834,
2009/03/31,33.917,6.8359,
2009/04/01,33.835,6.8349,
2009/04/02,33.580,6.8341,
2009/04/03,33.380,6.832,
2009/04/06,33.250,,
2009/04/07,33.569,6.834,
2009/04/08,33.900,6.837,
2009/04/09,33.777,6.8358,
2009/04/10,33.795,6.8347,
2009/04/13,33.697,6.8332,
2009/04/14,33.620,6.8296,
2009/04/15,33.790,6.8293,
2009/04/16,33.800,6.8301,
2009/04/17,33.816,6.8311,
2009/04/20,33.830,6.8329,
2009/04/21,33.860,6.8342,
2009/04/22,33.860,6.8306,
2009/04/23,33.820,6.8295,
2009/04/24,33.711,6.8273,
2009/04/27,33.730,6.8253,
2009/04/28,33.795,6.8274,
2009/04/29,33.658,6.8265,
2009/04/30,33.233,6.825,
2009/05/04,33.192,6.8225,
2009/05/05,33.133,6.8201,
2009/05/06,33.180,6.8232,
2009/05/07,33.132,6.823,
2009/05/08,33.040,6.8221,
2009/05/11,32.889,6.822,
2009/05/12,32.893,6.8242,
2009/05/13,32.890,6.8235,
2009/05/14,32.955,6.825,
2009/05/15,32.950,6.8247,
2009/05/18,32.994,6.8267,
2009/05/19,32.882,6.826,
2009/05/20,32.855,6.8251,
2009/05/21,32.738,6.8245,
2009/05/22,32.679,6.8239,
2009/05/25,32.626,6.8235,
2009/05/26,32.660,6.8285,
2009/05/27,32.650,6.8324,
2009/06/01,32.375,6.8317,
2009/06/02,32.534,6.8309,
2009/06/03,32.505,6.8302,
2009/06/04,32.597,6.8325,
2009/06/05,32.607,6.8334,
2009/06/06,32.720,,
2009/06/08,32.875,6.8365,
2009/06/09,32.853,6.8366,
2009/06/10,32.715,6.8336,
2009/06/11,32.798,6.8348,
2009/06/12,32.800,6.8325,
2009/06/15,32.940,6.8343,
2009/06/16,32.885,6.8368,
2009/06/17,32.889,6.834,
2009/06/18,32.904,6.8321,
2009/06/19,32.878,6.8338,
2009/06/22,32.898,6.8328,
2009/06/23,32.925,6.8339,
2009/06/24,32.862,6.8316,
2009/06/25,32.970,6.8331,
2009/06/26,32.925,6.8328,
2009/06/29,32.943,6.8316,
2009/06/30,32.818,6.8319,
2009/07/01,32.785,6.8325,
2009/07/02,32.947,6.8309,
2009/07/03,32.890,6.8333,
2009/07/06,32.988,6.833,
2009/07/07,32.989,6.8326,
2009/07/08,33.036,6.8336,
2009/07/09,32.970,6.8325,
2009/07/10,33.050,6.8313,
2009/07/13,33.193,6.832,
2009/07/14,33.090,6.8332,
2009/07/15,32.975,6.8328,
2009/07/16,32.959,6.8315,
2009/07/17,32.955,6.831,
2009/07/20,32.794,6.8321,
2009/07/21,32.799,6.8311,
2009/07/22,32.875,6.8309,
2009/07/23,32.802,6.8307,
2009/07/24,32.955,6.8318,
2009/07/27,32.820,6.8316,
2009/07/28,32.743,6.831,
2009/07/29,32.871,6.8314,
2009/07/30,32.857,6.8335,
2009/07/31,32.818,6.8323,
2009/08/03,32.768,6.831,
2009/08/04,32.674,6.8303,
2009/08/05,32.720,6.8306,
2009/08/06,32.792,6.8304,
2009/08/07,,6.8316,
2009/08/10,32.818,6.8346,
2009/08/11,32.855,6.8352,
2009/08/12,32.950,6.8351,
2009/08/13,32.898,6.8343,
2009/08/14,32.895,6.8328,
2009/08/17,32.985,6.8333,
2009/08/18,32.964,6.8339,
2009/08/19,33.010,6.8329,
2009/08/20,32.966,6.8318,
2009/08/21,32.906,6.8313,
2009/08/24,32.863,6.8309,
2009/08/25,32.920,6.8311,
2009/08/26,32.924,6.8313,
2009/08/27,32.916,6.832,
2009/08/28,32.925,6.8309,
2009/08/31,32.923,6.8312,
2009/09/01,32.857,6.8308,
2009/09/02,32.918,6.8316,
2009/09/03,32.907,6.8307,
2009/09/04,32.905,6.831,
2009/09/07,32.865,6.8305,
2009/09/08,32.760,6.83,
2009/09/09,32.745,6.8292,
2009/09/10,32.649,6.8288,
2009/09/11,32.628,6.8282,
2009/09/14,32.668,6.828,
2009/09/15,32.637,6.8284,
2009/09/16,32.492,6.8281,
2009/09/17,32.410,6.8272,
2009/09/18,32.458,6.8271,
2009/09/21,32.419,6.828,
2009/09/22,32.386,6.8289,
2009/09/23,32.369,6.8271,
2009/09/24,32.395,6.828,
2009/09/25,32.428,6.8287,
2009/09/28,32.475,6.8279,
2009/09/29,32.376,6.8288,
2009/09/30,32.200,6.829,
2009/10/01,32.319,,
2009/10/02,32.350,,
2009/10/05,32.255,,
2009/10/06,32.180,,
2009/10/07,32.180,,
2009/10/08,32.143,,
2009/10/09,32.240,6.827,
2009/10/12,32.290,6.8275,
2009/10/13,32.302,6.827,
2009/10/14,32.242,6.8269,
2009/10/15,32.218,6.8267,
2009/10/16,32.300,6.827,
2009/10/19,32.325,6.8275,
2009/10/20,32.275,6.8273,
2009/10/21,32.359,6.8278,
2009/10/22,32.403,6.8272,
2009/10/23,32.398,6.8275,
2009/10/26,32.394,6.828,
2009/10/27,32.480,6.8284,
2009/10/28,32.496,6.8283,
2009/10/29,32.580,6.8285,
2009/10/30,32.535,6.8281,
2009/11/02,32.553,6.8282,
2009/11/03,32.575,6.8279,
2009/11/04,32.558,6.828,
2009/11/05,32.536,6.8277,
2009/11/06,32.509,6.8276,
2009/11/09,32.365,6.8273,
2009/11/10,32.349,6.8268,
2009/11/11,32.310,6.8267,
2009/11/12,32.330,6.8268,
2009/11/13,32.339,6.8273,
2009/11/16,32.198,6.8272,
2009/11/17,32.120,6.8271,
2009/11/18,32.128,6.8275,
2009/11/19,32.290,6.8274,
2009/11/20,32.350,6.8278,
2009/11/23,32.267,6.8279,
2009/11/24,32.288,6.8276,
2009/11/25,32.236,6.8275,
2009/11/26,32.244,6.8268,
2009/11/27,32.345,6.8269,
2009/11/30,32.185,6.8272,
2009/12/01,32.199,6.827,
2009/12/02,32.170,6.8268,
2009/12/03,32.150,6.827,
2009/12/04,32.170,6.8272,
2009/12/07,32.280,6.8278,
2009/12/08,32.350,6.8277,
2009/12/09,32.349,6.8279,
2009/12/10,32.308,6.8276,
2009/12/11,32.278,6.8277,
2009/12/14,32.310,6.8279,
2009/12/15,32.281,6.8278,
2009/12/16,32.328,6.828,
2009/12/17,32.348,6.8281,
2009/12/18,32.380,6.8284,
2009/12/21,32.384,6.8283,
2009/12/22,32.355,6.8285,
2009/12/23,32.360,6.8287,
2009/12/24,32.300,6.8285,
2009/12/25,32.274,6.8283,
2009/12/28,32.294,6.8282,
2009/12/29,32.290,6.8282,
2009/12/30,32.238,6.8283,
2009/12/31,32.030,6.8282,
2010/01/04,31.898,6.8281,
2010/01/05,31.860,6.8278,
2010/01/06,31.875,6.8277,
2010/01/07,31.877,6.8276,
2010/01/08,31.880,6.8279,
2010/01/11,31.780,6.8275,
2010/01/12,31.790,6.8274,
2010/01/13,31.809,6.8273,
2010/01/14,31.755,6.8272,
2010/01/15,31.828,6.8271,
2010/01/18,31.790,6.8272,
2010/01/19,31.800,6.827,
2010/01/20,31.990,6.8273,
2010/01/21,31.919,6.8272,
2010/01/22,31.980,6.8271,
2010/01/25,31.970,6.827,
2010/01/26,32.055,6.8269,
2010/01/27,32.080,6.827,
2010/01/28,31.999,6.8271,
2010/01/29,31.990,6.827,
2010/02/01,32.101,6.8271,
2010/02/02,32.060,6.8271,
2010/02/03,32.000,6.8269,
2010/02/04,32.020,6.827,
2010/02/05,32.187,6.8272,
2010/02/06,32.184,,
2010/02/08,32.195,6.8273,
2010/02/09,32.100,6.8271,
2010/02/10,32.066,6.8269,
2010/02/11,32.045,6.827,
2010/02/12,32.100,6.8269,
2010/02/22,32.099,6.8271,
2010/02/23,32.050,6.827,
2010/02/24,32.090,6.8271,
2010/02/25,32.120,6.827,
2010/02/26,32.085,6.8269,
2010/03/01,32.048,6.8267,
2010/03/02,32.039,6.8268,
2010/03/03,32.004,6.8266,
2010/03/04,31.988,6.8265,
2010/03/05,32.020,6.8266,
2010/03/08,31.890,6.8266,
2010/03/09,31.850,6.8265,
2010/03/10,31.847,6.8264,
2010/03/11,31.847,6.8263,
2010/03/12,31.840,6.8262,
2010/03/15,31.820,6.8261,
2010/03/16,31.820,6.8263,
2010/03/17,31.747,6.8262,
2010/03/18,31.825,6.8262,
2010/03/19,31.799,6.8263,
2010/03/22,31.886,6.8264,
2010/03/23,31.850,6.8263,
2010/03/24,31.845,6.8264,
2010/03/25,31.880,6.8266,
2010/03/26,31.880,6.8268,
2010/03/29,31.815,6.8266,
2010/03/30,31.810,6.8264,
2010/03/31,31.819,6.8263,
2010/04/01,31.788,6.8261,
2010/04/02,31.759,6.826,
2010/04/06,31.695,6.826,
2010/04/07,31.628,6.8259,
2010/04/08,31.701,6.8259,
2010/04/09,31.615,6.826,
2010/04/12,31.560,6.8259,
2010/04/13,31.580,6.826,
2010/04/14,31.460,6.8261,
2010/04/15,31.375,6.826,
2010/04/16,31.390,6.8261,
2010/04/19,31.492,6.8262,
2010/04/20,31.447,6.8263,
2010/04/21,31.388,6.8264,
2010/04/22,31.398,6.8263,
2010/04/23,31.460,6.8264,
2010/04/26,31.359,6.8263,
2010/04/27,31.412,6.8262,
2010/04/28,31.539,6.8264,
2010/04/29,31.450,6.8265,
2010/04/30,31.418,6.8263,
2010/05/03,31.519,,
2010/05/04,31.460,6.8265,
2010/05/05,31.600,6.8267,
2010/05/06,31.749,6.8269,
2010/05/07,31.850,6.8271,
2010/05/10,31.600,6.8269,
2010/05/11,31.829,6.827,
2010/05/12,31.893,6.8271,
2010/05/13,31.778,6.8272,
2010/05/14,31.848,6.8273,
2010/05/17,32.100,6.8275,
2010/05/18,31.978,6.8276,
2010/05/19,32.098,6.8278,
2010/05/20,32.175,6.8277,
2010/05/21,32.250,6.8276,
2010/05/24,32.175,6.8277,
2010/05/25,32.385,6.8279,
2010/05/26,32.345,6.828,
2010/05/27,32.187,6.8281,
2010/05/28,32.175,6.8279,
2010/05/31,32.225,6.828,
2010/06/01,32.418,6.8279,
2010/06/02,32.315,6.8281,
2010/06/03,32.275,6.828,
2010/06/04,32.350,6.8281,
2010/06/07,32.528,6.8283,
2010/06/08,32.510,6.8284,
2010/06/09,32.520,6.8282,
2010/06/10,32.490,6.8281,
2010/06/11,32.439,6.8279,
2010/06/14,32.351,,
2010/06/15,32.338,,
2010/06/17,32.310,6.8277,
2010/06/18,32.190,6.8275,
2010/06/21,31.999,6.8275,
2010/06/22,32.094,6.798,
2010/06/23,32.189,6.8102,
2010/06/24,32.216,6.81,
2010/06/25,32.180,6.7896,
2010/06/28,32.175,6.789,
2010/06/29,32.279,6.7901,
2010/06/30,32.278,6.7909,
2010/07/01,32.297,6.7858,
2010/07/02,32.278,6.772,
2010/07/05,32.220,6.7733,
2010/07/06,32.200,6.779,
2010/07/07,32.220,6.7781,
2010/07/08,32.185,6.7768,
2010/07/09,32.125,6.7753,
2010/07/12,32.250,6.7718,
2010/07/13,32.300,6.7802,
2010/07/14,32.192,6.7755,
2010/07/15,32.187,6.7741,
2010/07/16,32.143,6.7718,
2010/07/19,32.155,6.78,
2010/07/20,32.155,6.7812,
2010/07/21,32.150,6.7802,
2010/07/22,32.190,6.7859,
2010/07/23,32.152,6.779,
2010/07/26,32.120,6.7778,
2010/07/27,32.090,6.7742,
2010/07/28,32.070,6.7785,
2010/07/29,32.068,6.7787,
2010/07/30,32.050,6.775,
2010/08/02,31.868,6.7742,
2010/08/03,31.850,6.7722,
2010/08/04,31.870,6.7715,
2010/08/05,31.850,6.7783,
2010/08/06,31.819,6.773,
2010/08/09,31.782,6.7685,
2010/08/10,31.855,6.7745,
2010/08/11,31.880,6.7768,
2010/08/12,31.990,6.8015,
2010/08/13,31.960,6.8035,
2010/08/16,32.010,6.8064,
2010/08/17,31.970,6.7979,
2010/08/18,31.966,6.7895,
2010/08/19,31.930,6.7898,
2010/08/20,31.935,6.7884,
2010/08/23,31.968,6.7989,
2010/08/24,32.080,6.7999,
2010/08/25,32.055,6.8007,
2010/08/26,32.037,6.8041,
2010/08/27,32.030,6.8001,
2010/08/30,32.060,6.8025,
2010/08/31,32.102,6.8105,
2010/09/01,32.075,6.8126,
2010/09/02,32.040,6.8003,
2010/09/03,32.018,6.7973,
2010/09/06,31.948,6.7838,
2010/09/07,32.016,6.7799,
2010/09/08,31.979,6.7907,
2010/09/09,31.939,6.7817,
2010/09/10,31.910,6.7625,
2010/09/13,31.850,6.7509,
2010/09/14,31.815,6.7378,
2010/09/15,31.798,6.725,
2010/09/16,31.800,6.7181,
2010/09/17,31.739,6.7172,
2010/09/20,31.752,6.711,
2010/09/21,31.765,6.6997,
2010/09/23,31.600,,
2010/09/24,31.620,,
2010/09/27,31.470,6.7098,
2010/09/28,31.500,6.7051,
2010/09/29,31.380,6.6936,
2010/09/30,31.330,6.7011,
2010/10/01,31.310,,
2010/10/04,31.250,,
2010/10/05,31.252,,
2010/10/06,31.132,,
2010/10/07,31.042,,
2010/10/08,31.095,6.683,
2010/10/11,30.998,6.6732,
2010/10/12,31.070,6.6775,
2010/10/13,30.960,6.6693,
2010/10/14,30.770,6.6582,
2010/10/15,30.793,6.6497,
2010/10/18,30.885,6.6541,
2010/10/19,30.900,6.6553,
2010/10/20,30.930,6.6754,
2010/10/21,30.869,6.6695,
2010/10/22,30.910,6.6759,
2010/10/25,30.730,6.6729,
2010/10/26,30.760,6.6762,
2010/10/27,30.900,6.6912,
2010/10/28,30.824,6.6986,
2010/10/29,30.782,6.6908,
2010/11/01,30.695,6.6886,
2010/11/02,30.709,6.6925,
2010/11/03,30.650,6.6818,
2010/11/04,30.590,6.6708,
2010/11/05,30.560,6.661,
2010/11/08,30.636,6.6692,
2010/11/09,30.630,6.658,
2010/11/10,30.600,6.645,
2010/11/11,30.532,6.6242,
2010/11/12,30.762,6.6239,
2010/11/15,30.732,6.6303,
2010/11/16,30.732,6.6441,
2010/11/17,30.793,6.649,
2010/11/18,30.733,6.6455,
2010/11/19,30.673,6.6408,
2010/11/22,30.628,6.6389,
2010/11/23,30.799,6.6469,
2010/11/24,30.800,6.6589,
2010/11/25,30.800,6.6557,
2010/11/26,30.830,6.6553,
2010/11/29,30.800,6.67,
2010/11/30,30.850,6.6762,
2010/12/01,30.852,6.6786,
2010/12/02,30.788,6.6691,
2010/12/03,30.745,6.6605,
2010/12/06,30.625,6.6515,
2010/12/07,30.630,6.6565,
2010/12/08,30.706,6.6616,
2010/12/09,30.555,6.6654,
2010/12/10,30.585,6.6604,
2010/12/13,30.600,6.663,
2010/12/14,30.450,6.6531,
2010/12/15,30.500,6.6566,
2010/12/16,30.545,6.6635,
2010/12/17,30.510,6.6593,
2010/12/20,30.601,6.6623,
2010/12/21,30.600,6.6597,
2010/12/22,30.605,6.6548,
2010/12/23,30.485,6.6466,
2010/12/24,30.485,6.6371,
2010/12/27,30.425,6.6305,
2010/12/28,30.396,6.6252,
2010/12/29,30.367,6.6247,
2010/12/30,30.217,6.6229,
2010/12/31,30.368,6.6227,
2011/01/03,30.200,,
2011/01/04,30.201,6.6215,
2011/01/05,30.211,6.6295,
2011/01/06,30.101,6.6322,
2011/01/07,29.800,6.6341,
2011/01/10,29.800,6.6349,
2011/01/11,29.700,6.6216,
2011/01/12,29.600,6.6128,
2011/01/13,29.605,6.5997,
2011/01/14,29.600,6.5896,
2011/01/17,29.500,6.5897,
2011/01/18,29.450,6.5891,
2011/01/19,29.450,6.5885,
2011/01/20,29.460,6.5883,
2011/01/21,29.420,6.5886,
2011/01/24,29.320,6.5883,
2011/01/25,29.290,6.5881,
2011/01/26,29.300,6.5878,
2011/01/27,29.310,6.5876,
2011/01/28,29.280,6.593,
2011/01/31,29.300,6.5891,
2011/02/01,29.200,6.586,
2011/02/08,29.160,,
2011/02/09,29.100,6.585,
2011/02/10,29.120,6.5849,
2011/02/11,29.230,6.5952,
2011/02/14,29.329,6.5985,
2011/02/15,29.469,6.5929,
2011/02/16,29.470,6.5855,
2011/02/17,29.432,6.58,
2011/02/18,29.408,6.5781,
2011/02/21,29.366,6.5705,
2011/02/22,29.557,6.5772,
2011/02/23,29.572,6.5828,
2011/02/24,29.760,6.5795,
2011/02/25,29.754,6.5757,
2011/02/28,,6.5752,
2011/03/01,29.660,6.5706,
2011/03/02,29.665,6.5736,
2011/03/03,29.542,6.5695,
2011/03/04,29.462,6.5671,
2011/03/07,29.426,6.5651,
2011/03/08,29.437,6.5687,
2011/03/09,29.395,6.5748,
2011/03/10,29.506,6.5713,
2011/03/11,29.599,6.575,
2011/03/14,29.509,6.5701,
2011/03/15,29.559,6.5679,
2011/03/16,29.556,6.5718,
2011/03/17,29.574,6.569,
2011/03/18,29.600,6.5668,
2011/03/21,29.572,6.5632,
2011/03/22,29.542,6.5592,
2011/03/23,29.585,6.5601,
2011/03/24,29.583,6.5625,
2011/03/25,29.488,6.558,
2011/03/28,29.499,6.5618,
2011/03/29,29.477,6.5625,
2011/03/30,29.510,6.5586,
2011/03/31,29.418,6.5564,
2011/04/01,29.320,6.5527,
2011/04/06,29.150,6.5496,
2011/04/07,29.050,6.5456,
2011/04/08,28.991,6.542,
2011/04/11,28.992,6.5401,
2011/04/12,29.112,6.544,
2011/04/13,29.089,6.5369,
2011/04/14,29.041,6.5339,
2011/04/15,29.050,6.5301,
2011/04/18,29.089,6.531,
2011/04/19,29.125,6.5346,
2011/04/20,29.025,6.5294,
2011/04/21,28.926,6.5228,
2011/04/22,28.930,6.5156,
2011/04/25,28.930,6.5161,
2011/04/26,28.939,6.5173,
2011/04/27,28.900,6.5096,
2011/04/28,28.760,6.5051,
2011/04/29,28.762,6.499,
2011/05/03,28.702,6.5002,
2011/05/04,28.670,6.5013,
2011/05/05,28.632,6.5025,
2011/05/06,28.778,6.5003,
2011/05/09,28.750,6.4988,
2011/05/10,28.725,6.495,
2011/05/11,28.650,6.4948,
2011/05/12,28.793,6.5005,
2011/05/13,28.788,6.5017,
2011/05/16,28.888,6.5089,
2011/05/17,28.865,6.5108,
2011/05/18,28.850,6.5074,
2011/05/19,28.852,6.5048,
2011/05/20,28.780,6.4983,
2011/05/23,29.009,6.4998,
2011/05/24,28.930,6.5038,
2011/05/25,29.009,6.4949,
2011/05/26,28.945,6.4921,
2011/05/27,28.888,6.4898,
2011/05/30,28.830,6.4856,
2011/05/31,28.772,6.4845,
2011/06/01,28.700,6.4837,
2011/06/02,28.785,6.4886,
2011/06/03,28.750,6.4846,
2011/06/07,28.735,6.4816,
2011/06/08,28.720,6.4795,
2011/06/09,28.780,6.483,
2011/06/10,28.835,6.4853,
2011/06/13,28.892,6.4892,
2011/06/14,28.850,6.4822,
2011/06/15,28.860,6.4796,
2011/06/16,29.005,6.4803,
2011/06/17,29.000,6.4716,
2011/06/20,29.000,6.4696,
2011/06/21,28.949,6.469,
2011/06/22,28.879,6.4683,
2011/06/23,28.936,6.4736,
2011/06/24,28.962,6.4742,
2011/06/27,29.010,6.475,
2011/06/28,28.962,6.4723,
2011/06/29,28.920,6.4718,
2011/06/30,28.802,6.4716,
2011/07/01,28.780,6.4685,
2011/07/04,28.752,6.4661,
2011/07/05,28.801,6.465,
2011/07/06,28.851,6.4715,
2011/07/07,28.860,6.4732,
2011/07/08,28.795,6.4705,
2011/07/11,28.866,6.4709,
2011/07/12,28.998,6.4748,
2011/07/13,28.900,6.4728,
2011/07/14,28.839,6.464,
2011/07/15,28.897,6.4665,
2011/07/18,28.960,6.468,
2011/07/19,28.920,6.4684,
2011/07/20,28.870,6.4592,
2011/07/21,28.890,6.4536,
2011/07/22,28.830,6.4495,
2011/07/25,28.859,6.4503,
2011/07/26,28.829,6.447,
2011/07/27,28.802,6.4426,
2011/07/28,28.845,6.4438,
2011/07/29,28.890,6.4442,
2011/08/01,28.838,6.4399,
2011/08/02,28.880,6.4419,
2011/08/03,28.938,6.4441,
2011/08/04,28.952,6.4386,
2011/08/05,29.025,6.4451,
2011/08/08,29.025,6.4305,
2011/08/09,29.050,6.4335,
2011/08/10,29.010,6.4167,
2011/08/11,29.060,6.3991,
2011/08/12,29.009,6.3972,
2011/08/15,28.952,6.395,
2011/08/16,28.948,6.3925,
2011/08/17,28.962,6.3996,
2011/08/18,28.990,6.3942,
2011/08/19,29.076,6.4032,
2011/08/22,29.020,6.3997,
2011/08/23,28.990,6.3987,
2011/08/24,29.025,6.3896,
2011/08/25,29.041,6.3936,
2011/08/26,29.060,6.395,
2011/08/29,29.039,6.3883,
2011/08/30,29.035,6.3849,
2011/08/31,29.020,6.3867,
2011/09/01,28.960,6.3859,
2011/09/02,29.025,6.3896,
2011/09/05,29.071,6.3926,
2011/09/06,29.112,6.3946,
2011/09/07,29.115,6.3968,
2011/09/08,29.150,6.3889,
2011/09/09,29.221,6.3922,
2011/09/13,29.487,6.3982,
2011/09/14,29.625,6.3945,
2011/09/15,29.635,6.3878,
2011/09/16,29.584,6.3797,
2011/09/19,29.780,6.3848,
2011/09/20,29.888,6.388,
2011/09/21,29.950,6.3772,
2011/09/22,30.372,6.3808,
2011/09/23,30.388,6.384,
2011/09/26,30.572,6.3735,
2011/09/27,30.456,6.376,
2011/09/28,30.410,6.3623,
2011/09/29,30.440,6.3665,
2011/09/30,30.506,6.3549,
2011/10/03,30.587,,
2011/10/04,30.680,,
2011/10/05,30.632,,
2011/10/06,30.612,,
2011/10/07,30.493,,
2011/10/10,,6.3586,
2011/10/11,30.348,6.3483,
2011/10/12,30.400,6.3598,
2011/10/13,30.329,6.3737,
2011/10/14,30.300,6.3762,
2011/10/17,30.100,6.371,
2011/10/18,30.201,6.3749,
2011/10/19,30.100,6.3727,
2011/10/20,30.269,6.3652,
2011/10/21,30.299,6.3628,
2011/10/24,30.133,6.3549,
2011/10/25,30.125,6.3425,
2011/10/26,30.125,6.3456,
2011/10/27,30.063,6.3477,
2011/10/28,29.869,6.329,
2011/10/31,29.930,6.3233,
2011/11/01,30.086,6.3293,
2011/11/02,30.118,6.3297,
2011/11/03,30.220,6.3198,
2011/11/04,30.025,6.3165,
2011/11/07,30.108,6.3212,
2011/11/08,30.106,6.3247,
2011/11/09,30.066,6.3207,
2011/11/10,30.262,6.3329,
2011/11/11,30.188,6.3317,
2011/11/14,30.165,6.3301,
2011/11/15,30.210,6.3436,
2011/11/16,30.230,6.3509,
2011/11/17,30.210,6.3553,
2011/11/18,30.257,6.3548,
2011/11/21,30.260,6.3522,
2011/11/22,30.309,6.3555,
2011/11/23,30.395,6.3498,
2011/11/24,30.442,6.357,
2011/11/25,30.460,6.3554,
2011/11/28,30.452,6.3585,
2011/11/29,30.412,6.3587,
2011/11/30,30.345,6.3482,
2011/12/01,30.146,6.3353,
2011/12/02,30.160,6.331,
2011/12/05,30.182,6.3349,
2011/12/06,30.225,6.3334,
2011/12/07,30.168,6.3342,
2011/12/08,30.179,6.3319,
2011/12/09,30.239,6.3352,
2011/12/12,30.230,6.3297,
2011/12/13,30.260,6.3359,
2011/12/14,30.290,6.3396,
2011/12/15,30.370,6.3421,
2011/12/16,30.369,6.3352,
2011/12/19,30.398,6.3303,
2011/12/20,30.353,6.3351,
2011/12/21,30.285,6.3248,
2011/12/22,30.325,6.3253,
2011/12/23,30.296,6.3209,
2011/12/26,30.308,6.3167,
2011/12/27,30.312,6.3152,
2011/12/28,30.310,6.3146,
2011/12/29,30.290,6.3157,
2011/12/30,30.290,6.3009,
2012/01/02,30.315,,
2012/01/03,30.294,,
2012/01/04,30.290,6.3001,
2012/01/05,30.266,6.3115,
2012/01/06,30.245,6.3166,
2012/01/09,30.205,6.3236,
2012/01/10,30.051,6.3171,
2012/01/11,29.999,6.3155,
2012/01/12,30.002,6.323,
2012/01/13,30.000,6.3201,
2012/01/16,30.070,6.3306,
2012/01/17,29.995,6.325,
2012/01/18,29.978,6.3205,
2012/01/19,29.941,6.3173,
2012/01/20,29.990,6.3138,
2012/01/30,29.786,6.3056,
2012/01/31,29.620,6.3115,
2012/02/01,29.695,6.3103,
2012/02/02,29.550,6.3075,
2012/02/03,29.545,6.3102,
2012/02/04,29.525,,
2012/02/06,29.600,6.3108,
2012/02/07,29.570,6.3116,
2012/02/08,29.530,6.3027,
2012/02/09,29.495,6.3009,
2012/02/10,29.560,6.2937,
2012/02/13,29.535,6.2939,
2012/02/14,29.595,6.2947,
2012/02/15,29.535,6.2958,
2012/02/16,29.635,6.2991,
2012/02/17,29.583,6.2951,
2012/02/20,29.554,6.2938,
2012/02/21,29.568,6.296,
2012/02/22,29.582,6.2988,
2012/02/23,29.596,6.3031,
2012/02/24,29.582,6.2965,
2012/02/27,,6.2985,
2012/02/28,,6.2961,
2012/02/29,29.420,6.2919,
2012/03/01,29.487,6.3016,
2012/03/02,29.461,6.298,
2012/03/03,29.464,,
2012/03/05,29.518,6.3121,
2012/03/06,29.538,6.3141,
2012/03/07,29.565,6.3213,
2012/03/08,29.527,6.3235,
2012/03/09,29.504,6.3073,
2012/03/12,29.562,6.3282,
2012/03/13,29.528,6.3259,
2012/03/14,29.560,6.3328,
2012/03/15,29.570,6.3359,
2012/03/16,29.562,6.32,
2012/03/19,29.532,6.3082,
2012/03/20,29.558,6.3029,
2012/03/21,29.576,6.3092,
2012/03/22,29.574,6.3004,
2012/03/23,29.585,6.2891,
2012/03/26,29.622,6.2858,
2012/03/27,29.584,6.284,
2012/03/28,29.570,6.2912,
2012/03/29,29.582,6.2932,
2012/03/30,29.530,6.2943,
2012/04/02,29.506,,
2012/04/03,29.480,,
2012/04/05,29.519,6.3035,
2012/04/06,29.562,6.3072,
2012/04/09,29.568,6.3021,
2012/04/10,29.570,6.3048,
2012/04/11,29.562,6.3018,
2012/04/12,29.550,6.2984,
2012/04/13,29.528,6.2879,
2012/04/16,29.564,6.296,
2012/04/17,29.542,6.2896,
2012/04/18,29.546,6.2948,
2012/04/19,29.532,6.3004,
2012/04/20,29.521,6.3042,
2012/04/23,29.524,6.297,
2012/04/24,29.526,6.3003,
2012/04/25,29.514,6.2923,
2012/04/26,29.412,6.2829,
2012/04/27,29.332,6.2787,
2012/04/30,29.232,,
2012/05/02,29.240,6.267,
2012/05/03,29.266,6.2697,
2012/05/04,29.280,6.2721,
2012/05/07,29.382,6.2858,
2012/05/08,29.370,6.2804,
2012/05/09,29.400,6.2865,
2012/05/10,29.395,6.2941,
2012/05/11,29.410,6.2952,
2012/05/14,29.502,6.304,
2012/05/15,29.514,6.311,
2012/05/16,29.635,6.3205,
2012/05/17,29.560,6.3233,
2012/05/18,29.630,6.3209,
2012/05/21,29.578,6.3116,
2012/05/22,29.546,6.3077,
2012/05/23,29.586,6.3208,
2012/05/24,29.645,6.3247,
2012/05/25,29.650,6.326,
2012/05/28,29.650,6.3236,
2012/05/29,29.645,6.3262,
2012/05/30,29.762,6.3297,
2012/05/31,29.860,6.3355,
2012/06/01,29.931,6.3308,
2012/06/04,30.050,,
2012/06/05,30.000,6.3225,
2012/06/06,29.935,6.3261,
2012/06/07,29.906,6.317,
2012/06/08,29.976,6.3188,
2012/06/11,29.920,6.3169,
2012/06/12,29.991,6.3292,
2012/06/13,29.980,6.3271,
2012/06/14,29.954,6.3191,
2012/06/15,29.931,6.3089,
2012/06/18,29.886,6.3005,
2012/06/19,29.890,6.3016,
2012/06/20,29.878,6.3004,
2012/06/21,29.902,6.304,
2012/06/22,29.968,,
2012/06/25,29.995,6.323,
2012/06/26,29.990,6.3211,
2012/06/27,29.960,6.3173,
2012/06/28,29.956,6.319,
2012/06/29,29.900,6.3249,
2012/07/02,29.905,6.3146,
2012/07/03,29.886,6.3178,
2012/07/04,29.866,6.3121,
2012/07/05,29.890,6.3193,
2012/07/06,29.922,6.3249,
2012/07/09,29.975,6.3293,
2012/07/10,29.985,6.3195,
2012/07/11,29.974,6.3209,
2012/07/12,30.013,6.3215,
2012/07/13,30.015,6.3247,
2012/07/16,30.010,6.3208,
2012/07/17,29.988,6.3167,
2012/07/18,30.002,6.314,
2012/07/19,29.984,6.3126,
2012/07/20,29.995,6.3112,
2012/07/23,30.095,6.327,
2012/07/24,30.116,6.3339,
2012/07/25,30.206,6.3429,
2012/07/26,30.150,6.3381,
2012/07/27,30.100,6.3325,
2012/07/30,30.080,6.3303,
2012/07/31,30.010,6.332,
2012/08/01,29.988,6.3305,
2012/08/02,,6.3392,
2012/08/03,30.002,6.3421,
2012/08/06,29.960,6.3353,
2012/08/07,29.955,6.3332,
2012/08/08,29.987,6.3378,
2012/08/09,29.940,6.3387,
2012/08/10,29.990,6.3447,
2012/08/13,30.005,6.3456,
2012/08/14,29.965,6.3443,
2012/08/15,30.002,6.3482,
2012/08/16,30.020,6.3495,
2012/08/17,30.025,6.3449,
2012/08/20,30.030,6.3478,
2012/08/21,29.975,6.3418,
2012/08/22,30.010,6.3348,
2012/08/23,29.960,6.3316,
2012/08/24,30.002,6.3305,
2012/08/27,29.980,6.3392,
2012/08/28,30.007,6.3411,
2012/08/29,29.981,6.3391,
2012/08/30,29.986,6.3435,
2012/08/31,29.966,6.3449,
2012/09/03,29.920,6.3415,
2012/09/04,29.902,6.3402,
2012/09/05,29.905,6.346,
2012/09/06,29.902,6.3439,
2012/09/07,29.842,6.3412,
2012/09/10,29.740,6.3375,
2012/09/11,29.715,6.3391,
2012/09/12,29.669,6.3355,
2012/09/13,29.699,6.3338,
2012/09/14,29.469,6.3317,
2012/09/17,29.399,6.3295,
2012/09/18,29.460,6.3353,
2012/09/19,29.405,6.3392,
2012/09/20,29.508,6.338,
2012/09/21,29.450,6.3426,
2012/09/24,29.479,6.3411,
2012/09/25,29.451,6.343,
2012/09/26,29.497,6.3443,
2012/09/27,29.420,6.3459,
2012/09/28,29.342,6.341,
2012/10/01,29.402,,
2012/10/02,29.385,,
2012/10/03,29.405,,
2012/10/04,29.388,,
2012/10/05,29.368,,
2012/10/08,29.402,6.3426,
2012/10/09,29.399,6.3441,
2012/10/10,,6.3449,
2012/10/11,29.432,6.3391,
2012/10/12,29.360,6.3264,
2012/10/15,29.345,6.3112,
2012/10/16,29.289,6.3106,
2012/10/17,29.246,6.3028,
2012/10/18,29.269,6.3021,
2012/10/19,29.286,6.3052,
2012/10/22,29.320,6.3071,
2012/10/23,29.328,6.3078,
2012/10/24,29.342,6.3081,
2012/10/25,29.280,6.3047,
2012/10/26,29.300,6.301,
2012/10/29,29.292,6.2992,
2012/10/30,29.278,6.3028,
2012/10/31,29.260,6.3002,
2012/11/01,29.290,6.3017,
2012/11/02,29.300,6.3045,
2012/11/05,29.305,6.3082,
2012/11/06,29.275,6.3078,
2012/11/07,29.200,6.3067,
2012/11/08,29.202,6.306,
2012/11/09,29.150,6.3012,
2012/11/12,29.090,6.292,
2012/11/13,29.129,6.2891,
2012/11/14,29.125,6.2881,
2012/11/15,29.142,6.2905,
2012/11/16,29.272,6.2945,
2012/11/19,29.202,6.2975,
2012/11/20,29.145,6.2926,
2012/11/21,29.179,6.2908,
2012/11/22,29.185,6.2918,
2012/11/23,29.171,6.2906,
2012/11/26,29.143,6.2884,
2012/11/27,29.129,6.2852,
2012/11/28,29.175,6.2902,
2012/11/29,29.147,6.291,
2012/11/30,29.116,6.2892,
2012/12/03,29.121,6.2908,
2012/12/04,29.116,6.2885,
2012/12/05,29.102,6.2871,
2012/12/06,29.136,6.2911,
2012/12/07,29.125,6.293,
2012/12/10,29.150,6.2922,
2012/12/11,29.122,6.2906,
2012/12/12,29.108,6.2883,
2012/12/13,29.101,6.2887,
2012/12/14,29.102,6.2923,
2012/12/17,29.100,6.2892,
2012/12/18,29.100,6.288,
2012/12/19,29.102,6.2865,
2012/12/20,29.120,6.2877,
2012/12/21,29.122,6.2881,
2012/12/22,29.120,,
2012/12/24,29.128,6.2913,
2012/12/25,29.130,6.2931,
2012/12/26,29.128,6.2943,
2012/12/27,29.126,6.2949,
2012/12/28,29.136,6.2896,
2012/12/31,,6.2855,
2013/01/02,29.090,,
2013/01/03,29.091,,
2013/01/04,29.125,6.2897,
2013/01/07,29.125,6.2872,
2013/01/08,29.127,6.2804,
2013/01/09,29.110,6.2814,
2013/01/10,29.088,6.2793,
2013/01/11,29.039,6.2712,
2013/01/14,29.058,6.2695,
2013/01/15,29.056,6.2691,
2013/01/16,29.099,6.2745,
2013/01/17,29.085,6.2767,
2013/01/18,29.060,6.2752,
2013/01/21,29.070,6.279,
2013/01/22,29.095,6.2796,
2013/01/23,29.092,6.2762,
2013/01/24,29.138,6.2783,
2013/01/25,29.250,6.2805,
2013/01/28,29.560,6.2818,
2013/01/29,29.559,6.2851,
2013/01/30,29.570,6.2806,
2013/01/31,29.582,6.2795,
2013/02/01,29.668,6.2819,
2013/02/04,29.580,6.286,
2013/02/05,29.585,6.285,
2013/02/06,29.622,6.2881,
2013/02/07,29.630,6.2898,
2013/02/08,29.750,,
2013/02/18,29.709,6.2816,
2013/02/19,29.686,6.2821,
2013/02/20,29.600,6.2804,
2013/02/21,29.680,6.2846,
2013/02/22,29.658,6.2871,
2013/02/23,29.658,,
2013/02/25,29.702,6.2892,
2013/02/26,29.740,6.2856,
2013/02/27,29.705,6.2842,
2013/02/28,,6.2779,
2013/03/01,29.666,6.2798,
2013/03/04,29.770,6.2822,
2013/03/05,29.720,6.2797,
2013/03/06,29.670,6.2745,
2013/03/07,29.695,6.2785,
2013/03/08,29.718,6.2719,
2013/03/11,29.740,6.2769,
2013/03/12,29.730,6.2746,
2013/03/13,29.735,6.2726,
2013/03/14,29.800,6.2752,
2013/03/15,29.762,6.2723,
2013/03/18,29.815,6.2741,
2013/03/19,29.801,6.2758,
2013/03/20,29.845,6.2716,
2013/03/21,29.853,6.2731,
2013/03/22,29.909,6.2711,
2013/03/25,29.889,6.2692,
2013/03/26,29.891,6.2715,
2013/03/27,29.941,6.2727,
2013/03/28,29.940,6.2742,
2013/03/29,29.875,6.2689,
2013/04/01,29.928,6.2674,
2013/04/02,29.920,6.2586,
2013/04/03,29.925,6.2609,
2013/04/08,30.060,6.265,
2013/04/09,30.050,6.2639,
2013/04/10,29.998,6.2548,
2013/04/11,29.980,6.2578,
2013/04/12,29.995,6.2506,
2013/04/15,29.927,6.2454,
2013/04/16,29.928,6.2408,
2013/04/17,29.900,6.2342,
2013/04/18,29.910,6.2416,
2013/04/19,29.840,6.2395,
2013/04/22,29.870,6.2415,
2013/04/23,29.872,6.236,
2013/04/24,29.832,6.2384,
2013/04/25,29.750,6.23,
2013/04/26,29.705,6.2208,
2013/04/29,29.606,,
2013/04/30,29.616,,
2013/05/02,29.636,6.2082,
2013/05/03,29.610,6.2152,
2013/05/06,29.626,6.2114,
2013/05/07,29.590,6.2083,
2013/05/08,29.500,6.198,
2013/05/09,29.510,6.1925,
2013/05/10,29.800,6.2016,
2013/05/13,29.920,6.2072,
2013/05/14,29.906,6.2035,
2013/05/15,30.028,6.207,
2013/05/16,30.050,6.2096,
2013/05/17,30.060,6.1997,
2013/05/20,30.030,6.1998,
2013/05/21,29.942,6.1911,
2013/05/22,29.960,6.1904,
2013/05/23,30.025,6.1947,
2013/05/24,30.030,6.1867,
2013/05/27,29.971,6.1811,
2013/05/28,30.057,6.1818,
2013/05/29,30.120,6.1856,
2013/05/30,30.125,6.182,
2013/05/31,30.060,6.1796,
2013/06/03,30.070,6.1806,
2013/06/04,30.020,6.1735,
2013/06/05,29.910,6.1757,
2013/06/06,29.915,6.1737,
2013/06/07,29.871,6.162,
2013/06/10,30.066,,
2013/06/11,30.160,,
2013/06/13,30.162,6.1612,
2013/06/14,29.970,6.1607,
2013/06/17,29.972,6.1598,
2013/06/18,30.002,6.1651,
2013/06/19,29.960,6.1677,
2013/06/20,30.160,6.1698,
2013/06/21,30.280,6.1766,
2013/06/24,30.350,6.1807,
2013/06/25,30.260,6.1767,
2013/06/26,30.250,6.1779,
2013/06/27,30.191,6.1797,
2013/06/28,30.120,6.1787,
2013/07/01,30.115,6.1805,
2013/07/02,30.120,6.1773,
2013/07/03,30.302,6.1803,
2013/07/04,30.199,6.1755,
2013/07/05,30.218,6.179,
2013/07/08,30.342,6.1807,
2013/07/09,30.120,6.173,
2013/07/10,30.085,6.1652,
2013/07/11,29.952,6.1599,
2013/07/12,29.932,6.1631,
2013/07/15,29.952,6.1663,
2013/07/16,29.878,6.1692,
2013/07/17,29.925,6.1652,
2013/07/18,30.025,6.172,
2013/07/19,29.978,6.1751,
2013/07/22,29.935,6.1721,
2013/07/23,29.920,6.1702,
2013/07/24,29.942,6.1695,
2013/07/25,29.978,6.1759,
2013/07/26,29.950,6.172,
2013/07/29,29.960,6.1705,
2013/07/30,30.005,6.177,
2013/07/31,30.120,6.1788,
2013/08/01,30.125,6.1778,
2013/08/02,30.129,6.1817,
2013/08/05,29.950,6.1767,
2013/08/06,29.995,6.1753,
2013/08/07,30.025,6.1726,
2013/08/08,29.960,6.1703,
2013/08/09,29.955,6.1668,
2013/08/12,29.980,6.1665,
2013/08/13,30.002,6.1705,
2013/08/14,30.032,6.172,
2013/08/15,30.035,6.1696,
2013/08/16,30.002,6.1666,
2013/08/19,30.032,6.169,
2013/08/20,30.092,6.1697,
2013/08/21,,6.1675,
2013/08/22,30.127,6.1698,
2013/08/23,30.053,6.171,
2013/08/26,30.015,6.168,
2013/08/27,30.060,6.1688,
2013/08/28,30.050,6.1667,
2013/08/29,30.012,6.169,
2013/08/30,29.983,6.1709,
2013/09/02,29.900,6.1702,
2013/09/03,29.920,6.1718,
2013/09/04,29.885,6.1729,
2013/09/05,29.985,6.1696,
2013/09/06,29.900,6.1728,
2013/09/09,29.825,6.1642,
2013/09/10,29.760,6.1612,
2013/09/11,29.828,6.1601,
2013/09/12,29.783,6.1575,
2013/09/13,29.842,6.1578,
2013/09/14,29.842,,
2013/09/16,29.721,6.1554,
2013/09/17,29.760,6.1571,
2013/09/18,29.752,6.1557,
2013/09/23,29.629,6.1475,
2013/09/24,29.632,6.1485,
2013/09/25,29.690,6.1497,
2013/09/26,29.673,6.1477,
2013/09/27,29.656,6.1495,
2013/09/30,29.670,6.148,
2013/10/01,29.615,,
2013/10/02,29.610,,
2013/10/03,29.532,,
2013/10/04,29.502,,
2013/10/07,29.536,,
2013/10/08,29.542,6.1415,
2013/10/09,29.548,6.143,
2013/10/10,,6.1452,
2013/10/11,29.490,6.1458,
2013/10/14,29.495,6.1406,
2013/10/15,29.445,6.1412,
2013/10/16,29.460,6.1408,
2013/10/17,29.452,6.1431,
2013/10/18,29.446,6.1372,
2013/10/21,29.482,6.1352,
2013/10/22,29.466,6.1395,
2013/10/23,29.425,6.133,
2013/10/24,29.452,6.1335,
2013/10/25,29.455,6.1333,
2013/10/28,29.460,6.1336,
2013/10/29,29.472,6.1373,
2013/10/30,29.475,6.1412,
2013/10/31,29.455,6.1425,
2013/11/01,29.470,6.1452,
2013/11/04,29.506,6.1482,
2013/11/05,29.466,6.1447,
2013/11/06,29.480,6.1475,
2013/11/07,29.485,6.145,
2013/11/08,29.505,6.1355,
2013/11/11,29.625,6.139,
2013/11/12,29.636,6.136,
2013/11/13,29.650,6.1342,
2013/11/14,29.606,6.1315,
2013/11/15,29.620,6.1351,
2013/11/18,29.580,6.1332,
2013/11/19,29.532,6.1317,
2013/11/20,29.572,6.1305,
2013/11/21,29.636,6.1366,
2013/11/22,29.645,6.138,
2013/11/25,29.675,6.1342,
2013/11/26,29.652,6.1357,
2013/11/27,29.672,6.133,
2013/11/28,29.680,6.1343,
2013/11/29,29.679,6.1325,
2013/12/02,29.636,6.1329,
2013/12/03,29.702,6.1352,
2013/12/04,29.692,6.13,
2013/12/05,29.690,6.131,
2013/12/06,29.665,6.1232,
2013/12/09,29.630,6.113,
2013/12/10,29.635,6.1114,
2013/12/11,29.640,6.11,
2013/12/12,29.660,6.1115,
2013/12/13,29.689,6.1148,
2013/12/16,29.706,6.1124,
2013/12/17,29.716,6.1108,
2013/12/18,29.745,6.1105,
2013/12/19,29.945,6.1183,
2013/12/20,29.980,6.1196,
2013/12/23,30.009,6.1161,
2013/12/24,30.039,6.1145,
2013/12/25,30.047,6.116,
2013/12/26,30.060,6.1156,
2013/12/27,30.025,6.105,
2013/12/30,30.030,6.1024,
2013/12/31,29.950,6.0969,
2014/01/02,29.979,6.099,
2014/01/03,30.039,6.1039,
2014/01/06,30.235,6.1059,
2014/01/07,30.315,6.1042,
2014/01/08,30.240,6.1079,
2014/01/09,30.252,6.1109,
2014/01/10,30.212,6.1008,
2014/01/13,30.112,6.095,
2014/01/14,30.159,6.093,
2014/01/15,30.236,6.1005,
2014/01/16,30.256,6.1065,
2014/01/17,30.221,6.1041,
2014/01/20,30.256,6.1083,
2014/01/21,30.290,6.1066,
2014/01/22,30.320,6.1087,
2014/01/23,30.410,6.1107,
2014/01/24,30.420,6.1035,
2014/01/27,30.511,6.1022,
2014/01/28,30.451,6.1053,
2014/01/29,30.376,6.1073,
2014/01/30,,6.105,
2014/02/05,30.420,,
2014/02/06,30.429,,
2014/02/07,30.406,6.1089,
2014/02/10,30.380,6.1083,
2014/02/11,30.406,6.1069,
2014/02/12,30.346,6.1078,
2014/02/13,30.408,6.11,
2014/02/14,30.347,6.107,
2014/02/17,30.285,6.1053,
2014/02/18,30.339,6.1073,
2014/02/19,30.332,6.1103,
2014/02/20,30.392,6.1146,
2014/02/21,30.395,6.1176,
2014/02/24,30.425,6.1189,
2014/02/25,30.402,6.1184,
2014/02/26,30.350,6.1192,
2014/02/27,30.355,6.1224,
2014/02/28,,6.1214,
2014/03/03,30.369,6.119,
2014/03/04,30.380,6.1236,
2014/03/05,30.352,6.1257,
2014/03/06,30.323,6.1249,
2014/03/07,30.302,6.1201,
2014/03/10,30.325,6.1312,
2014/03/11,30.305,6.1327,
2014/03/12,30.375,6.1343,
2014/03/13,30.352,6.132,
2014/03/14,30.381,6.1346,
2014/03/17,30.352,6.1321,
2014/03/18,30.386,6.1341,
2014/03/19,30.437,6.1351,
2014/03/20,30.589,6.146,
2014/03/21,30.652,6.1475,
2014/03/24,30.622,6.1452,
2014/03/25,30.619,6.1426,
2014/03/26,30.605,6.144,
2014/03/27,30.582,6.1465,
2014/03/28,30.552,6.149,
2014/03/31,30.510,6.1521,
2014/04/01,30.435,6.1503,
2014/04/02,30.375,6.1493,
2014/04/03,30.380,6.152,
2014/04/04,,6.1557,
2014/04/07,30.320,,
2014/04/08,30.270,6.1527,
2014/04/09,30.162,6.149,
2014/04/10,30.130,6.151,
2014/04/11,30.132,6.1495,
2014/04/14,30.233,6.1531,
2014/04/15,30.235,6.1571,
2014/04/16,30.201,6.1589,
2014/04/17,30.221,6.1575,
2014/04/18,30.230,6.1586,
2014/04/21,30.268,6.1591,
2014/04/22,30.303,6.161,
2014/04/23,30.326,6.1599,
2014/04/24,30.306,6.1589,
2014/04/25,30.320,6.1576,
2014/04/28,30.285,6.1565,
2014/04/29,30.250,6.1556,
2014/04/30,30.258,6.158,
2014/05/02,30.212,,
2014/05/05,30.171,6.156,
2014/05/06,30.176,6.1565,
2014/05/07,30.165,6.1542,
2014/05/08,30.167,6.1557,
2014/05/09,30.175,6.1581,
2014/05/12,30.192,6.1625,
2014/05/13,30.212,6.1636,
2014/05/14,30.220,6.1653,
2014/05/15,30.203,6.164,
2014/05/16,30.208,6.1628,
2014/05/19,30.185,6.1636,
2014/05/20,30.202,6.1626,
2014/05/21,30.216,6.1645,
2014/05/22,30.178,6.1658,
2014/05/23,30.180,6.1681,
2014/05/26,30.160,6.1699,
2014/05/27,30.171,6.1687,
2014/05/28,30.151,6.1694,
2014/05/29,30.128,6.1705,
2014/05/30,30.050,6.1695,
2014/06/03,30.064,6.171,
2014/06/04,30.102,6.1693,
2014/06/05,30.088,6.1708,
2014/06/06,30.080,6.1623,
2014/06/09,30.048,6.1485,
2014/06/10,30.050,6.1451,
2014/06/11,30.039,6.1506,
2014/06/12,30.045,6.1516,
2014/06/13,30.053,6.1503,
2014/06/16,30.061,6.1537,
2014/06/17,30.066,6.1529,
2014/06/18,30.071,6.1559,
2014/06/19,30.036,6.1531,
2014/06/20,30.065,6.1524,
2014/06/23,30.039,6.1557,
2014/06/24,30.031,6.1545,
2014/06/25,30.051,6.1555,
2014/06/26,29.992,6.1538,
2014/06/27,29.962,6.1543,
2014/06/30,29.915,6.1528,
2014/07/01,29.935,6.1523,
2014/07/02,29.905,6.1549,
2014/07/03,29.935,6.1581,
2014/07/04,29.937,6.1642,
2014/07/07,29.960,6.1658,
2014/07/08,29.970,6.1626,
2014/07/09,29.962,6.1565,
2014/07/10,29.945,6.1443,
2014/07/11,29.990,6.1469,
2014/07/14,30.001,6.1485,
2014/07/15,30.042,6.149,
2014/07/16,30.072,6.1535,
2014/07/17,30.046,6.1564,
2014/07/18,30.051,6.1568,
2014/07/21,30.037,6.1547,
2014/07/22,30.035,6.1544,
2014/07/23,,6.1572,
2014/07/24,30.052,6.1579,
2014/07/25,30.035,6.1597,
2014/07/28,30.037,6.1622,
2014/07/29,30.005,6.1615,
2014/07/30,30.010,6.1645,
2014/07/31,30.040,6.1675,
2014/08/01,30.069,6.1681,
2014/08/04,30.040,6.1661,
2014/08/05,30.045,6.1655,
2014/08/06,30.056,6.1681,
2014/08/07,30.061,6.167,
2014/08/08,30.066,6.1562,
2014/08/11,30.052,6.1522,
2014/08/12,30.060,6.1517,
2014/08/13,30.065,6.1533,
2014/08/14,30.045,6.1545,
2014/08/15,30.035,6.1538,
2014/08/18,30.040,6.1528,
2014/08/19,30.042,6.1548,
2014/08/20,30.047,6.158,
2014/08/21,30.052,6.1632,
2014/08/22,30.020,6.1617,
2014/08/25,30.028,6.1653,
2014/08/26,30.026,6.1663,
2014/08/27,29.985,6.1658,
2014/08/28,29.965,6.1638,
2014/08/29,29.970,6.1647,
2014/09/01,29.968,6.168,
2014/09/02,29.978,6.1684,
2014/09/03,29.986,6.1697,
2014/09/04,29.972,6.1666,
2014/09/05,30.002,6.1707,
2014/09/09,30.005,6.152,
2014/09/10,30.025,6.1425,
2014/09/11,30.060,6.1453,
2014/09/12,30.068,6.1468,
2014/09/15,30.106,6.1452,
2014/09/16,30.160,6.1462,
2014/09/17,30.134,6.145,
2014/09/18,30.256,6.149,
2014/09/19,30.258,6.1455,
2014/09/22,30.229,6.1485,
2014/09/23,30.240,6.147,
2014/09/24,30.248,6.1462,
2014/09/25,30.310,6.1497,
2014/09/26,30.312,6.1508,
2014/09/29,30.502,6.1539,
2014/09/30,30.436,6.1525,
2014/10/01,30.492,,
2014/10/02,30.460,,
2014/10/03,30.437,,
2014/10/06,30.503,,
2014/10/07,30.453,,
2014/10/08,30.505,6.1493,
2014/10/09,30.430,6.1461,
2014/10/10,,6.147,
2014/10/13,30.450,6.1446,
2014/10/14,30.430,6.1408,
2014/10/15,30.420,6.1455,
2014/10/16,30.410,6.1395,
2014/10/17,30.421,6.1407,
2014/10/20,30.415,6.1435,
2014/10/21,30.401,6.141,
2014/10/22,30.393,6.1437,
2014/10/23,30.405,6.1459,
2014/10/24,30.413,6.1467,
2014/10/27,30.403,6.1446,
2014/10/28,30.398,6.1421,
2014/10/29,30.376,6.1405,
2014/10/30,30.402,6.1457,
2014/10/31,30.478,6.1461,
2014/11/03,30.488,6.1525,
2014/11/04,30.538,6.1543,
2014/11/05,30.602,6.1503,
2014/11/06,30.605,6.1565,
2014/11/07,30.716,6.1602,
2014/11/10,30.606,6.1377,
2014/11/11,30.717,6.1413,
2014/11/12,30.750,6.1428,
2014/11/13,30.752,6.1418,
2014/11/14,30.766,6.1399,
2014/11/17,30.739,6.1409,
2014/11/18,30.775,6.143,
2014/11/19,30.876,6.1397,
2014/11/20,31.015,6.1417,
2014/11/21,31.005,6.1387,
2014/11/24,31.010,6.142,
2014/11/25,30.966,6.139,
2014/11/26,30.952,6.1354,
2014/11/27,30.951,6.132,
2014/11/28,31.039,6.1345,
2014/12/01,31.139,6.1369,
2014/12/02,31.106,6.1325,
2014/12/03,31.167,6.1376,
2014/12/04,31.197,6.1411,
2014/12/05,31.192,6.1373,
2014/12/08,31.285,6.1282,
2014/12/09,31.290,6.1231,
2014/12/10,31.260,6.1195,
2014/12/11,31.262,6.1153,
2014/12/12,31.326,6.1184,
2014/12/15,31.342,6.1152,
2014/12/16,31.327,6.1182,
2014/12/17,31.357,6.1137,
2014/12/18,31.450,6.1195,
2014/12/19,31.472,6.1205,
2014/12/22,31.586,6.122,
2014/12/23,31.765,6.123,
2014/12/24,31.815,6.1247,
2014/12/25,31.753,6.1213,
2014/12/26,31.750,6.1186,
2014/12/27,31.750,,
2014/12/29,31.761,6.1205,
2014/12/30,31.766,6.1224,
2014/12/31,31.718,6.119,
2015/01/05,32.005,6.1248,
2015/01/06,31.996,6.1256,
2015/01/07,32.001,6.1269,
2015/01/08,32.006,6.1302,
2015/01/09,31.936,6.1296,
2015/01/12,31.856,6.1233,
2015/01/13,31.862,6.1195,
2015/01/14,31.832,6.1205,
2015/01/15,31.786,6.1193,
2015/01/16,31.645,6.1188,
2015/01/19,31.552,6.123,
2015/01/20,31.696,6.1226,
2015/01/21,31.553,6.1268,
2015/01/22,31.510,6.1247,
2015/01/23,31.432,6.1342,
2015/01/26,31.339,6.1384,
2015/01/27,31.325,6.1364,
2015/01/28,31.328,6.1282,
2015/01/29,31.512,6.1335,
2015/01/30,31.555,6.137,
2015/02/02,31.685,6.1385,
2015/02/03,31.623,6.1369,
2015/02/04,31.473,6.1318,
2015/02/05,31.535,6.1366,
2015/02/06,31.490,6.1261,
2015/02/09,31.560,6.1311,
2015/02/10,31.502,6.1295,
2015/02/11,31.564,6.1315,
2015/02/12,31.630,6.1333,
2015/02/13,31.475,6.1288,
2015/02/16,31.600,6.1273,
2015/02/17,31.638,6.133,
2015/02/24,31.688,,
2015/02/25,31.532,6.1384,
2015/02/26,31.503,6.1379,
2015/02/27,,6.1475,
2015/03/02,31.568,6.1513,
2015/03/03,31.508,6.1543,
2015/03/04,31.480,6.1525,
2015/03/05,31.507,6.1528,
2015/03/06,31.450,6.1533,
2015/03/09,31.520,6.1563,
2015/03/10,31.566,6.1572,
2015/03/11,31.666,6.1597,
2015/03/12,31.670,6.1617,
2015/03/13,31.710,6.1588,
2015/03/16,31.712,6.1615,
2015/03/17,31.667,6.1585,
2015/03/18,31.650,6.1556,
2015/03/19,31.502,6.146,
2015/03/20,31.548,6.1496,
2015/03/23,31.503,6.1448,
2015/03/24,31.383,6.1398,
2015/03/25,31.401,6.141,
2015/03/26,31.405,6.1375,
2015/03/27,31.375,6.1397,
2015/03/30,31.380,6.1402,
2015/03/31,31.401,6.1422,
2015/04/01,31.362,6.1434,
2015/04/02,31.303,6.1396,
2015/04/03,,6.1348,
2015/04/07,31.152,6.1305,
2015/04/08,31.226,6.1345,
2015/04/09,31.231,6.1338,
2015/04/10,31.240,6.137,
2015/04/13,31.342,6.1395,
2015/04/14,31.312,6.1407,
2015/04/15,31.330,6.134,
2015/04/16,31.253,6.1305,
2015/04/17,31.162,6.1267,
2015/04/20,31.102,6.1255,
2015/04/21,31.173,6.128,
2015/04/22,31.113,6.129,
2015/04/23,31.131,6.1281,
2015/04/24,31.051,6.1241,
2015/04/27,30.861,6.122,
2015/04/28,30.831,6.1209,
2015/04/29,30.695,6.1169,
2015/04/30,30.752,6.1137,
2015/05/04,30.776,6.1165,
2015/05/05,30.781,6.118,
2015/05/06,30.753,6.1156,
2015/05/07,30.803,6.1113,
2015/05/08,30.765,6.1147,
2015/05/11,30.780,6.1132,
2015/05/12,30.810,6.1155,
2015/05/13,30.780,6.1123,
2015/05/14,30.681,6.1093,
2015/05/15,30.612,6.1085,
2015/05/18,30.610,6.1079,
2015/05/19,30.640,6.1098,
2015/05/20,30.682,6.1125,
2015/05/21,30.650,6.1139,
2015/05/22,30.541,6.1131,
2015/05/25,30.571,6.1165,
2015/05/26,30.708,6.1172,
2015/05/27,30.725,6.1198,
2015/05/28,30.801,6.1202,
2015/05/29,30.871,6.1196,
2015/06/01,30.932,6.1207,
2015/06/02,31.002,6.1225,
2015/06/03,30.922,6.1176,
2015/06/04,31.062,6.1164,
2015/06/05,31.032,6.1181,
2015/06/08,31.275,6.1205,
2015/06/09,31.302,6.1179,
2015/06/10,31.156,6.1173,
2015/06/11,31.162,6.115,
2015/06/12,31.226,6.1167,
2015/06/15,31.256,6.1169,
2015/06/16,31.266,6.1155,
2015/06/17,31.261,6.1158,
2015/06/18,31.062,6.1126,
2015/06/19,,6.1104,
2015/06/22,30.970,,
2015/06/23,31.002,6.1119,
2015/06/24,31.052,6.1142,
2015/06/25,31.052,6.1148,
2015/06/26,31.132,6.1137,
2015/06/29,31.178,6.1168,
2015/06/30,31.070,6.1136,
2015/07/01,31.100,6.1149,
2015/07/02,31.150,6.1171,
2015/07/03,31.120,6.116,
2015/07/06,31.150,6.1172,
2015/07/07,31.162,6.1166,
2015/07/08,31.225,6.1175,
2015/07/09,31.230,6.1151,
2015/07/10,,6.1153,
2015/07/13,31.200,6.1133,
2015/07/14,31.302,6.1165,
2015/07/15,31.272,6.1152,
2015/07/16,31.310,6.1173,
2015/07/17,31.312,6.1192,
2015/07/20,31.342,6.1197,
2015/07/21,31.407,6.1199,
2015/07/22,31.352,6.1168,
2015/07/23,31.452,6.1172,
2015/07/24,31.530,6.1169,
2015/07/27,31.560,6.1176,
2015/07/28,31.575,6.1154,
2015/07/29,31.523,6.115,
2015/07/30,31.601,6.1165,
2015/07/31,31.682,6.1172,
2015/08/03,31.705,6.1169,
2015/08/04,31.726,6.1177,
2015/08/05,31.750,6.1186,
2015/08/06,31.755,6.1181,
2015/08/07,31.770,6.1174,
2015/08/10,31.760,6.1162,
2015/08/11,32.080,6.2298,
2015/08/12,32.465,6.3306,
2015/08/13,32.366,6.401,
2015/08/14,32.368,6.3975,
2015/08/17,32.621,6.3969,
2015/08/18,32.653,6.3966,
2015/08/19,32.668,6.3963,
2015/08/20,32.678,6.3915,
2015/08/21,32.876,6.3864,
2015/08/24,32.960,6.3862,
2015/08/25,32.879,6.3987,
2015/08/26,32.765,6.4043,
2015/08/27,32.770,6.4085,
2015/08/28,32.772,6.3986,
2015/08/31,32.810,6.3893,
2015/09/01,32.680,6.3752,
2015/09/02,32.762,6.3619,
2015/09/03,32.801,,
2015/09/04,32.833,,
2015/09/07,32.935,6.3584,
2015/09/08,33.003,6.3639,
2015/09/09,32.775,6.3632,
2015/09/10,32.856,6.3772,
2015/09/11,32.710,6.3719,
2015/09/14,32.720,6.3709,
2015/09/15,32.786,6.3665,
2015/09/16,32.762,6.3712,
2015/09/17,32.662,6.367,
2015/09/18,32.663,6.3607,
2015/09/21,32.939,6.3676,
2015/09/22,32.971,6.3721,
2015/09/23,33.250,6.3773,
2015/09/24,33.260,6.3791,
2015/09/25,33.292,6.3785,
2015/09/28,,6.3729,
2015/09/29,,6.366,
2015/09/30,33.128,6.3613,
2015/10/01,33.080,,
2015/10/02,33.156,,
2015/10/05,33.002,,
2015/10/06,32.937,,
2015/10/07,32.872,,
2015/10/08,32.850,6.3505,
2015/10/09,,6.3493,
2015/10/12,32.560,6.3406,
2015/10/13,32.739,6.3231,
2015/10/14,32.742,6.3408,
2015/10/15,32.457,6.3402,
2015/10/16,32.505,6.3436,
2015/10/19,32.418,6.3527,
2015/10/20,32.510,6.3614,
2015/10/21,32.558,6.3473,
2015/10/22,32.658,6.3497,
2015/10/23,32.513,6.3595,
2015/10/26,32.708,6.3549,
2015/10/27,32.676,6.3494,
2015/10/28,32.686,6.3536,
2015/10/29,32.856,6.3596,
2015/10/30,32.802,6.3495,
2015/11/02,32.721,6.3154,
2015/11/03,32.625,6.331,
2015/11/04,32.595,6.3343,
2015/11/05,32.718,6.3381,
2015/11/06,32.730,6.3459,
2015/11/09,32.832,6.3578,
2015/11/10,32.850,6.3602,
2015/11/11,32.852,6.3614,
2015/11/12,32.900,6.3628,
2015/11/13,32.908,6.3655,
2015/11/16,33.022,6.375,
2015/11/17,32.975,6.374,
2015/11/18,33.007,6.3796,
2015/11/19,32.860,6.3791,
2015/11/20,32.730,6.378,
2015/11/23,32.778,6.3867,
2015/11/24,32.746,6.3888,
2015/11/25,32.647,6.3877,
2015/11/26,32.701,6.3896,
2015/11/27,32.815,6.3915,
2015/11/30,32.830,6.3962,
2015/12/01,32.832,6.3973,
2015/12/02,32.903,6.3958,
2015/12/03,32.935,6.3982,
2015/12/04,32.822,6.3851,
2015/12/07,32.936,6.3985,
2015/12/08,33.037,6.4078,
2015/12/09,33.047,6.414,
2015/12/10,33.015,6.4236,
2015/12/11,32.965,6.4358,
2015/12/14,33.066,6.4495,
2015/12/15,33.026,6.4559,
2015/12/16,32.950,6.4626,
2015/12/17,33.035,6.4757,
2015/12/18,33.117,6.4814,
2015/12/21,33.085,6.4753,
2015/12/22,33.090,6.4746,
2015/12/23,33.100,6.4731,
2015/12/24,33.002,6.4755,
2015/12/25,33.005,6.4713,
2015/12/28,33.020,6.475,
2015/12/29,33.035,6.4864,
2015/12/30,33.050,6.4895,
2015/12/31,33.066,6.4936,
2016/01/04,33.236,6.5032,47.1200
2016/01/05,33.270,6.5169,46.9100
2016/01/06,33.453,6.5314,47.0250
2016/01/07,33.530,6.5646,47.1100
2016/01/08,33.501,6.5636,47.1700
2016/01/11,33.651,6.5626,47.1700
2016/01/12,33.667,6.5628,47.4400
2016/01/13,33.625,6.563,47.5200
2016/01/14,33.742,6.5616,47.7800
2016/01/15,33.802,6.5637,47.7400
2016/01/18,33.818,6.559,47.7500
2016/01/19,33.820,6.5596,47.6000
2016/01/20,33.826,6.5578,47.9500
2016/01/21,33.838,6.5585,47.9000
2016/01/22,33.705,6.5572,47.7250
2016/01/25,33.622,6.5557,47.8800
2016/01/26,33.725,6.5548,47.9950
2016/01/27,33.710,6.5533,47.9200
2016/01/28,33.743,6.5528,47.7700
2016/01/29,33.600,6.5516,47.7400
2016/01/30,33.650,,47.7400
2016/02/01,33.670,6.5539,47.6900
2016/02/02,33.680,6.551,47.7900
2016/02/03,33.808,6.5521,47.8900
2016/02/04,33.608,6.5419,47.6800
2016/02/05,33.520,6.5314,47.5100
2016/02/15,33.421,6.5118,47.4500
2016/02/16,33.453,6.513,47.4900
2016/02/17,33.505,6.5237,47.6200
2016/02/18,33.525,6.5152,47.6100
2016/02/19,33.561,6.5186,47.6650
2016/02/22,33.567,6.5165,47.5700
2016/02/23,33.485,6.5273,47.6350
2016/02/24,33.490,6.5302,47.6400
2016/02/25,33.496,6.5318,47.6370
2016/02/26,33.492,6.5338,47.6370
2016/02/29,,6.5452,
2016/03/01,33.436,6.5385,47.3620
2016/03/02,33.370,6.549,47.3620
2016/03/03,33.179,6.5412,47.0800
2016/03/04,33.101,6.5284,46.9300
2016/03/07,33.010,6.5113,46.9100
2016/03/08,33.062,6.5041,46.9140
2016/03/09,33.225,6.5106,46.8600
2016/03/10,33.080,6.5127,46.7000
2016/03/11,32.950,6.4905,46.6200
2016/03/14,32.870,6.4913,46.6150
2016/03/15,32.918,6.5079,46.7800
2016/03/16,32.950,6.5172,46.7750
2016/03/17,32.706,6.4961,46.3800
2016/03/18,32.520,6.4628,46.3300
2016/03/21,32.545,6.4824,46.4000
2016/03/22,32.525,6.4971,46.2950
2016/03/23,32.625,6.4936,46.3600
2016/03/24,32.726,6.515,46.4050
2016/03/25,32.766,6.5223,46.4050
2016/03/28,32.720,6.5232,46.3500
2016/03/29,32.695,6.506,46.3700
2016/03/30,32.425,6.4841,46.0300
2016/03/31,32.282,6.4612,46.0300
2016/04/01,32.378,6.4585,46.1000
2016/04/05,,6.4663,
2016/04/06,32.442,6.4754,46.2000
2016/04/07,32.402,6.4707,46.1000
2016/04/08,32.450,6.4733,46.1400
2016/04/11,32.388,6.4649,46.1300
2016/04/12,32.382,6.4616,46.0600
2016/04/13,32.350,6.4591,46.0900
2016/04/14,32.436,6.4891,46.2300
2016/04/15,32.348,6.4908,46.0600
2016/04/18,32.402,6.4787,46.1500
2016/04/19,32.265,6.47,46.1530
2016/04/20,32.248,6.4579,46.1600
2016/04/21,32.296,6.4803,46.4400
2016/04/22,32.330,6.4898,46.6500
2016/04/25,32.361,6.512,46.8500
2016/04/26,32.363,6.4882,46.8300
2016/04/27,32.345,6.4837,46.7600
2016/04/28,32.279,6.4954,46.8400
2016/04/29,32.281,6.4589,46.8400
2016/05/03,32.205,6.4565,46.9400
2016/05/04,32.356,6.4943,47.0800
2016/05/05,32.377,6.5128,47.2600
2016/05/06,32.412,6.5202,47.1700
2016/05/09,32.417,6.5105,47.1700
2016/05/10,32.533,6.5233,46.7200
2016/05/11,32.528,6.5209,46.4900
2016/05/12,32.542,6.4959,46.6100
2016/05/13,32.626,6.5246,46.5900
2016/05/16,32.705,6.5343,46.4500
2016/05/17,32.630,6.52,46.4300
2016/05/18,32.705,6.5216,46.6700
2016/05/19,32.802,6.5531,46.7900
2016/05/20,32.752,6.551,46.7800
2016/05/23,32.656,6.5455,46.7900
2016/05/24,32.720,6.5468,46.8800
2016/05/25,32.652,6.5693,46.8000
2016/05/26,32.576,6.5552,46.6800
2016/05/27,32.528,6.549,46.6600
2016/05/30,32.680,6.5784,46.7300
2016/05/31,32.630,6.579,46.7300
2016/06/01,32.622,6.5889,46.6200
2016/06/02,32.612,6.5688,46.5800
2016/06/03,32.605,6.5793,46.4600
2016/06/04,32.506,,46.4600
2016/06/06,32.402,6.5497,46.2500
2016/06/07,32.339,6.5618,46.1000
2016/06/08,32.225,6.5593,46.1200
2016/06/13,32.435,6.5805,46.0800
2016/06/14,32.423,6.5791,46.3200
2016/06/15,32.441,6.6001,46.3400
2016/06/16,32.391,6.5739,46.4300
2016/06/17,32.385,6.5795,46.4500
2016/06/20,32.256,6.5708,46.2600
2016/06/21,32.258,6.5656,46.2900
2016/06/22,32.221,6.5935,46.5700
2016/06/23,32.190,6.5658,46.4900
2016/06/24,32.502,6.5776,46.9500
2016/06/27,32.533,6.6375,47.1500
2016/06/28,32.435,6.6528,47.0100
2016/06/29,32.343,6.6324,47.0200
2016/06/30,32.286,6.6312,47.0200
2016/07/01,32.218,6.6496,46.9400
2016/07/04,32.208,6.6472,46.8600
2016/07/05,32.282,6.6594,47.0700
2016/07/06,32.407,6.6857,47.0700
2016/07/07,32.306,6.682,47.0500
2016/07/08,,6.6853,
2016/07/11,32.215,6.6843,47.3100
2016/07/12,32.220,6.695,47.3700
2016/07/13,32.183,6.6891,47.1800
2016/07/14,32.073,6.6846,47.0500
2016/07/15,31.990,6.6805,46.7400
2016/07/18,32.024,6.6961,46.7200
2016/07/19,31.991,6.6971,46.9200
2016/07/20,32.051,6.6946,47.1200
2016/07/21,32.060,6.6872,47.1300
2016/07/22,32.070,6.6669,47.1000
2016/07/25,32.140,6.686,47.1600
2016/07/26,32.106,6.6778,47.1600
2016/07/27,32.068,6.6671,47.2100
2016/07/28,31.955,6.6597,47.0900
2016/07/29,31.926,6.6511,47.0900
2016/08/01,31.640,6.6277,46.9300
2016/08/02,31.680,6.6451,47.0200
2016/08/03,31.750,6.6195,47.0300
2016/08/04,31.710,6.6444,47.0500
2016/08/05,31.570,6.6406,47.0600
2016/08/08,31.512,6.6615,46.9100
2016/08/09,31.455,6.6594,46.8800
2016/08/10,31.225,6.653,46.8810
2016/08/11,31.326,6.6255,46.7900
2016/08/12,31.403,6.6543,46.6900
2016/08/15,31.370,6.643,46.6300
2016/08/16,31.280,6.6305,46.2300
2016/08/17,31.452,6.6056,46.4500
2016/08/18,31.410,6.6273,46.2800
2016/08/19,31.618,6.6211,46.4200
2016/08/22,31.820,6.6652,46.2800
2016/08/23,31.706,6.6586,46.4800
2016/08/24,31.772,6.642,46.5100
2016/08/25,31.670,6.6602,46.3600
2016/08/26,31.672,6.6488,46.3630
2016/08/29,31.801,6.6856,46.3630
2016/08/30,31.720,6.6812,46.4500
2016/08/31,31.726,6.6908,46.4500
2016/09/01,31.736,6.6784,46.7500
2016/09/02,31.703,6.6727,46.6900
2016/09/05,31.506,6.6873,46.5000
2016/09/06,31.412,6.6676,46.5900
2016/09/07,31.240,6.6555,46.6800
2016/09/08,31.286,6.662,46.8300
2016/09/09,31.510,6.6684,47.2100
2016/09/10,31.552,,47.2100
2016/09/12,31.716,6.6908,47.2100
2016/09/13,31.706,6.6726,47.6300
2016/09/14,31.689,6.6895,47.8400
2016/09/19,31.450,6.6786,47.8800
2016/09/20,31.367,6.6595,47.8000
2016/09/21,31.430,6.6738,47.8700
2016/09/22,31.400,6.6513,47.8100
2016/09/23,31.330,6.667,47.9900
2016/09/26,31.432,6.6744,48.2500
2016/09/27,,6.6646,
2016/09/28,,6.6681,
2016/09/29,31.356,6.67,48.3100
2016/09/30,31.366,6.6778,48.3100
2016/10/03,31.330,,48.1600
2016/10/04,31.347,,48.2600
2016/10/05,31.371,,48.2800
2016/10/06,31.403,,48.2800
2016/10/07,31.480,,48.2500
2016/10/10,,6.7008,
2016/10/11,31.613,6.7098,48.6900
2016/10/12,31.629,6.7258,48.5800
2016/10/13,31.760,6.7296,48.1800
2016/10/14,31.672,6.7157,48.1500
2016/10/17,31.770,6.7379,48.1800
2016/10/18,31.669,6.7303,48.3900
2016/10/19,31.518,6.7326,48.2800
2016/10/20,31.530,6.7311,48.0800
2016/10/21,31.630,6.7558,48.3000
2016/10/24,31.683,6.769,48.2600
2016/10/25,31.616,6.7744,48.2400
2016/10/26,31.558,6.7705,48.3500
2016/10/27,31.637,6.7736,48.4900
2016/10/28,31.639,6.7858,48.4900
2016/10/31,31.580,6.7641,48.4900
2016/11/01,31.568,6.7734,48.4900
2016/11/02,31.564,6.7562,48.3500
2016/11/03,31.468,6.7491,48.3700
2016/11/04,31.473,6.7514,48.4500
2016/11/07,31.519,6.7725,48.6400
2016/11/08,31.507,6.7817,48.6700
2016/11/09,31.459,6.7832,48.7100
2016/11/10,31.589,6.7885,48.7200
2016/11/11,31.801,6.8115,49.0400
2016/11/14,31.949,6.8291,49.2000
2016/11/15,31.870,6.8495,49.0700
2016/11/16,31.848,6.8592,49.3700
2016/11/17,31.868,6.8692,49.4950
2016/11/18,32.010,6.8796,49.7400
2016/11/21,32.000,6.8985,49.8200
2016/11/22,31.945,6.8779,49.8900
2016/11/23,31.880,6.8904,49.8600
2016/11/24,31.927,6.9085,49.9400
2016/11/25,31.942,6.9168,49.8000
2016/11/28,31.802,6.9042,49.7700
2016/11/29,31.818,6.8889,49.7900
2016/11/30,31.890,6.8865,49.7900
2016/12/01,31.892,6.8958,49.7000
2016/12/02,31.923,6.8794,49.6100
2016/12/05,31.995,6.887,49.6500
2016/12/06,31.952,6.8575,49.6470
2016/12/07,31.902,6.8808,49.6730
2016/12/08,31.752,6.8731,49.6880
2016/12/09,31.860,6.8972,49.7600
2016/12/12,31.864,6.9086,49.8800
2016/12/13,31.822,6.8934,49.8000
2016/12/14,31.803,6.9028,49.8020
2016/12/15,31.923,6.9289,49.9600
2016/12/16,31.967,6.9508,49.9300
2016/12/19,31.970,6.9312,50.0300
2016/12/20,32.005,6.9468,50.0330
2016/12/21,32.020,6.9489,49.9500
2016/12/22,32.030,6.9435,49.9700
2016/12/23,32.170,6.9463,49.7100
2016/12/26,32.250,6.9459,49.7100
2016/12/27,32.281,6.9462,49.7640
2016/12/28,32.309,6.9495,49.8000
2016/12/29,32.312,6.9497,49.7300
2016/12/30,32.279,6.937,49.7300
2017/01/03,32.245,6.9498,49.7600
2017/01/04,32.260,6.9526,49.7100
2017/01/05,31.962,6.9307,49.5200
2017/01/06,31.993,6.8668,49.4700
2017/01/09,32.106,6.9262,49.5900
2017/01/10,31.948,6.9234,49.5000
2017/01/11,31.935,6.9235,49.5800
2017/01/12,31.780,6.9141,49.4800
2017/01/13,31.602,6.8909,49.6900
2017/01/16,31.702,6.8874,50.0200
2017/01/17,31.603,6.8992,49.7300
2017/01/18,31.586,6.8525,49.8400
2017/01/19,31.623,6.8568,49.9700
2017/01/20,31.533,6.8693,49.9800
2017/01/23,31.431,6.8572,49.9500
2017/01/24,31.382,6.8331,49.8200
2017/01/25,31.332,6.8596,49.8300
2017/01/26,31.360,6.8588,49.8300
2017/02/02,31.101,,49.6800
2017/02/03,31.050,6.8556,49.8000
2017/02/06,30.943,6.8606,49.5500
2017/02/07,31.048,6.8604,49.7700
2017/02/08,31.128,6.8849,49.8700
2017/02/09,31.046,6.871,49.9100
2017/02/10,31.051,6.8819,49.9200
2017/02/13,31.030,6.8898,49.9300
2017/02/14,30.868,6.8806,49.9400
2017/02/15,30.765,6.8632,49.9500
2017/02/16,30.792,6.8629,49.9500
2017/02/17,30.776,6.8456,50.0500
2017/02/18,30.796,,50.0500
2017/02/20,30.804,6.8743,50.3500
2017/02/21,30.793,6.879,50.3000
2017/02/22,30.779,6.883,50.2500
2017/02/23,30.745,6.8695,50.2100
2017/02/24,30.650,6.8655,50.2100
2017/02/27,,6.8814,
2017/02/28,,6.875,
2017/03/01,30.760,6.8798,50.3000
2017/03/02,30.795,6.8809,50.3700
2017/03/03,31.020,6.8896,50.3800
2017/03/06,30.982,6.879,50.3100
2017/03/07,30.850,6.8957,50.3200
2017/03/08,30.865,6.9032,50.3500
2017/03/09,31.020,6.9125,50.3800
2017/03/10,31.036,6.9123,50.2700
2017/03/13,30.916,6.8988,50.3200
2017/03/14,30.966,6.9118,50.3400
2017/03/15,30.840,6.9115,50.3300
2017/03/16,30.657,6.8862,50.1800
2017/03/17,30.626,6.8873,50.1700
2017/03/20,30.527,6.8998,50.1300
2017/03/21,30.458,6.9071,50.1600
2017/03/22,30.503,6.8889,50.3300
2017/03/23,30.488,6.8856,50.4200
2017/03/24,30.488,6.8845,50.2500
2017/03/27,30.250,6.8701,50.0900
2017/03/28,30.170,6.8782,50.1400
2017/03/29,30.285,6.8915,50.1500
2017/03/30,30.315,6.8889,50.1600
2017/03/31,30.336,6.8993,50.1600
2017/04/05,30.381,6.8906,50.1700
2017/04/06,30.560,6.893,50.1600
2017/04/07,30.601,6.8949,49.8900
2017/04/10,30.652,6.9042,49.6300
2017/04/11,30.650,6.8957,49.5900
2017/04/12,30.556,6.894,49.4800
2017/04/13,30.325,6.8651,49.4800
2017/04/14,30.400,6.874,49.4800
2017/04/17,30.350,6.8785,49.5800
2017/04/18,30.406,6.8849,49.6600
2017/04/19,30.418,6.8664,49.7700
2017/04/20,30.408,6.8792,49.7800
2017/04/21,30.363,6.8823,49.7900
2017/04/24,30.272,6.8673,49.7800
2017/04/25,30.152,6.8833,49.7000
2017/04/26,30.151,6.8845,49.7400
2017/04/27,30.156,6.8896,50.1300
2017/04/28,30.218,6.8931,50.1300
2017/05/02,30.062,6.8956,50.0300
2017/05/03,30.072,6.8892,49.9800
2017/05/04,30.140,6.8957,49.8800
2017/05/05,30.182,6.8884,49.9400
2017/05/08,30.166,6.8947,49.8800
2017/05/09,30.258,6.9037,49.9500
2017/05/10,30.266,6.9066,49.9600
2017/05/11,30.215,6.9051,49.8700
2017/05/12,30.201,6.8948,49.7600
2017/05/15,30.158,6.8852,49.6800
2017/05/16,30.115,6.879,49.7200
2017/05/17,30.140,6.8635,49.7800
2017/05/18,30.225,6.8612,49.8500
2017/05/19,30.210,6.8786,49.8100
2017/05/22,30.052,6.8673,49.7500
2017/05/23,30.166,6.8661,49.8200
2017/05/24,30.183,6.8758,49.9500
2017/05/25,30.084,6.8695,49.8500
2017/05/26,30.122,6.8698,49.7700
2017/05/31,30.102,6.8633,49.7800
2017/06/01,30.117,6.809,49.7400
2017/06/02,30.117,6.807,49.5100
2017/06/03,30.127,,49.5100
2017/06/05,30.090,6.7935,49.4000
2017/06/06,30.093,6.7934,49.5200
2017/06/07,30.095,6.7858,49.4900
2017/06/08,30.105,6.793,49.5200
2017/06/09,30.108,6.7971,49.5200
2017/06/12,30.176,6.7948,49.5200
2017/06/13,30.227,6.7954,49.5500
2017/06/14,30.230,6.7939,49.5000
2017/06/15,30.247,6.7852,49.7200
2017/06/16,30.381,6.7995,49.9300
2017/06/19,30.361,6.7972,49.9320
2017/06/20,30.401,6.8096,50.1500
2017/06/21,30.471,6.8193,50.3700
2017/06/22,30.442,6.8197,50.3670
2017/06/23,30.400,6.8238,50.2800
2017/06/26,30.335,6.822,50.2800
2017/06/27,30.341,6.8292,50.2600
2017/06/28,30.438,6.8053,50.5500
2017/06/29,30.370,6.794,50.5400
2017/06/30,30.436,6.7744,50.5400
2017/07/03,30.428,6.7772,50.6500
2017/07/04,30.528,6.7889,50.4900
2017/07/05,30.509,6.7922,50.6500
2017/07/06,30.601,6.7953,50.7100
2017/07/07,30.610,6.7914,50.6300
2017/07/10,30.585,6.7964,50.8200
2017/07/11,30.593,6.7983,50.7500
2017/07/12,30.490,6.7868,50.6300
2017/07/13,30.385,6.7802,50.5400
2017/07/14,30.417,6.7774,50.5900
2017/07/17,30.419,6.7562,50.6700
2017/07/18,30.370,6.7611,50.7100
2017/07/19,30.397,6.7451,50.8400
2017/07/20,30.457,6.7464,50.8600
2017/07/21,30.451,6.7415,50.7200
2017/07/24,30.359,6.741,50.6700
2017/07/25,30.360,6.7485,50.5600
2017/07/26,30.402,6.7529,50.6500
2017/07/27,30.252,6.7307,50.5300
2017/07/28,30.302,6.7373,50.5400
2017/07/31,30.227,6.7283,50.5400
2017/08/01,30.256,6.7148,50.4100
2017/08/02,30.252,6.7205,50.3700
2017/08/03,30.227,6.7211,50.2700
2017/08/04,30.220,6.7132,50.2400
2017/08/07,30.234,6.7228,50.4400
2017/08/08,30.201,6.7184,50.5300
2017/08/09,30.218,6.7075,50.6500
2017/08/10,30.309,6.677,50.7700
2017/08/11,30.358,6.6642,51.0100
2017/08/14,30.302,6.6601,51.2300
2017/08/15,30.317,6.6689,51.4100
2017/08/16,30.365,6.6779,51.3800
2017/08/17,30.312,6.6709,51.2900
2017/08/18,30.332,6.6744,51.4500
2017/08/21,30.328,6.6709,51.4500
2017/08/22,30.300,6.6597,51.2300
2017/08/23,30.290,6.6633,51.2100
2017/08/24,30.265,6.6525,51.0300
2017/08/25,30.250,6.6579,51.1500
2017/08/28,30.162,6.6353,51.1500
2017/08/29,30.200,6.6293,50.9900
2017/08/30,30.156,6.6102,51.1500
2017/08/31,30.203,6.601,51.1500
2017/09/01,30.156,6.5909,51.1500
2017/09/04,30.101,6.5668,51.1850
2017/09/05,30.070,6.537,51.1200
2017/09/06,30.105,6.5311,50.8600
2017/09/07,30.062,6.5269,50.8600
2017/09/08,30.006,6.5032,50.8200
2017/09/11,30.026,6.4997,50.8600
2017/09/12,30.030,6.5277,50.9200
2017/09/13,30.056,6.5382,50.9800
2017/09/14,30.106,6.5465,51.1500
2017/09/15,30.075,6.5423,51.2500
2017/09/18,30.108,6.5419,51.1000
2017/09/19,30.137,6.553,50.9960
2017/09/20,30.132,6.567,50.9900
2017/09/21,30.208,6.5867,51.0600
2017/09/22,30.191,6.5861,50.6600
2017/09/25,30.172,6.5945,50.6800
2017/09/26,30.216,6.6076,50.9100
2017/09/27,30.303,6.6192,51.0200
2017/09/28,30.405,6.6285,50.9300
2017/09/29,30.336,6.6369,50.8700
2017/09/30,30.305,,50.8700
2017/10/02,30.413,,51.0800
2017/10/03,30.450,,51.1100
2017/10/05,30.350,,50.9900
2017/10/06,30.376,,51.4700
2017/10/09,,6.6493,
2017/10/10,,6.6273,
2017/10/11,30.232,6.5841,51.4600
2017/10/12,30.213,6.5808,51.4000
2017/10/13,30.185,6.5866,51.4100
2017/10/16,30.158,6.5839,51.2500
2017/10/17,30.205,6.5883,51.3100
2017/10/18,30.200,6.5991,51.4400
2017/10/19,30.230,6.6093,51.4800
2017/10/20,30.241,6.6092,51.4800
2017/10/23,30.262,6.6205,51.5200
2017/10/24,30.270,6.6268,51.6600
2017/10/25,30.266,6.6322,51.8100
2017/10/26,30.229,6.6288,51.8000
2017/10/27,30.277,6.6473,51.7600
2017/10/30,30.205,6.6487,51.6200
2017/10/31,30.170,6.6397,51.6200
2017/11/01,30.175,6.63,51.5500
2017/11/02,30.186,6.6196,51.4100
2017/11/03,30.172,6.6072,51.1800
2017/11/06,30.204,6.6247,51.2200
2017/11/07,30.170,6.6216,51.4200
2017/11/08,30.187,6.6277,51.3300
2017/11/09,30.180,6.6325,51.2700
2017/11/10,30.172,6.6282,51.2500
2017/11/13,30.190,6.6347,51.1800
2017/11/14,30.180,6.6399,51.2400
2017/11/15,30.150,6.6263,50.9600
2017/11/16,30.158,6.6286,50.7600
2017/11/17,30.101,6.6277,50.9500
2017/11/20,30.102,6.6271,50.7300
2017/11/21,30.060,6.6356,50.7200
2017/11/22,30.020,6.629,50.6100
2017/11/23,30.007,6.6021,50.6200
2017/11/24,30.010,6.581,50.6800
2017/11/27,30.006,6.5874,50.3400
2017/11/28,30.001,6.5944,50.3300
2017/11/29,29.990,6.6011,50.2300
2017/11/30,30.010,6.6034,50.2300
2017/12/01,30.028,6.6067,50.2800
2017/12/04,30.036,6.6105,50.6600
2017/12/05,29.993,6.6113,50.6500
2017/12/06,30.010,6.6163,50.7300
2017/12/07,30.025,6.6195,50.6500
2017/12/08,30.015,6.6218,50.5600
2017/12/11,30.018,6.6152,50.3500
2017/12/12,30.018,6.6162,50.4600
2017/12/13,30.026,6.6251,50.4470
2017/12/14,30.006,6.6033,50.4800
2017/12/15,29.992,6.6113,50.4500
2017/12/18,30.006,6.6162,50.4500
2017/12/19,29.990,6.6098,50.3400
2017/12/20,29.990,6.6066,50.2500
2017/12/21,29.988,6.5795,50.2000
2017/12/22,29.968,6.5821,50.1300
2017/12/25,29.968,6.5683,50.1300
2017/12/26,29.945,6.5416,50.0100
2017/12/27,29.940,6.5421,49.9800
2017/12/28,29.840,6.5412,49.9100
2017/12/29,29.848,6.5342,49.9100
2018/01/02,29.628,6.5079,49.9100
2018/01/03,29.600,6.492,49.7900
2018/01/04,29.590,6.5043,49.8500
2018/01/05,29.523,6.4915,49.8800
2018/01/08,29.523,6.4832,50.1900
2018/01/09,29.536,6.4968,50.3200
2018/01/10,29.601,6.5207,50.3800
2018/01/11,29.605,6.5147,50.3700
2018/01/12,29.600,6.4932,50.3600
2018/01/15,29.542,6.4574,50.3400
2018/01/16,29.555,6.4372,50.4950
2018/01/17,29.560,6.4335,50.7700
2018/01/18,29.562,6.4401,50.7800
2018/01/19,29.430,6.4169,50.7300
2018/01/22,29.432,6.4112,50.8700
2018/01/23,29.402,6.4009,51.1200
2018/01/24,29.302,6.3916,50.8300
2018/01/25,29.069,6.3724,50.9000
2018/01/26,29.101,6.3436,50.9200
2018/01/29,29.150,6.3267,51.0200
2018/01/30,29.240,6.3312,51.4100
2018/01/31,29.150,6.3339,51.3210
2018/02/01,29.207,6.3045,51.5800
2018/02/02,29.235,6.2885,51.6590
2018/02/05,29.307,6.3019,51.4900
2018/02/06,29.386,6.3072,51.4300
2018/02/07,29.270,6.2882,51.1300
2018/02/08,29.390,6.2822,51.5500
2018/02/09,29.407,6.3194,51.5000
2018/02/12,29.400,6.3001,51.9260
2018/02/13,29.358,6.3247,52.0780
2018/02/14,29.342,6.3428,52.0600
2018/02/21,29.245,,52.0910
2018/02/22,29.301,6.353,52.1300
2018/02/23,29.306,6.3482,51.8400
2018/02/26,29.235,6.3378,51.9300
2018/02/27,29.230,6.3146,51.9300
2018/02/28,,6.3294,
2018/03/01,29.318,6.3352,51.9300
2018/03/02,29.290,6.3334,51.9000
2018/03/05,29.292,6.3431,51.9500
2018/03/06,29.287,6.3386,52.0280
2018/03/07,29.254,6.3294,52.0000
2018/03/08,29.261,6.3239,52.1360
2018/03/09,29.300,6.3451,52.0600
2018/03/12,29.280,6.3333,52.0000
2018/03/13,29.252,6.3218,52.0400
2018/03/14,29.257,6.3205,52.0680
2018/03/15,29.200,6.3141,51.9000
2018/03/16,29.231,6.334,52.0150
2018/03/19,29.201,6.332,52.0290
2018/03/20,29.175,6.3246,52.0770
2018/03/21,29.189,6.3396,52.1200
2018/03/22,29.153,6.3167,52.3200
2018/03/23,29.170,6.3272,52.3450
2018/03/26,29.153,6.3193,52.2250
2018/03/27,29.135,6.2816,52.4150
2018/03/28,29.163,6.2785,52.3460
2018/03/29,29.165,6.3046,52.2670
2018/03/30,29.120,6.2881,52.1990
2018/03/31,29.120,,52.1990
2018/04/02,29.142,6.2764,52.0400
2018/04/03,29.148,6.2833,52.0540
2018/04/04,,6.2926,
2018/04/09,29.209,6.3114,52.0570
2018/04/10,29.190,6.3071,51.9710
2018/04/11,29.201,6.2911,51.9290
2018/04/12,29.260,6.2834,52.0580
2018/04/13,29.302,6.2898,51.9930
2018/04/16,29.425,6.2884,52.0700
2018/04/17,29.362,6.2771,52.1180
2018/04/18,29.366,6.2817,52.1050
2018/04/19,29.340,6.2832,52.0800
2018/04/20,29.407,6.2897,52.1140
2018/04/23,29.528,6.3034,52.3640
2018/04/24,29.616,6.3229,52.2770
2018/04/25,29.660,6.3066,52.3240
2018/04/26,29.705,6.3283,52.1100
2018/04/27,29.636,6.3393,51.9090
2018/04/30,29.605,,51.9090
2018/05/02,29.758,6.367,51.8900
2018/05/03,29.742,6.3732,51.6800
2018/05/04,29.716,6.3521,51.7100
2018/05/07,29.763,6.3584,51.9000
2018/05/08,29.783,6.3674,51.8960
2018/05/09,29.928,6.3733,51.9300
2018/05/10,29.872,6.3768,51.9600
2018/05/11,29.773,6.3524,52.3100
2018/05/14,29.742,6.3345,52.3900
2018/05/15,29.848,6.3486,52.4500
2018/05/16,29.892,6.3745,52.3100
2018/05/17,29.906,6.3679,52.2900
2018/05/18,29.912,6.3763,52.3100
2018/05/21,29.992,6.3852,52.4200
2018/05/22,29.922,6.3799,52.2800
2018/05/23,29.960,6.3773,52.4400
2018/05/24,29.930,6.3816,52.5600
2018/05/25,29.945,6.3867,52.5900
2018/05/28,29.928,6.3962,52.4600
2018/05/29,29.988,6.4021,52.6900
2018/05/30,30.050,6.4207,52.6400
2018/05/31,29.980,6.4144,52.6400
2018/06/01,29.864,6.4078,52.5700
2018/06/04,29.820,6.4208,52.5900
2018/06/05,29.815,6.4157,52.4300
2018/06/06,29.738,6.404,52.4600
2018/06/07,29.740,6.3919,52.5100
2018/06/08,29.816,6.4003,52.8400
2018/06/11,29.821,6.4064,53.0400
2018/06/12,29.860,6.4121,53.0900
2018/06/13,29.890,6.4156,53.2600
2018/06/14,29.938,6.3962,53.3000
2018/06/15,30.002,6.4306,53.3500
2018/06/19,30.186,6.4235,53.4000
2018/06/20,30.170,6.4586,53.4500
2018/06/21,30.302,6.4706,53.4700
2018/06/22,30.307,6.4804,53.2900
2018/06/25,30.403,6.4893,53.4500
2018/06/26,30.412,6.518,53.6100
2018/06/27,30.454,6.5569,53.5400
2018/06/28,30.586,6.596,53.5100
2018/06/29,30.500,6.6166,53.5100
2018/07/02,30.523,6.6157,53.3900
2018/07/03,30.586,6.6497,53.4100
2018/07/04,30.501,6.6595,53.4000
2018/07/05,30.540,6.618,53.4300
2018/07/06,30.500,6.6336,53.3400
2018/07/09,30.386,6.6393,53.4000
2018/07/10,30.403,6.6259,53.5300
2018/07/11,30.481,6.6234,53.6100
2018/07/12,30.542,6.6726,53.5200
2018/07/13,30.556,6.6727,53.5500
2018/07/16,30.575,6.6758,53.4600
2018/07/17,30.516,6.6821,53.3400
2018/07/18,30.582,6.6914,53.4900
2018/07/19,30.632,6.7066,53.5900
2018/07/20,30.716,6.7671,53.4300
2018/07/23,30.645,6.7593,53.4860
2018/07/24,30.720,6.7891,53.3900
2018/07/25,30.632,6.804,53.2900
2018/07/26,30.573,6.7662,53.4000
2018/07/27,30.592,6.7942,53.3300
2018/07/30,30.609,6.8131,53.1900
2018/07/31,30.614,6.8165,53.1900
2018/08/01,30.616,6.8293,53.0200
2018/08/02,30.682,6.7942,53.1000
2018/08/03,30.706,6.8322,53.1300
2018/08/06,30.630,6.8513,52.9000
2018/08/07,30.621,6.8431,52.9600
2018/08/08,30.616,6.8313,53.1000
2018/08/09,30.626,6.8317,53.0300
2018/08/10,30.708,6.8395,53.1600
2018/08/13,30.812,6.8629,53.3000
2018/08/14,30.807,6.8695,53.4900
2018/08/15,30.858,6.8856,53.5400
2018/08/16,30.845,6.8946,53.4600
2018/08/17,30.802,6.8894,53.3400
2018/08/20,30.760,6.8718,53.3400
2018/08/21,30.730,6.836,53.3200
2018/08/22,30.730,6.8271,53.4900
2018/08/23,30.790,6.8367,53.4700
2018/08/24,30.783,6.871,53.4300
2018/08/27,30.772,6.8508,53.4300
2018/08/28,30.724,6.8052,53.2900
2018/08/29,30.706,6.8072,53.4600
2018/08/30,30.711,6.8113,53.5200
2018/08/31,30.731,6.8246,53.5200
2018/09/03,30.712,6.8347,53.4900
2018/09/04,30.766,6.8183,53.6000
2018/09/05,30.806,6.8266,53.6900
2018/09/06,30.802,6.8217,53.8600
2018/09/07,30.776,6.8212,53.7200
2018/09/10,30.830,6.8389,53.8700
2018/09/11,30.814,6.8488,53.9600
2018/09/12,30.825,6.8546,54.0600
2018/09/13,30.805,6.8488,54.0600
2018/09/14,30.760,6.8362,53.9500
2018/09/17,30.805,6.8509,54.1800
2018/09/18,30.813,6.8554,54.0900
2018/09/19,30.793,6.8569,54.0500
2018/09/20,30.795,6.853,54.1100
2018/09/21,30.716,6.8357,54.2200
2018/09/25,30.675,6.844,54.3500
2018/09/26,30.697,6.8571,54.2900
2018/09/27,30.602,6.8642,54.1500
2018/09/28,30.551,6.8792,54.1500
2018/10/01,30.556,,54.1600
2018/10/02,30.668,,54.3200
2018/10/03,30.670,,54.2800
2018/10/04,30.792,,54.3400
2018/10/05,30.840,,54.2600
2018/10/08,30.926,6.8957,54.2200
2018/10/09,30.968,6.9019,54.1900
2018/10/10,,6.9072,
2018/10/11,31.105,6.9098,54.1800
2018/10/12,30.910,6.912,54.0700
2018/10/15,30.940,6.9154,54.1200
2018/10/16,30.920,6.9119,53.9100
2018/10/17,30.850,6.9103,53.8900
2018/10/18,30.975,6.9275,53.9200
2018/10/19,30.976,6.9387,53.6700
2018/10/22,30.920,6.9236,53.7600
2018/10/23,30.985,6.9338,53.8000
2018/10/24,30.947,6.9357,53.7400
2018/10/25,30.996,6.9409,53.7500
2018/10/26,31.006,6.951,53.5600
2018/10/29,30.996,6.9377,53.6100
2018/10/30,30.985,6.9574,53.5800
2018/10/31,30.968,6.9646,53.5800
2018/11/01,30.926,6.967,53.4300
2018/11/02,30.738,6.9371,53.4300
2018/11/05,30.771,6.8976,53.2600
2018/11/06,30.782,6.9075,52.9700
2018/11/07,30.760,6.9065,52.8600
2018/11/08,30.702,6.9163,52.7300
2018/11/09,30.812,6.9329,53.0400
2018/11/12,30.888,6.9476,53.2100
2018/11/13,30.902,6.9629,53.0900
2018/11/14,30.932,6.9402,53.1500
2018/11/15,30.845,6.9392,52.7500
2018/11/16,30.888,6.9377,52.7100
2018/11/19,30.906,6.9245,52.5200
2018/11/20,30.908,6.928,52.4600
2018/11/21,30.908,6.9449,52.3200
2018/11/22,30.894,6.9391,52.3600
2018/11/23,30.902,6.9306,52.4900
2018/11/26,30.886,6.9453,52.3700
2018/11/27,30.900,6.9463,52.5300
2018/11/28,30.910,6.95,52.5300
2018/11/29,30.840,6.9353,52.4200
2018/11/30,30.850,6.9357,52.4200
2018/12/03,30.752,6.9431,52.3000
2018/12/04,30.705,6.8939,52.5600
2018/12/05,30.806,6.8476,52.7400
2018/12/06,30.857,6.8599,52.8000
2018/12/07,30.841,6.8664,52.7400
2018/12/10,30.877,6.8693,52.8000
2018/12/11,30.894,6.8996,52.8100
2018/12/12,30.881,6.9064,52.7000
2018/12/13,30.850,6.8769,52.6800
2018/12/14,30.867,6.875,53.1100
2018/12/17,30.870,6.8908,53.0500
2018/12/18,30.870,6.8854,53.0500
2018/12/19,30.813,6.8869,53.0800
2018/12/20,30.843,6.8936,53.1500
2018/12/21,30.800,6.8825,52.9700
2018/12/22,30.824,,52.9700
2018/12/24,30.838,6.9006,52.9700
2018/12/25,30.810,6.8919,52.9700
2018/12/26,30.815,6.8845,52.9700
2018/12/27,30.802,6.8894,52.7000
2018/12/28,30.733,6.8632,52.7000
2019/01/02,30.794,6.8482,52.5400
2019/01/03,30.886,6.8631,52.5700
2019/01/04,30.863,6.8586,52.4900
2019/01/07,30.812,6.8517,52.4800
2019/01/08,30.836,6.8402,52.4600
2019/01/09,30.801,6.8526,52.3600
2019/01/10,30.782,6.816,52.1800
2019/01/11,30.802,6.7909,52.0400
2019/01/14,30.851,6.756,52.2000
2019/01/15,30.820,6.7542,52.0300
2019/01/16,30.831,6.7615,52.2300
2019/01/17,30.852,6.7592,52.4100
2019/01/18,30.842,6.7665,52.5600
2019/01/19,30.842,,52.5600
2019/01/21,30.851,6.7774,52.8100
2019/01/22,30.896,6.7854,52.9100
2019/01/23,30.892,6.7969,52.7200
2019/01/24,30.885,6.7802,52.8700
2019/01/25,30.825,6.7941,52.5700
2019/01/28,30.790,6.7472,52.5500
2019/01/29,30.811,6.7356,52.4800
2019/01/30,30.776,6.7343,52.3400
2019/01/31,30.740,6.7025,52.3400
2019/02/01,30.745,6.7081,52.0700
2019/02/11,30.809,6.7495,52.1600
2019/02/12,30.831,6.7765,52.1100
2019/02/13,30.831,6.7675,52.1000
2019/02/14,30.833,6.7744,52.4500
2019/02/15,30.850,6.7623,52.3800
2019/02/18,30.843,6.7659,52.3300
2019/02/19,30.846,6.7642,52.2400
2019/02/20,30.824,6.7558,52.0300
2019/02/21,30.830,6.722,52.1700
2019/02/22,30.822,6.7151,52.1100
2019/02/23,30.823,,52.1100
2019/02/25,30.793,6.7131,52.1100
2019/02/26,30.783,6.6952,52.0300
2019/02/27,30.775,6.6857,52.0300
2019/02/28,,6.6901,
2019/03/01,,6.6957,
2019/03/04,30.830,6.7049,51.8000
2019/03/05,30.847,6.6998,52.1900
2019/03/06,30.852,6.7053,52.2200
2019/03/07,30.869,6.711,52.2300
2019/03/08,30.902,6.7235,52.2600
2019/03/11,30.910,6.7202,52.2400
2019/03/12,30.905,6.7128,52.8200
2019/03/13,30.910,6.7114,52.7500
2019/03/14,30.901,6.7009,52.6500
2019/03/15,30.888,6.7167,52.6700
2019/03/18,30.832,6.7088,52.7000
2019/03/19,30.838,6.7062,52.9000
2019/03/20,30.833,6.7101,52.8100
2019/03/21,30.816,6.685,52.7100
2019/03/22,30.806,6.6944,52.4500
2019/03/25,30.830,6.7098,52.4800
2019/03/26,30.835,6.7042,52.5400
2019/03/27,30.856,6.7141,52.5900
2019/03/28,30.856,6.7263,52.8100
2019/03/29,30.825,6.7335,52.8100
2019/04/01,30.801,6.7193,52.5100
2019/04/02,30.843,6.7161,52.5200
2019/04/03,30.817,6.7194,52.3800
2019/04/04,,6.7055,
2019/04/08,30.845,6.7201,52.1500
2019/04/09,30.841,6.7142,52.1000
2019/04/10,30.845,6.711,52.0600
2019/04/11,30.866,6.7088,51.8300
2019/04/12,30.880,6.722,52.0200
2019/04/15,30.866,6.7112,51.7000
2019/04/16,30.874,6.7097,51.7200
2019/04/17,30.848,6.711,51.8000
2019/04/18,30.841,6.6911,51.7000
2019/04/19,30.842,6.7043,51.7900
2019/04/22,30.856,6.7035,51.8450
2019/04/23,30.858,6.7082,52.0000
2019/04/24,30.875,6.7205,52.1300
2019/04/25,30.905,6.7307,52.3700
2019/04/26,30.907,6.7307,52.0900
2019/04/29,30.897,6.731,52.0900
2019/04/30,30.905,6.7286,52.1350
2019/05/02,30.905,,51.7400
2019/05/03,30.907,,51.9500
2019/05/06,30.925,6.7344,51.9800
2019/05/07,30.911,6.7614,51.9000
2019/05/08,30.920,6.7596,51.9400
2019/05/09,30.956,6.7665,52.1700
2019/05/10,30.958,6.7912,52.1800
2019/05/13,31.082,6.7954,52.2500
2019/05/14,31.128,6.8365,52.4100
2019/05/15,31.110,6.8649,52.3480
2019/05/16,31.165,6.8688,52.3900
2019/05/17,31.297,6.8859,52.4800
2019/05/20,31.385,6.8988,52.5500
2019/05/21,31.460,6.899,52.5400
2019/05/22,31.530,6.8992,52.4300
2019/05/23,31.547,6.8994,52.5400
2019/05/24,31.520,6.8993,52.4750
2019/05/27,31.450,6.8924,52.0900
2019/05/28,31.484,6.8973,52.2600
2019/05/29,31.581,6.8988,52.3400
2019/05/30,31.610,6.899,52.2500
2019/05/31,31.612,6.8992,52.1800
2019/06/03,31.503,6.8896,52.0450
2019/06/04,31.480,6.8822,51.7200
2019/06/05,31.390,6.8903,51.7400
2019/06/06,31.402,6.8945,51.7600
2019/06/10,31.436,6.8925,52.0500
2019/06/11,31.436,6.893,51.9800
2019/06/12,31.430,6.8932,51.8900
2019/06/13,31.512,6.8934,51.9200
2019/06/14,31.530,6.8937,51.8200
2019/06/17,31.520,6.894,52.0650
2019/06/18,31.528,6.8942,52.1000
2019/06/19,31.350,6.8893,51.8300
2019/06/20,31.175,6.8805,51.7450
2019/06/21,31.150,6.8472,51.4500
2019/06/24,31.110,6.8503,51.4950
2019/06/25,31.115,6.858,51.3300
2019/06/26,31.140,6.8701,51.5100
2019/06/27,31.101,6.8778,51.3550
2019/06/28,31.072,6.8747,51.1900
2019/07/01,31.002,6.8716,51.2300
2019/07/02,31.052,6.8513,51.1300
2019/07/03,31.130,6.864,51.1700
2019/07/04,31.102,6.8705,51.0750
2019/07/05,31.107,6.8697,51.1900
2019/07/08,31.196,6.8881,51.2900
2019/07/09,31.181,6.8853,51.3300
2019/07/10,31.160,6.8856,51.3700
2019/07/11,31.026,6.8677,51.3000
2019/07/12,31.081,6.8662,51.1700
2019/07/15,31.052,6.8677,51.1200
2019/07/16,31.042,6.871,50.9700
2019/07/17,31.075,6.8827,50.9250
2019/07/18,31.077,6.8761,51.0800
2019/07/19,31.050,6.8635,50.9450
2019/07/22,31.083,6.8759,51.0800
2019/07/23,31.091,6.8818,51.1500
2019/07/24,31.084,6.886,51.2400
2019/07/25,31.085,6.8737,51.1100
2019/07/26,31.090,6.8796,51.1900
2019/07/29,31.102,6.8821,50.9500
2019/07/30,31.075,6.8862,51.0200
2019/07/31,31.096,6.8841,50.8400
2019/08/01,31.182,6.8938,51.0450
2019/08/02,31.376,6.8996,51.3800
2019/08/05,31.628,6.9225,51.7400
2019/08/06,31.510,6.9683,52.0400
2019/08/07,31.487,6.9996,51.9900
2019/08/08,31.363,7.0039,52.2600
2019/08/09,,7.0136,
2019/08/12,31.400,7.0211,52.0100
2019/08/13,31.506,7.0326,52.1100
2019/08/14,31.402,7.0312,52.1600
2019/08/15,31.405,7.0268,52.5500
2019/08/16,31.366,7.0312,52.5200
2019/08/19,31.352,7.0365,52.3000
2019/08/20,31.405,7.0454,52.4400
2019/08/21,31.366,7.0433,52.2800
2019/08/22,31.384,7.049,52.1600
2019/08/23,31.402,7.0572,52.3300
2019/08/26,31.451,7.057,52.4800
2019/08/27,31.415,7.081,52.3500
2019/08/28,31.420,7.0835,52.2400
2019/08/29,31.442,7.0858,52.3600
2019/08/30,31.410,7.0879,52.1700
2019/09/02,31.402,7.0883,52.1350
2019/09/03,31.432,7.0884,52.2300
2019/09/04,31.365,7.0878,52.2100
2019/09/05,31.280,7.0852,51.8100
2019/09/06,31.257,7.0855,52.0200
2019/09/09,31.250,7.0851,51.8700
2019/09/10,31.230,7.0846,51.8400
2019/09/11,31.220,7.0843,52.0700
2019/09/12,31.055,7.0846,52.0550
2019/09/16,31.002,7.0657,52.2100
2019/09/17,31.035,7.073,52.3600
2019/09/18,31.000,7.0728,52.2200
2019/09/19,31.006,7.0732,52.2700
2019/09/20,30.980,7.073,52.2000
2019/09/23,31.057,7.0734,51.9700
2019/09/24,31.013,7.0729,52.1600
2019/09/25,31.034,7.0724,52.2300
2019/09/26,31.040,7.0729,52.1700
2019/09/27,31.042,7.0731,52.1400
2019/09/30,,7.0729,
2019/10/01,31.045,,51.7700
2019/10/02,31.063,,51.9000
2019/10/03,31.064,,51.9600
2019/10/04,30.973,,51.6800
2019/10/05,30.973,,51.6900
2019/10/07,30.902,,51.8250
2019/10/08,30.842,7.0726,51.8400
2019/10/09,30.850,7.0728,51.8650
2019/10/10,,7.073,
2019/10/11,,7.0727,
2019/10/14,30.620,7.0725,51.5600
2019/10/15,30.686,7.0708,51.5150
2019/10/16,30.722,7.0746,51.7050
2019/10/17,30.681,7.0789,51.4800
2019/10/18,30.611,7.069,51.3300
2019/10/21,30.592,7.068,51.1900
2019/10/22,30.594,7.0668,51.0700
2019/10/23,30.611,7.0752,51.2500
2019/10/24,30.586,7.0727,50.9600
2019/10/25,30.594,7.0749,51.2900
2019/10/28,30.572,7.0762,51.1400
2019/10/29,30.522,7.0617,51.0400
2019/10/30,30.533,7.0582,51.0500
2019/10/31,30.462,7.0533,50.7500
2019/11/01,30.479,7.0437,50.8000
2019/11/04,30.405,7.0382,50.5300
2019/11/05,30.371,7.0385,50.5900
2019/11/06,30.400,7.008,50.4700
2019/11/07,30.406,7.0008,50.5900
2019/11/08,30.412,6.9945,50.4600
2019/11/11,30.435,6.9933,50.6450
2019/11/12,30.422,6.9988,50.7650
2019/11/13,30.503,7.0026,50.8400
2019/11/14,30.582,7.0083,50.8300
2019/11/15,30.538,7.0091,50.5600
2019/11/18,30.501,7.0037,50.5850
2019/11/19,30.509,7.003,50.7800
2019/11/20,30.500,7.0118,50.9900
2019/11/21,30.524,7.0217,51.0200
2019/11/22,30.517,7.0306,50.7600
2019/11/25,30.507,7.0397,50.7450
2019/11/26,30.512,7.0344,50.6700
2019/11/27,30.515,7.0349,50.8750
2019/11/28,30.505,7.0271,50.8200
2019/11/29,30.513,7.0298,50.7200
2019/12/02,30.509,7.0262,50.7800
2019/12/03,30.507,7.0223,51.1100
2019/12/04,30.508,7.0382,51.0900
2019/12/05,30.500,7.0521,50.8800
2019/12/06,30.500,7.0383,50.7600
2019/12/09,30.502,7.0405,50.8400
2019/12/10,30.503,7.04,50.7500
2019/12/11,30.505,7.0385,50.7200
2019/12/12,30.406,7.0253,50.7500
2019/12/13,30.317,7.0156,50.5100
2019/12/16,30.263,6.9915,50.5900
2019/12/17,30.210,6.9971,50.6100
2019/12/18,30.233,6.9969,50.5600
2019/12/19,30.208,7.0025,50.6200
2019/12/20,30.210,7.002,50.6300
2019/12/23,30.215,7.0117,50.7600
2019/12/24,30.205,7.0119,50.8500
2019/12/25,30.203,7.0067,50.8200
2019/12/26,30.201,6.9801,50.7200
2019/12/27,30.203,6.9879,50.8750
2019/12/30,30.135,6.9805,50.7600
2019/12/31,30.106,6.9762,50.7100
2020/01/02,30.114,6.9614,50.6400
2020/01/03,30.105,6.9681,50.7250
2020/01/06,30.110,6.9718,51.1650
2020/01/07,30.082,6.969,50.9800
2020/01/08,30.087,6.945,51.0800
2020/01/09,30.008,6.9497,50.5400
2020/01/10,30.019,6.9351,50.6900
2020/01/13,29.952,6.9263,50.4400
2020/01/14,29.942,6.8954,50.4400
2020/01/15,29.950,6.8845,50.6800
2020/01/16,29.955,6.8807,50.6800
2020/01/17,29.960,6.8878,50.9600
2020/01/20,29.960,6.8664,50.9800
2020/01/21,29.998,6.8606,50.9800
2020/01/22,30.006,6.8853,50.9900
2020/01/23,,6.8876,
2020/01/30,30.277,,50.8500
2020/01/31,30.250,,50.8600
2020/02/03,30.332,6.9249,50.8800
2020/02/04,30.207,6.9779,50.7500
2020/02/05,30.152,6.9823,50.7600
2020/02/06,30.082,6.9985,50.8300
2020/02/07,30.126,6.9768,50.7900
2020/02/10,30.102,6.9863,50.7700
2020/02/11,30.068,6.9897,50.6800
2020/02/12,30.032,6.9718,50.5700
2020/02/13,30.037,6.9785,50.5350
2020/02/14,30.051,6.9843,50.4250
2020/02/15,30.051,,50.5400
2020/02/17,30.056,6.9795,50.5850
2020/02/18,30.125,6.9826,50.5850
2020/02/19,30.152,7.0012,50.6200
2020/02/20,30.254,7.0026,50.6220
2020/02/21,30.403,7.021,50.6850
2020/02/24,30.472,7.0246,51.0500
2020/02/25,30.402,7.0232,50.8600
2020/02/26,30.383,7.0126,51.0900
2020/02/27,30.330,7.0215,51.0000
2020/02/28,,7.0066,
2020/03/02,30.124,6.9811,51.0350
2020/03/03,30.087,6.9516,50.7200
2020/03/04,30.038,6.9514,50.6000
2020/03/05,29.960,6.9403,50.6200
2020/03/06,30.040,6.9337,50.7700
2020/03/09,30.130,6.926,50.5890
2020/03/10,30.036,6.9389,50.5200
2020/03/11,30.095,6.9612,50.5010
2020/03/12,30.150,6.9641,50.7770
2020/03/13,30.210,7.0033,51.1900
2020/03/16,30.220,7.0018,51.0500
2020/03/17,30.250,7.0094,51.5000
2020/03/18,30.276,7.0328,51.5000
2020/03/19,30.506,7.0522,51.1650
2020/03/20,30.302,7.1052,51.0300
2020/03/23,30.405,7.094,51.1350
2020/03/24,30.316,7.0999,51.0300
2020/03/25,30.325,7.0742,50.8400
2020/03/26,30.306,7.0692,51.0350
2020/03/27,30.236,7.0427,50.7000
2020/03/30,30.250,7.0447,51.0160
2020/03/31,30.254,7.0851,51.8100
2020/04/01,30.308,7.0771,50.7500
2020/04/02,,7.0995,
2020/04/03,,7.1104,
2020/04/06,30.231,,50.6600
2020/04/07,30.152,7.0939,50.6580
2020/04/08,30.160,7.0483,50.6200
2020/04/09,30.152,7.0536,50.5000
2020/04/10,30.103,7.0354,50.4800
2020/04/13,30.120,7.03,50.5900
2020/04/14,30.071,7.0406,50.5800
2020/04/15,30.031,7.0402,50.6000
2020/04/16,30.120,7.0714,50.6880
2020/04/17,30.102,7.0718,50.7300
2020/04/20,30.072,7.0657,50.9200
2020/04/21,30.102,7.0752,50.7760
2020/04/22,30.100,7.0903,50.8400
2020/04/23,30.072,7.0887,50.6500
2020/04/24,30.080,7.0803,50.7060
2020/04/27,30.025,7.0703,50.7450
2020/04/28,30.036,7.071,50.6800
2020/04/29,29.951,7.0704,50.6150
2020/04/30,29.802,7.0571,50.4300
2020/05/04,29.900,,50.5700
2020/05/05,29.880,,50.5700
2020/05/06,29.910,7.069,50.5650
2020/05/07,29.950,7.0931,50.5460
2020/05/08,29.902,7.0788,50.4950
2020/05/11,29.861,7.0769,50.3700
2020/05/12,29.920,7.0919,50.3500
2020/05/13,29.906,7.0875,50.2600
2020/05/14,29.948,7.0948,50.3000
2020/05/15,29.950,7.0936,50.5150
2020/05/18,29.980,7.103,50.7000
2020/05/19,29.950,7.0912,50.7950
2020/05/20,29.960,7.0956,50.6300
2020/05/21,29.950,7.0868,50.5500
2020/05/22,30.009,7.0939,50.6960
2020/05/25,30.076,7.1209,50.7500
2020/05/26,29.988,7.1293,50.6350
2020/05/27,30.030,7.1092,50.4710
2020/05/28,30.045,7.1277,50.7010
2020/05/29,30.032,7.1316,50.5850
2020/06/01,29.952,7.1315,50.4900
2020/06/02,29.988,7.1167,50.3000
2020/06/03,29.905,7.1074,50.1600
2020/06/04,29.926,7.1012,49.9500
2020/06/05,29.839,7.0965,50.0000
2020/06/08,29.811,7.0882,49.8700
2020/06/09,29.803,7.0711,49.9600
2020/06/10,29.716,7.0703,49.9910
2020/06/11,29.733,7.0608,49.8400
2020/06/12,29.762,7.0865,50.3000
2020/06/15,29.770,7.0902,50.2800
2020/06/16,29.704,7.0755,50.2250
2020/06/17,29.682,7.0873,50.1260
2020/06/18,29.655,7.0903,50.0100
2020/06/19,29.660,7.0913,50.1500
2020/06/20,29.660,,50.0500
2020/06/22,29.660,7.0865,50.0470
2020/06/23,29.635,7.0671,50.2260
2020/06/24,29.640,7.0555,50.0940
2020/06/29,29.625,7.0808,49.8400
2020/06/30,29.660,7.0795,49.7700
2020/07/01,29.612,7.071,49.7620
2020/07/02,29.586,7.0566,49.7550
2020/07/03,29.609,7.0638,49.6500
2020/07/06,29.551,7.0663,49.5240
2020/07/07,29.580,7.031,49.3400
2020/07/08,29.606,7.0207,49.5590
2020/07/09,29.581,7.0085,49.4800
2020/07/10,29.613,6.9943,49.4930
2020/07/13,29.584,6.9965,49.4000
2020/07/14,29.595,6.9996,49.5100
2020/07/15,29.582,6.9982,49.4310
2020/07/16,29.596,6.9913,49.4800
2020/07/17,29.593,7.0043,49.5280
2020/07/20,29.565,6.9928,49.4000
2020/07/21,29.553,6.9862,49.2730
2020/07/22,29.527,6.9718,49.3100
2020/07/23,29.536,6.9921,49.4180
2020/07/24,29.556,6.9938,49.3600
2020/07/27,29.507,7.0029,49.2790
2020/07/28,29.502,6.9895,49.1400
2020/07/29,29.501,6.9969,49.2200
2020/07/30,29.521,6.9902,49.0870
2020/07/31,29.502,6.9848,49.1400
2020/08/03,29.531,6.998,49.1040
2020/08/04,29.539,6.9803,49.1150
2020/08/05,29.506,6.9752,49.0820
2020/08/06,29.503,6.9438,49.0400
2020/08/07,29.514,6.9408,49.0800
2020/08/10,29.520,6.9649,49.0270
2020/08/11,29.531,6.9711,48.9650
2020/08/12,29.540,6.9597,48.9230
2020/08/13,29.536,6.9429,48.8840
2020/08/14,29.542,6.9405,48.8320
2020/08/17,29.526,6.9362,48.6910
2020/08/18,29.518,6.9325,48.5900
2020/08/19,29.508,6.9168,48.5300
2020/08/20,29.522,6.9274,48.6400
2020/08/21,29.512,6.9107,48.6000
2020/08/24,29.517,6.9194,48.6500
2020/08/25,29.507,6.9183,48.4900
2020/08/26,29.515,6.9079,48.5330
2020/08/27,29.510,6.8903,48.5600
2020/08/28,29.521,6.8891,48.5340
2020/08/31,29.526,6.8605,48.3900
2020/09/01,29.521,6.8498,48.4650
2020/09/02,29.526,6.8376,48.5900
2020/09/03,29.531,6.8319,48.5600
2020/09/04,29.537,6.8359,48.5820
2020/09/07,29.524,6.8386,48.5640
2020/09/08,29.505,6.8364,48.6520
2020/09/09,29.530,6.8423,48.5800
2020/09/10,29.519,6.8331,48.5700
2020/09/11,29.506,6.8389,48.5440
2020/09/14,29.486,6.8361,48.5100
2020/09/15,29.380,6.8222,48.4110
2020/09/16,29.308,6.7825,48.4200
2020/09/17,29.310,6.7675,48.4020
2020/09/18,29.152,6.7591,48.4180
2020/09/21,29.158,6.7595,48.3600
2020/09/22,29.202,6.7872,48.4480
2020/09/23,29.216,6.7986,48.5120
2020/09/24,29.318,6.8028,48.5240
2020/09/25,29.275,6.8121,48.4200
2020/09/26,29.276,,48.4700
2020/09/28,29.220,6.8252,48.4090
2020/09/29,29.151,6.8171,48.4490
2020/09/30,29.126,6.8101,48.3800
2020/10/05,29.020,,48.4410
2020/10/06,28.960,,48.3400
2020/10/07,28.965,,48.4400
2020/10/08,28.966,,48.3800
2020/10/09,,6.7796,
2020/10/12,28.909,6.7126,48.3430
2020/10/13,28.920,6.7296,48.5530
2020/10/14,28.952,6.7473,48.6400
2020/10/15,28.960,6.7374,48.5550
2020/10/16,28.979,6.7332,48.6250
2020/10/19,28.950,6.701,48.5650
2020/10/20,28.932,6.693,48.5240
2020/10/21,28.892,6.6781,48.5450
2020/10/22,28.903,6.6556,48.5450
2020/10/23,28.917,6.6703,48.5870
2020/10/26,28.902,6.6725,48.3900
2020/10/27,28.872,6.6989,48.4070
2020/10/28,28.906,6.7195,48.3200
2020/10/29,28.914,6.726,48.3850
2020/10/30,28.925,6.7232,48.3600
2020/11/02,28.909,6.705,48.4450
2020/11/03,28.920,6.6957,48.3550
2020/11/04,29.006,6.6771,48.3750
2020/11/05,28.874,6.6895,48.3350
2020/11/06,28.876,6.629,48.2630
2020/11/09,28.825,6.6123,48.1310
2020/11/10,28.856,6.5897,48.2340
2020/11/11,28.830,6.607,48.3330
2020/11/12,28.860,6.6236,48.4550
2020/11/13,28.847,6.6285,48.4150
2020/11/16,28.810,6.6048,48.1350
2020/11/17,28.815,6.5762,48.2150
2020/11/18,28.758,6.5593,48.2500
2020/11/19,28.818,6.5484,48.2080
2020/11/20,28.820,6.5786,48.2450
2020/11/23,28.803,6.5719,48.1600
2020/11/24,28.831,6.5809,48.1880
2020/11/25,28.816,6.5749,48.1000
2020/11/26,28.811,6.578,48.0650
2020/11/27,28.811,6.5755,48.1000
2020/11/30,28.824,6.5782,48.1050
2020/12/01,28.837,6.5921,48.1300
2020/12/02,28.766,6.5611,48.0150
2020/12/03,28.668,6.5592,48.0300
2020/12/04,28.521,6.5507,48.0350
2020/12/07,28.534,6.5362,48.0600
2020/12/08,28.516,6.532,48.1150
2020/12/09,28.510,6.5311,48.1000
2020/12/10,28.506,6.5476,48.0700
2020/12/11,28.440,6.5405,48.0500
2020/12/14,28.450,6.5361,48.0500
2020/12/15,28.460,6.5434,48.0300
2020/12/16,28.476,6.5355,48.0550
2020/12/17,28.481,6.5362,48.0200
2020/12/18,28.489,6.5315,48.0380
2020/12/21,28.517,6.5507,48.0700
2020/12/22,28.545,6.5387,48.0750
2020/12/23,28.555,6.5558,48.0500
2020/12/24,28.533,6.5361,48.0400
2020/12/25,28.541,6.5333,48.0400
2020/12/28,28.525,6.5236,48.0300
2020/12/29,28.515,6.5451,48.0250
2020/12/30,28.507,6.5325,48.0200
2020/12/31,28.508,6.5249,48.0100
2021/01/04,28.424,6.5408,48.0250
2021/01/05,28.402,6.476,48.0070
2021/01/06,28.407,6.4604,48.0430
2021/01/07,28.429,6.4608,48.0330
2021/01/08,28.457,6.4708,48.0900
2021/01/11,28.485,6.4764,48.0950
2021/01/12,28.481,6.4823,48.0800
2021/01/13,28.445,6.4605,48.0100
2021/01/14,28.467,6.4746,48.0600
2021/01/15,28.480,6.4633,48.0500
2021/01/18,28.490,6.4845,48.0600
2021/01/19,28.471,6.4883,48.0400
2021/01/20,28.415,6.4836,48.0800
2021/01/21,28.373,6.4696,48.0200
2021/01/22,28.381,6.4617,48.0580
2021/01/25,28.391,6.4819,48.0760
2021/01/26,28.410,6.4847,48.0650
2021/01/27,28.380,6.4665,48.0450
2021/01/28,28.422,6.4845,48.0900
2021/01/29,28.412,6.4709,48.0750
2021/02/01,28.385,6.4623,48.0450
2021/02/02,28.387,6.4736,48.0500
2021/02/03,28.377,6.4669,48.0050
2021/02/04,28.382,6.4605,48.0200
2021/02/05,28.390,6.471,48.0900
2021/02/08,28.390,6.4678,48.0500
2021/02/09,28.390,6.4533,48.0400
2021/02/10,,6.4391,
2021/02/17,28.380,,48.3700
2021/02/18,28.330,6.4536,48.3400
2021/02/19,28.338,6.4624,48.3850
2021/02/20,28.338,,48.4800
2021/02/22,28.336,6.4563,48.4300
2021/02/23,28.302,6.4516,48.6700
2021/02/24,28.306,6.4615,48.5750
2021/02/25,28.256,6.4522,48.5900
2021/02/26,28.306,6.4713,48.6600
2021/03/01,,6.4754,
2021/03/02,28.319,6.4625,48.6050
2021/03/03,28.258,6.4565,48.4800
2021/03/04,28.266,6.4758,48.5000
2021/03/05,28.276,6.4904,48.6400
2021/03/08,28.303,6.4795,48.5600
2021/03/09,28.390,6.5338,48.5950
2021/03/10,28.326,6.5106,48.4900
2021/03/11,28.241,6.497,48.5090
2021/03/12,28.187,6.4845,48.4100
2021/03/15,28.243,6.501,48.4200
2021/03/16,28.263,6.5029,48.5100
2021/03/17,28.302,6.4978,48.6200
2021/03/18,28.306,6.4859,48.6350
2021/03/19,28.463,6.5098,48.6800
2021/03/22,28.492,6.5191,48.5700
2021/03/23,28.482,6.5036,48.5500
2021/03/24,28.538,6.5228,48.6600
2021/03/25,28.610,6.5282,48.6350
2021/03/26,28.602,6.5376,48.5500
2021/03/29,28.552,6.5416,48.4900
2021/03/30,28.519,6.5641,48.4200
2021/03/31,28.531,6.5713,48.5050
2021/04/01,28.533,6.5584,48.5000
2021/04/02,,6.5649,
2021/04/06,28.486,6.5527,48.5600
2021/04/07,28.427,6.5384,48.5200
2021/04/08,28.430,6.5463,48.6100
2021/04/09,28.436,6.5409,48.5300
2021/04/12,28.459,6.5578,48.5600
2021/04/13,28.465,6.5454,48.5540
2021/04/14,28.435,6.5362,48.5120
2021/04/15,28.382,6.5297,48.4650
2021/04/16,28.341,6.5288,48.3900
2021/04/19,28.205,6.5233,48.4100
2021/04/20,28.138,6.5103,48.4100
2021/04/21,28.151,6.5046,48.3500
2021/04/22,28.141,6.4902,48.4070
2021/04/23,28.111,6.4934,48.3700
2021/04/26,27.959,6.4913,48.3000
2021/04/27,27.905,6.4924,48.3800
2021/04/28,27.938,6.4853,48.4280
2021/04/29,27.950,6.4715,48.4130
2021/04/30,,6.4672,
2021/05/03,27.979,,48.1100
2021/05/04,27.952,,48.0300
2021/05/05,27.960,,47.9600
2021/05/06,27.990,6.4895,48.0000
2021/05/07,27.908,6.4678,47.8600
2021/05/10,27.816,6.4425,47.8060
2021/05/11,27.952,6.4254,47.8800
2021/05/12,27.955,6.4258,47.8130
2021/05/13,27.996,6.4612,47.9300
2021/05/14,28.012,6.4525,47.8350
2021/05/17,28.042,6.4307,47.7830
2021/05/18,27.952,6.4357,47.8700
2021/05/19,27.982,6.4255,47.8030
2021/05/20,28.012,6.4464,47.8000
2021/05/21,27.940,6.43,47.8600
2021/05/24,27.950,6.4408,47.9200
2021/05/25,27.876,6.4283,48.0200
2021/05/26,27.821,6.4099,48.1400
2021/05/27,27.822,6.403,48.1600
2021/05/28,27.767,6.3858,47.9400
2021/05/31,27.657,6.3682,47.7200
2021/06/01,27.637,6.3572,47.6350
2021/06/02,27.720,6.3773,47.7700
2021/06/03,27.704,6.3811,47.7750
2021/06/04,27.721,6.4072,47.8150
2021/06/07,27.712,6.3963,47.6850
2021/06/08,27.703,6.3909,47.6600
2021/06/09,27.767,6.3956,47.7300
2021/06/10,27.704,6.3972,47.6400
2021/06/11,27.631,6.3856,47.6900
2021/06/15,27.652,6.407,47.9100
2021/06/16,27.691,6.4078,48.1200
2021/06/17,27.765,6.4298,48.2950
2021/06/18,27.810,6.4361,48.3700
2021/06/21,27.952,6.4546,48.5350
2021/06/22,27.962,6.4613,48.6700
2021/06/23,28.006,6.4621,48.7150
2021/06/24,28.002,6.4824,48.8650
2021/06/25,27.907,6.4744,48.6100
2021/06/28,27.910,6.4578,48.6100
2021/06/29,27.908,6.4567,48.5180
2021/06/30,27.870,6.4601,48.6500
2021/07/01,27.904,6.4709,48.8950
2021/07/02,27.990,6.4712,49.1500
2021/07/05,27.915,6.4695,49.1500
2021/07/06,27.916,6.4613,49.3410
2021/07/07,27.993,6.4762,49.7700
2021/07/08,28.034,6.4705,49.8400
2021/07/09,28.086,6.4755,50.1100
2021/07/12,28.015,6.4785,50.0700
2021/07/13,27.997,6.4757,50.2200
2021/07/14,28.007,6.4806,50.0900
2021/07/15,27.892,6.464,50.3210
2021/07/16,28.005,6.4705,50.1500
2021/07/19,28.052,6.47,50.4000
2021/07/20,28.060,6.4855,50.6500
2021/07/21,28.073,6.4835,50.2100
2021/07/22,28.018,6.4651,50.2700
2021/07/23,28.028,6.465,50.1400
2021/07/26,28.072,6.4763,50.3350
2021/07/27,28.055,6.4734,50.2900
2021/07/28,28.005,6.4929,50.3600
2021/07/29,27.945,6.4942,50.3400
2021/07/30,27.966,6.4602,50.3300
2021/08/02,27.932,6.466,49.9600
2021/08/03,27.930,6.461,49.9340
2021/08/04,27.833,6.4655,49.7600
2021/08/05,27.781,6.4691,49.7500
2021/08/06,27.813,6.4625,50.3800
2021/08/09,27.826,6.484,50.5700
2021/08/10,27.831,6.4842,50.3800
2021/08/11,27.847,6.4831,50.3900
2021/08/12,27.819,6.4754,50.3600
2021/08/13,27.860,6.4799,50.3700
2021/08/16,27.848,6.4717,50.4800
2021/08/17,27.869,6.4765,50.6900
2021/08/18,27.843,6.4915,50.3300
2021/08/19,27.969,6.4853,50.4100
2021/08/20,28.008,6.4984,50.5000
2021/08/23,27.985,6.4969,50.2040
2021/08/24,27.942,6.4805,50.1600
2021/08/25,27.927,6.4728,50.1000
2021/08/26,27.937,6.473,49.7800
2021/08/27,27.928,6.4863,50.1100
2021/08/30,27.813,6.4677,49.8500
2021/08/31,27.772,6.4679,49.7700
2021/09/01,27.742,6.468,49.7700
2021/09/02,27.732,6.4594,50.0200
2021/09/03,27.703,6.4577,49.5500
2021/09/06,27.663,6.4529,49.9800
2021/09/07,27.673,6.4533,49.9000
2021/09/08,27.746,6.4674,50.1250
2021/09/09,27.752,6.4615,50.1400
2021/09/10,27.690,6.4566,49.9600
2021/09/11,27.710,,49.9270
2021/09/13,27.720,6.4497,50.0200
2021/09/14,27.713,6.45,49.8900
2021/09/15,27.708,6.4492,49.8900
2021/09/16,27.715,6.433,49.7140
2021/09/17,27.736,6.4527,49.9900
2021/09/22,27.782,6.4693,50.0800
2021/09/23,27.773,6.4749,50.4100
2021/09/24,27.731,6.4599,50.3000
2021/09/27,27.722,6.4695,50.7950
2021/09/28,27.785,6.4608,50.9100
2021/09/29,27.820,6.4662,50.9600
2021/09/30,27.866,6.4854,50.8050
2021/10/01,27.882,,50.9300
2021/10/04,27.866,,50.6700
2021/10/05,27.907,,50.7600
2021/10/06,27.970,,50.6700
2021/10/07,27.952,,50.8300
2021/10/08,28.046,6.4604,50.5000
2021/10/11,,6.4479,
2021/10/12,28.152,6.4447,50.8500
2021/10/13,28.145,6.4612,50.7550
2021/10/14,28.103,6.4414,50.5800
2021/10/15,28.027,6.4386,50.6100
2021/10/18,28.015,6.43,50.7200
2021/10/19,27.935,6.4307,50.7700
2021/10/20,27.911,6.4069,50.7500
2021/10/21,27.912,6.389,50.7900
2021/10/22,27.902,6.4032,50.8000
2021/10/25,27.876,6.3924,50.7500
2021/10/26,27.842,6.389,50.4360
2021/10/27,27.827,6.3856,50.7500
2021/10/28,27.834,6.3957,50.7500
2021/10/29,27.820,6.3907,50.6670
2021/11/01,27.850,6.4192,50.4700
2021/11/02,27.850,6.4009,50.3760
2021/11/03,27.853,6.4079,50.5510
2021/11/04,27.866,6.3943,50.5670
2021/11/05,27.882,6.398,50.6100
2021/11/08,27.842,6.3959,50.2700
2021/11/09,27.772,6.3903,50.1500
2021/11/10,27.785,6.3948,50.1200
2021/11/11,27.840,6.4145,50.1600
2021/11/12,27.836,6.4065,50.0250
2021/11/15,27.782,6.3896,49.8000
2021/11/16,27.790,6.3924,50.2700
2021/11/17,27.815,6.3935,50.3800
2021/11/18,27.803,6.3803,50.3200
2021/11/19,27.795,6.3825,50.2300
2021/11/22,27.783,6.3952,50.6900
2021/11/23,27.809,6.3929,50.6700
2021/11/24,27.793,6.3903,50.5400
2021/11/25,27.801,6.398,50.4910
2021/11/26,27.836,6.3936,50.4600
2021/11/29,27.807,6.3872,50.3300
2021/11/30,27.810,6.3794,50.3650
2021/12/01,27.760,6.3693,50.3750
2021/12/02,27.766,6.3719,50.3600
2021/12/03,27.723,6.3738,50.4350
2021/12/06,27.741,6.3702,50.3500
2021/12/07,27.771,6.3738,50.2800
2021/12/08,27.742,6.3677,50.2500
2021/12/09,27.710,6.3498,50.2000
2021/12/10,27.737,6.3702,50.3300
2021/12/13,27.796,6.3669,50.3300
2021/12/14,27.816,6.3675,50.3450
2021/12/15,27.804,6.3716,50.3300
2021/12/16,27.817,6.3637,50.1500
2021/12/17,27.780,6.3651,49.9400
2021/12/20,27.840,6.3933,49.9800
2021/12/21,27.825,6.3729,49.9000
2021/12/22,27.820,6.3703,49.9200
2021/12/23,27.788,6.3651,50.0800
2021/12/24,27.738,6.3692,49.9750
2021/12/27,27.715,6.3686,50.0800
2021/12/28,27.685,6.3728,50.1600
2021/12/29,27.688,6.3735,50.6200
2021/12/30,27.690,6.3674,51.0300
2021/12/31,,6.3757,
2022/01/03,27.632,,51.1200
2022/01/04,27.642,6.3794,51.1800
2022/01/05,27.621,6.3779,51.2000
2022/01/06,27.651,6.3728,51.0100
2022/01/07,27.690,6.3742,51.2350
2022/01/10,27.668,6.3653,51.3200
2022/01/11,27.684,6.3684,51.1900
2022/01/12,27.668,6.3658,51.0500
2022/01/13,27.648,6.3542,51.0900
2022/01/14,27.624,6.3677,51.0500
2022/01/17,27.607,6.3599,51.3000
2022/01/18,27.624,6.3521,51.2000
2022/01/19,27.651,6.3624,51.4400
2022/01/20,27.636,6.3485,51.3850
2022/01/21,27.702,6.3492,51.4100
2022/01/22,27.700,,51.2500
2022/01/24,27.696,6.3411,51.2900
2022/01/25,27.717,6.3418,51.3600
2022/01/26,27.745,6.3246,51.2200
2022/01/27,27.806,6.3382,51.3800
2022/01/28,27.828,6.3746,51.2500
2022/02/07,27.841,6.358,51.2400
2022/02/08,27.838,6.3569,51.3900
2022/02/09,27.822,6.3653,51.3700
2022/02/10,27.825,6.3599,51.2600
2022/02/11,27.846,6.3681,51.3200
2022/02/14,27.873,6.3664,51.3800
2022/02/15,27.892,6.3605,51.3900
2022/02/16,27.892,6.3463,51.3100
2022/02/17,27.872,6.3321,51.2700
2022/02/18,27.870,6.3343,51.3200
2022/02/21,27.830,6.3401,51.3800
2022/02/22,27.880,6.3487,51.4200
2022/02/23,27.884,6.3313,51.3500
2022/02/24,28.023,6.328,51.2000
2022/02/25,28.021,6.3346,51.3500
2022/02/28,,6.3222,
2022/03/01,28.020,6.3014,51.2300
2022/03/02,28.070,6.3351,51.3600
2022/03/03,28.061,6.3016,51.4300
2022/03/04,28.115,6.3288,51.6950
2022/03/07,28.250,6.3478,51.9700
2022/03/08,28.362,6.3185,52.1300
2022/03/09,28.435,6.3178,52.1600
2022/03/10,28.345,6.3105,52.1200
2022/03/11,28.403,6.3306,52.2650
2022/03/14,28.530,6.3506,52.3850
2022/03/15,28.612,6.376,52.4300
2022/03/16,28.625,6.38,52.3300
2022/03/17,28.456,6.3406,52.1550
2022/03/18,28.360,6.3425,52.2900
2022/03/21,28.487,6.3677,52.2900
2022/03/22,28.543,6.3664,52.4100
2022/03/23,28.551,6.3558,52.3650
2022/03/24,28.602,6.364,52.4200
2022/03/25,28.613,6.3739,52.2200
2022/03/28,28.755,6.3732,52.2100
2022/03/29,28.765,6.364,52.0800
2022/03/30,28.580,6.3566,51.9400
2022/03/31,28.622,6.3482,51.9450
2022/04/01,28.705,6.3509,51.7600
2022/04/06,28.770,6.3799,51.3650
2022/04/07,28.828,6.3659,51.3900
2022/04/08,28.906,6.3653,51.4850
2022/04/11,29.050,6.3645,51.7700
2022/04/12,29.145,6.3795,52.2300
2022/04/13,29.086,6.3752,51.9700
2022/04/14,29.004,6.354,52.1400
2022/04/15,29.118,6.3896,52.1800
2022/04/18,29.186,6.3763,52.2200
2022/04/19,29.230,6.372,52.3100
2022/04/20,29.249,6.3996,52.4600
2022/04/21,29.209,6.4098,52.3900
2022/04/22,29.260,6.4596,52.3650
2022/04/25,29.370,6.4909,52.3700
2022/04/26,29.310,6.559,52.3100
2022/04/27,29.396,6.5598,52.3200
2022/04/28,29.525,6.5628,52.0200
2022/04/29,29.480,6.6177,52.3700
2022/05/03,29.530,,52.5200
2022/05/04,29.525,,52.4000
2022/05/05,29.509,6.5672,52.2600
2022/05/06,29.660,6.6332,52.4600
2022/05/09,29.733,6.6899,52.4950
2022/05/10,29.712,6.7134,52.4100
2022/05/11,29.705,6.729,52.3000
2022/05/12,29.823,6.7292,52.3200
2022/05/13,29.807,6.7898,52.4000
2022/05/16,29.814,6.7871,52.4000
2022/05/17,29.732,6.7854,52.4500
2022/05/18,29.710,6.7421,52.3900
2022/05/19,29.769,6.7524,52.3950
2022/05/20,29.655,6.7487,52.2500
2022/05/23,29.620,6.6756,52.1700
2022/05/24,29.622,6.6566,52.3500
2022/05/25,29.556,6.655,52.3200
2022/05/26,29.505,6.6766,52.3300
2022/05/27,29.350,6.7387,52.3400
2022/05/30,29.144,6.7048,52.2000
2022/05/31,29.065,6.6607,52.4050
2022/06/01,29.270,6.6651,52.4400
2022/06/02,29.388,6.7095,52.4700
2022/06/06,29.415,6.6691,52.9000
2022/06/07,29.514,6.6649,52.9100
2022/06/08,29.520,6.6634,52.8900
2022/06/09,29.526,6.6811,52.9550
2022/06/10,29.584,6.6994,52.9400
2022/06/13,29.742,6.7182,53.2400
2022/06/14,29.708,6.7482,53.2750
2022/06/15,29.740,6.7518,53.3400
2022/06/16,29.735,6.7099,53.3000
2022/06/17,29.720,6.6923,53.4400
2022/06/20,29.740,6.712,53.9400
2022/06/21,29.715,6.6851,54.0600
2022/06/22,29.790,6.7109,54.5400
2022/06/23,29.782,6.7079,54.3500
2022/06/24,29.732,6.7,54.7900
2022/06/27,29.612,6.685,54.8600
2022/06/28,29.640,6.693,54.6000
2022/06/29,29.682,6.7035,55.0800
2022/06/30,29.726,6.7114,55.0850
2022/07/01,29.755,6.6863,54.9300
2022/07/04,29.745,6.7071,55.1300
2022/07/05,29.765,6.6986,54.9800
2022/07/06,29.810,6.7246,55.5500
2022/07/07,29.790,6.7143,55.8300
2022/07/08,29.782,6.7098,55.8500
2022/07/11,29.818,6.696,55.9000
2022/07/12,29.895,6.7287,56.2800
2022/07/13,29.855,6.7282,56.3600
2022/07/14,29.889,6.7265,56.3700
2022/07/15,29.946,6.7503,56.3100
2022/07/18,29.914,6.7447,56.3050
2022/07/19,29.902,6.7451,56.3300
2022/07/20,29.896,6.7465,56.2500
2022/07/21,29.890,6.762,56.3200
2022/07/22,29.916,6.7522,56.3500
2022/07/25,29.908,6.7543,56.1900
2022/07/26,29.914,6.7483,55.7100
2022/07/27,29.933,6.7731,55.5000
2022/07/28,29.928,6.7411,55.6100
2022/07/29,29.938,6.7437,55.3000
2022/08/01,29.980,6.7467,55.3900
2022/08/02,29.996,6.7462,55.3500
2022/08/03,29.990,6.7813,55.6500
2022/08/04,29.994,6.7636,55.7500
2022/08/05,29.950,6.7405,55.2900
2022/08/08,29.996,6.7695,55.5100
2022/08/09,29.990,6.7584,55.5000
2022/08/10,29.997,6.7612,55.7300
2022/08/11,29.942,6.7324,55.4900
2022/08/12,29.970,6.7413,55.4450
2022/08/15,29.990,6.741,55.8500
2022/08/16,29.994,6.773,56.0100
2022/08/17,29.981,6.7863,55.8050
2022/08/18,29.991,6.7802,55.7850
2022/08/19,30.020,6.8065,56.0200
2022/08/22,30.095,6.8198,56.0600
2022/08/23,30.204,6.8523,56.2200
2022/08/24,30.271,6.8388,56.0500
2022/08/25,30.194,6.8536,55.9400
2022/08/26,30.218,6.8486,55.9900
2022/08/29,30.396,6.8698,56.0500
2022/08/30,30.468,6.8802,56.1700
2022/08/31,30.435,6.8906,56.1900
2022/09/01,30.531,6.8821,56.3200
2022/09/02,30.588,6.8917,56.8200
2022/09/05,30.710,6.8998,56.9000
2022/09/06,30.746,6.9096,56.9200
2022/09/07,30.928,6.916,57.2200
2022/09/08,30.895,6.9148,57.0700
2022/09/09,,6.9098,
2022/09/12,30.870,,56.8400
2022/09/13,30.890,6.8928,56.9100
2022/09/14,31.088,6.9116,57.2100
2022/09/15,31.130,6.9101,57.1000
2022/09/16,31.293,6.9305,57.3400
2022/09/19,31.350,6.9396,57.3400
2022/09/20,31.345,6.9468,57.3700
2022/09/21,31.440,6.9536,57.7800
2022/09/22,31.616,6.9798,58.2800
2022/09/23,31.665,6.992,58.3200
2022/09/26,31.818,7.0298,58.8000
2022/09/27,31.780,7.0722,58.8900
2022/09/28,31.871,7.1107,58.9900
2022/09/29,31.847,7.1102,58.8300
2022/09/30,31.743,7.0998,58.5600
2022/10/03,31.868,,58.7500
2022/10/04,31.748,,58.9200
2022/10/05,31.568,,58.6100
2022/10/06,31.530,,58.5800
2022/10/07,31.668,,58.8650
2022/10/10,,7.0992,
2022/10/11,31.867,7.1075,58.9800
2022/10/12,31.839,7.1103,58.9500
2022/10/13,31.889,7.1101,58.9200
2022/10/14,31.884,7.1088,58.9500
2022/10/17,31.997,7.1095,58.9800
2022/10/18,31.994,7.1086,58.9600
2022/10/19,32.022,7.1105,58.8400
2022/10/20,32.107,7.1188,58.9990
2022/10/21,32.188,7.1186,58.9400
2022/10/24,32.226,7.123,58.8200
2022/10/25,32.319,7.1668,58.8300
2022/10/26,32.215,7.1638,58.6700
2022/10/27,32.108,7.157,58.3000
2022/10/28,32.148,7.1698,58.2000
2022/10/31,32.210,7.1768,57.9800
2022/11/01,32.179,7.2081,58.1800
2022/11/02,32.170,7.2197,58.1300
2022/11/03,32.245,7.2472,58.4800
2022/11/04,32.185,7.2555,58.8700
2022/11/07,32.082,7.2292,58.5550
2022/11/08,32.062,7.215,58.3600
2022/11/09,31.903,7.2189,58.1700
2022/11/10,31.905,7.2422,58.0000
2022/11/11,31.410,7.1907,57.2500
2022/11/14,31.116,7.0899,57.3200
2022/11/15,31.105,7.0421,57.3600
2022/11/16,31.115,7.0363,57.4100
2022/11/17,31.158,7.0655,57.4500
2022/11/18,31.170,7.1091,57.4100
2022/11/21,31.210,7.1256,57.3500
2022/11/22,31.213,7.1667,57.3800
2022/11/23,31.218,7.1281,57.2100
2022/11/24,31.027,7.1201,56.8000
2022/11/25,30.905,7.1339,56.7600
2022/11/28,31.012,7.1617,56.8700
2022/11/29,30.952,7.1989,56.6850
2022/11/30,30.902,7.1769,56.5600
2022/12/01,30.633,7.1225,56.3400
2022/12/02,30.605,7.0542,56.2300
2022/12/05,30.455,7.0384,55.7400
2022/12/06,30.638,6.9746,55.9800
2022/12/07,30.662,6.9975,55.7500
2022/12/08,30.685,6.9606,55.4000
2022/12/09,30.622,6.9588,55.2200
2022/12/12,30.714,6.9565,55.4500
2022/12/13,30.724,6.9746,55.7250
2022/12/14,30.582,6.9535,55.6800
2022/12/15,30.625,6.9343,55.7000
2022/12/16,30.710,6.9791,55.8100
2022/12/19,30.740,6.9746,55.4100
2022/12/20,30.720,6.9861,55.3900
2022/12/21,30.709,6.965,55.1000
2022/12/22,30.680,6.9713,55.1100
2022/12/23,30.712,6.981,55.2900
2022/12/26,30.708,6.9825,55.1800
2022/12/27,30.691,6.9546,55.1800
2022/12/28,30.715,6.9681,55.9100
2022/12/29,30.732,6.9793,55.6700
2022/12/30,30.708,6.9646,55.7200
2023/01/03,30.698,6.9475,55.6700
2023/01/04,30.714,6.9131,56.0000
2023/01/05,30.710,6.8926,55.9000
2023/01/06,30.712,6.8912,55.8400
2023/01/07,30.695,,55.5120
2023/01/09,30.520,6.8265,55.2500
2023/01/10,30.463,6.7611,54.8500
2023/01/11,30.435,6.7756,54.9500
2023/01/12,30.458,6.768,55.1000
2023/01/13,30.387,6.7292,54.9000
2023/01/16,30.268,6.7135,54.7200
2023/01/17,30.315,6.7222,54.7700
2023/01/18,30.333,6.7602,54.9000
2023/01/19,30.368,6.7674,54.6600
2023/01/20,,6.7702,
2023/01/30,30.137,6.7626,54.5700
2023/01/31,30.052,6.7604,54.5500
2023/02/01,29.965,6.7492,54.5500
2023/02/02,29.700,6.713,54.0700
2023/02/03,29.720,6.7382,53.8700
2023/02/04,29.900,,53.6500
2023/02/06,29.984,6.7737,54.2500
2023/02/07,30.043,6.7967,54.6900
2023/02/08,30.060,6.7752,54.9300
2023/02/09,30.068,6.7905,54.8700
2023/02/10,30.136,6.7884,54.5700
2023/02/13,30.238,6.8151,54.6550
2023/02/14,30.215,6.8136,54.7000
2023/02/15,30.308,6.8183,54.9700
2023/02/16,30.280,6.8519,55.3350
2023/02/17,30.404,6.8659,55.2100
2023/02/18,30.410,,55.5000
2023/02/20,30.371,6.8643,55.1900
2023/02/21,30.415,6.8557,55.0400
2023/02/22,30.504,6.8759,55.0600
2023/02/23,30.405,6.9028,55.0700
2023/02/24,30.480,6.8942,54.8800
2023/02/27,,6.9572,
2023/02/28,,6.9519,
2023/03/01,30.588,6.94,55.2000
2023/03/02,30.630,6.8808,54.8700
2023/03/03,30.627,6.9117,54.8300
2023/03/06,30.576,6.8951,54.8300
2023/03/07,30.594,6.9156,55.0900
2023/03/08,30.790,6.9525,55.3900
2023/03/09,30.810,6.9666,55.2200
2023/03/10,30.848,6.9655,55.2300
2023/03/13,30.651,6.9375,55.0400
2023/03/14,30.620,6.8949,55.0400
2023/03/15,30.592,6.868,54.8600
2023/03/16,30.631,6.9149,55.0400
2023/03/17,30.554,6.9052,54.6500
2023/03/20,30.593,6.8694,54.6100
2023/03/21,30.563,6.8763,54.6100
2023/03/22,30.526,6.8715,54.4300
2023/03/23,30.372,6.8709,54.5300
2023/03/24,30.353,6.8374,54.3100
2023/03/25,30.388,,54.2780
2023/03/27,30.372,6.8714,54.4400
2023/03/28,30.385,6.8749,54.3200
2023/03/29,30.455,6.8771,54.3850
2023/03/30,30.461,6.8886,54.4100
2023/03/31,30.454,6.8717,54.2900
2023/04/03,,6.8805,
2023/04/04,,6.8699,
2023/04/06,30.528,6.8747,54.4800
2023/04/07,30.446,6.8838,54.4800
2023/04/10,30.452,6.8764,54.5100
2023/04/11,30.475,6.8882,54.6600
2023/04/12,30.505,6.8854,55.0500
2023/04/13,30.496,6.8658,55.1850
2023/04/14,30.465,6.8606,55.2000
2023/04/17,30.494,6.8679,55.4900
2023/04/18,30.527,6.8814,56.0800
2023/04/19,30.562,6.8731,55.9600
2023/04/20,30.612,6.8987,56.3500
2023/04/21,30.622,6.8752,55.9200
2023/04/24,30.645,6.8835,55.8800
2023/04/25,30.680,6.8847,55.5800
2023/04/26,30.725,6.9237,55.6600
2023/04/27,30.710,6.9207,55.7500
2023/04/28,30.740,6.924,55.5200
2023/05/02,30.782,,55.4000
2023/05/03,30.746,,55.3400
2023/05/04,30.666,6.9054,55.1300
2023/05/05,30.641,6.9114,55.3200
2023/05/08,30.673,6.9158,55.3350
2023/05/09,30.702,6.9255,55.4200
2023/05/10,30.729,6.9299,55.7100
2023/05/11,30.738,6.9101,55.5600
2023/05/12,30.758,6.9481,55.9600
2023/05/15,30.813,6.9654,55.9600
2023/05/16,30.805,6.9506,56.0500
2023/05/17,30.817,6.9748,56.1500
2023/05/18,30.766,6.9967,55.9300
2023/05/19,30.682,7.0356,55.7000
2023/05/22,30.677,7.0157,55.7900
2023/05/23,30.748,7.0326,55.6700
2023/05/24,30.794,7.056,55.7700
2023/05/25,30.790,7.0529,55.7500
2023/05/26,30.748,7.076,56.1100
2023/05/29,30.652,7.0575,55.9000
2023/05/30,30.660,7.0818,56.1400
2023/05/31,30.766,7.0821,56.2500
2023/06/01,30.740,7.0965,56.2200
2023/06/02,30.655,7.0939,56.0000
2023/06/05,30.695,7.0904,56.1300
2023/06/06,30.728,7.1075,56.1950
2023/06/07,30.712,7.1196,56.0150
2023/06/08,30.760,7.128,56.1500
2023/06/09,30.725,7.1115,55.9400
2023/06/12,30.754,7.1212,56.0300
2023/06/13,30.716,7.1498,56.1000
2023/06/14,30.720,7.1566,55.9800
2023/06/15,30.724,7.1489,56.0700
2023/06/16,30.708,7.1289,55.7800
2023/06/17,30.738,,55.6900
2023/06/19,30.796,7.1201,55.9100
2023/06/20,30.890,7.1596,55.7000
2023/06/21,30.920,7.1795,55.6500
2023/06/26,31.017,7.2056,55.7700
2023/06/27,31.030,7.2098,55.5800
2023/06/28,31.072,7.2101,55.1900
2023/06/29,31.078,7.2208,55.2500
2023/06/30,31.135,7.2258,55.4400
2023/07/03,31.131,7.2157,55.1800
2023/07/04,31.116,7.2046,55.2500
2023/07/05,31.152,7.1968,55.3700
2023/07/06,31.220,7.2098,55.5800
2023/07/07,31.330,7.2054,55.6100
2023/07/10,31.385,7.1926,55.4900
2023/07/11,31.320,7.1886,55.4900
2023/07/12,31.238,7.1765,55.0700
2023/07/13,31.086,7.1527,54.7500
2023/07/14,30.893,7.1318,54.3700
2023/07/17,31.052,7.1326,54.4500
2023/07/18,30.996,7.1453,54.3550
2023/07/19,31.063,7.1486,54.5400
2023/07/20,31.077,7.1466,54.4300
2023/07/21,31.240,7.1456,54.7000
2023/07/24,31.352,7.1451,54.7200
2023/07/25,31.306,7.1406,54.5150
2023/07/26,31.252,7.1295,54.6500
2023/07/27,31.238,7.1265,54.5400
2023/07/28,31.390,7.1338,54.8600
2023/07/31,31.430,7.1305,54.8500
2023/08/01,31.518,7.1283,54.7500
2023/08/02,31.625,7.1368,54.8600
2023/08/03,,7.1495,
2023/08/04,31.691,7.1418,55.6000
2023/08/07,31.670,7.138,55.6200
2023/08/08,31.810,7.1565,56.3000
2023/08/09,31.750,7.1588,56.3400
2023/08/10,31.762,7.1576,56.4100
2023/08/11,31.798,7.1587,56.1400
2023/08/14,31.924,7.1686,56.4700
2023/08/15,31.935,7.1768,56.7600
2023/08/16,31.895,7.1986,56.8250
2023/08/17,31.974,7.2076,56.6800
2023/08/18,31.942,7.2006,56.5400
2023/08/21,31.965,7.1987,56.1420
2023/08/22,31.938,7.1992,56.2000
2023/08/23,31.926,7.1988,56.3700
2023/08/24,31.795,7.1886,56.6400
2023/08/25,31.850,7.1883,56.7300
2023/08/28,31.874,7.1856,56.6300
2023/08/29,31.884,7.1851,56.5800
2023/08/30,31.856,7.1816,56.6200
2023/08/31,31.854,7.1811,56.6300
2023/09/01,31.861,7.1788,56.6000
2023/09/04,31.880,7.1786,56.5000
2023/09/05,31.895,7.1783,56.7200
2023/09/06,31.967,7.1969,56.9600
2023/09/07,31.995,7.1986,56.9000
2023/09/08,32.008,7.215,56.7400
2023/09/11,31.980,7.2148,56.6000
2023/09/12,32.032,7.1986,56.7400
2023/09/13,31.968,7.1894,56.6500
2023/09/14,31.910,7.1874,56.6600
2023/09/15,31.928,7.1786,56.7000
2023/09/18,31.978,7.1736,56.7900
2023/09/19,32.002,7.1733,56.7550
2023/09/20,32.022,7.1732,56.7800
2023/09/21,32.112,7.173,56.9200
2023/09/22,32.126,7.1729,56.8700
2023/09/23,32.122,,56.8120
2023/09/25,32.148,7.1727,56.7800
2023/09/26,32.228,7.1727,56.8700
2023/09/27,32.245,7.1717,56.9000
2023/09/28,32.268,7.1798,56.9600
2023/10/02,32.237,,56.6800
2023/10/03,32.328,,56.9000
2023/10/04,32.325,,56.8000
2023/10/05,32.261,,56.6350
2023/10/06,32.207,,56.6150
2023/10/09,,7.1789,
2023/10/10,,7.1781,
2023/10/11,32.122,7.1779,56.7300
2023/10/12,32.125,7.1776,56.7300
2023/10/13,32.219,7.1775,56.8250
2023/10/16,32.279,7.1798,56.8600
2023/10/17,32.295,7.1796,56.7200
2023/10/18,32.290,7.1795,56.7400
2023/10/19,32.323,7.1795,56.8600
2023/10/20,32.320,7.1793,56.7900
2023/10/23,32.348,7.1792,56.7900
2023/10/24,32.316,7.1786,56.8300
2023/10/25,32.341,7.1785,56.8200
2023/10/26,32.430,7.1784,56.9500
2023/10/27,32.425,7.1782,56.9500
2023/10/30,32.425,7.1781,56.9000
2023/10/31,32.419,7.1779,56.8400
2023/11/01,32.484,7.1778,56.7900
2023/11/02,32.361,7.1797,56.8000
2023/11/03,32.303,7.1796,56.5500
2023/11/06,32.143,7.178,55.8400
2023/11/07,32.197,7.1776,56.0900
2023/11/08,32.248,7.1773,56.0500
2023/11/09,32.258,7.1772,55.9700
2023/11/10,32.352,7.1771,55.9300
2023/11/13,32.332,7.1769,56.0300
2023/11/14,32.330,7.1768,56.1300
2023/11/15,32.108,7.1752,56.0650
2023/11/16,32.010,7.1724,55.8900
2023/11/17,31.856,7.1728,55.6200
2023/11/20,31.658,7.1612,55.4650
2023/11/21,31.448,7.1406,55.3550
2023/11/22,31.595,7.1254,55.4900
2023/11/23,31.545,7.1212,55.5300
2023/11/24,31.628,7.1151,55.3700
2023/11/27,31.570,7.1159,55.4200
2023/11/28,31.468,7.1132,55.5200
2023/11/29,31.250,7.1031,55.2800
2023/11/30,31.260,7.1018,55.4500
2023/12/01,31.475,7.1104,55.5300
2023/12/04,31.415,7.1011,55.3450
2023/12/05,31.493,7.1127,55.4250
2023/12/06,31.505,7.114,55.3000
2023/12/07,31.529,7.1176,55.3900
2023/12/08,31.374,7.1123,55.3150
2023/12/11,31.512,7.1163,55.5400
2023/12/12,31.509,7.1174,55.6150
2023/12/13,31.526,7.1126,55.7300
2023/12/14,31.330,7.109,55.6450
2023/12/15,31.268,7.0957,55.6900
2023/12/18,31.314,7.0933,55.8000
2023/12/19,31.361,7.0982,55.8200
2023/12/20,31.310,7.0966,55.8650
2023/12/21,31.282,7.1012,55.7600
2023/12/22,31.203,7.0953,55.3300
2023/12/25,31.140,7.101,55.3900
2023/12/26,31.065,7.0965,55.3900
2023/12/27,30.880,7.1002,55.4900
2023/12/28,30.718,7.0974,55.6300
2023/12/29,30.735,7.0827,55.3600
2024/01/02,30.866,7.077,55.4400
2024/01/03,31.010,7.1002,55.7600
2024/01/04,31.016,7.0997,55.6800
2024/01/05,31.025,7.1029,55.4800
2024/01/08,31.001,7.1006,55.4800
2024/01/09,31.023,7.101,55.6700
2024/01/10,31.140,7.1055,56.2350
2024/01/11,31.103,7.1087,56.1600
2024/01/12,31.129,7.105,55.9500
2024/01/15,31.215,7.1084,55.8500
2024/01/16,31.392,7.1134,55.8700
2024/01/17,31.589,7.1168,56.0700
2024/01/18,31.571,7.1174,55.7900
2024/01/19,31.440,7.1167,55.8100
2024/01/22,31.352,7.1105,56.0800
2024/01/23,31.328,7.1117,56.3600
2024/01/24,31.345,7.1053,56.2400
2024/01/25,31.315,7.1044,56.1800
2024/01/26,31.305,7.1074,56.4700
2024/01/29,31.253,7.1097,56.4150
2024/01/30,31.162,7.1055,56.2500
2024/01/31,31.301,7.1039,56.4300
2024/02/01,31.338,7.1049,56.3000
2024/02/02,31.243,7.1006,56.0500
2024/02/05,31.375,7.107,56.1600
2024/02/06,31.338,7.1082,56.3000
2024/02/07,31.358,7.1049,56.0150
2024/02/08,,7.1063,
2024/02/09,,7.1036,
2024/02/15,31.425,,55.9900
2024/02/16,31.364,,55.9000
2024/02/17,31.370,,55.9500
2024/02/19,31.395,7.1032,55.9300
2024/02/20,31.492,7.1068,56.0800
2024/02/21,31.525,7.103,56.0500
2024/02/22,31.519,7.1018,55.9450
2024/02/23,31.555,7.1064,55.7600
2024/02/26,31.550,7.108,55.9800
2024/02/27,31.570,7.1057,56.1250
2024/02/28,,7.1075,
2024/02/29,31.577,7.1036,56.1700
2024/03/01,31.606,7.1059,56.0900
2024/03/04,31.530,7.102,56.0250
2024/03/05,31.565,7.1027,55.9900
2024/03/06,31.575,7.1016,55.8750
2024/03/07,31.536,7.1002,55.7900
2024/03/08,31.438,7.0978,55.8100
2024/03/11,31.414,7.0969,55.5200
2024/03/12,31.412,7.0963,55.4500
2024/03/13,31.460,7.093,55.4200
2024/03/14,31.497,7.0974,55.3800
2024/03/15,31.593,7.0975,55.5500
2024/03/18,31.659,7.0943,55.6600
2024/03/19,31.772,7.0985,55.7200
2024/03/20,31.868,7.0968,55.9700
2024/03/21,31.832,7.0942,55.9100
2024/03/22,31.958,7.1004,56.1140
2024/03/25,31.865,7.0996,56.2800
2024/03/26,31.896,7.0943,56.2700
2024/03/27,31.998,7.0946,56.2450
2024/03/28,31.988,7.0948,56.2700
2024/03/29,31.99,7.095,56.2070
2024/04/01,31.979,7.0938,56.1300
2024/04/02,32.076,7.0957,56.3400
2024/04/03,32.057,7.0949,56.3300
2024/04/08,32.095,7.0947,56.6000
2024/04/09,32.098,7.0956,56.5400
2024/04/10,32.02,7.0959,56.5300
2024/04/11,32.211,7.0968,56.5000
2024/04/12,32.293,7.0967,56.4250
2024/04/15,32.378,7.0979,56.6950
2024/04/16,32.49,7.1028,56.9550
2024/04/17,32.478,7.1025,57.0000
2024/04/18,32.376,7.102,57.0500
2024/04/19,32.512,7.1046,57.4900
2024/04/22,32.636,7.1043,57.5700
2024/04/23,32.593,7.1059,57.4000
2024/04/24,32.528,7.1048,57.3400
2024/04/25,32.578,7.1058,57.8700
2024/04/26,32.56,7.1056,57.8500
2024/04/29,32.558,7.1066,57.7100
2024/04/30,32.542,7.1063,57.4800
2024/05/02,32.496,,57.6450
2024/05/03,32.376,,57.3700
2024/05/06,32.347,7.0994,57.1400
2024/05/07,32.37,7.1002,57.2300
2024/05/08,32.408,7.1016,57.4250
2024/05/09,32.46,7.1028,57.3900
2024/05/10,32.413,7.1011,57.2600
2024/05/13,32.411,7.103,57.6400
2024/05/14,32.415,7.1053,57.8300
2024/05/15,32.312,7.1049,57.8400
2024/05/16,32.12,7.102,57.3100
2024/05/17,32.206,7.1045,57.6100
2024/05/20,32.236,7.1042,57.7500
2024/05/21,32.294,7.1069,57.9900
2024/05/22,32.275,7.1077,58.1600
2024/05/23,32.246,7.1098,58.2600
2024/05/24,32.258,7.1102,58.2450
2024/05/27,32.187,7.1091,58.0700
2024/05/28,32.168,7.1101,57.9900
2024/05/29,32.298,7.1106,58.1550
2024/05/30,32.441,7.1111,58.5500
2024/05/31,32.42,7.1088,58.4800
2024/06/03,32.396,7.1086,58.4300
2024/06/04,32.394,7.1083,58.5900
2024/06/05,32.348,7.1097,58.7300
2024/06/06,32.28,7.1108,58.6300
2024/06/07,32.25,7.1106,58.5100
2024/06/11,32.395,7.1135,58.7100
2024/06/12,32.386,7.1133,58.6900
2024/06/13,32.33,7.1122,58.4850
2024/06/14,32.35,7.1151,58.6300
2024/06/17,32.385,7.1149,58.7000
2024/06/18,32.397,7.1148,58.6800
2024/06/19,32.358,7.1159,58.6100
2024/06/20,32.328,7.1192,58.7800
2024/06/21,32.369,7.1196,58.8450
2024/06/24,32.395,7.1201,58.8100
2024/06/25,32.443,7.1225,58.7300
2024/06/26,32.554,7.1248,58.7900
2024/06/27,32.53,7.127,58.8800
2024/06/28,32.45,7.1268,58.6700
2024/07/01,32.546,7.1265,58.4700
2024/07/02,32.627,7.1291,58.7700
2024/07/03,32.632,7.1312,58.7750
2024/07/04,32.48,7.1305,58.6350
2024/07/05,32.475,7.1289,58.5500
2024/07/08,32.493,7.1286,58.5750
2024/07/09,32.54,7.131,58.5000
2024/07/10,32.586,7.1342,58.4700
2024/07/11,32.506,7.1339,58.3100
2024/07/12,32.561,7.1315,58.2600
2024/07/15,32.572,7.1313,58.5200
2024/07/16,32.625,7.1328,58.4500
2024/07/17,32.616,7.1318,58.3600
2024/07/18,32.605,7.1285,58.3050
2024/07/19,32.73,7.1315,58.3800
2024/07/22,32.848,7.1335,58.4200
2024/07/23,32.838,7.1334,58.4100
2024/07/24,,7.1358,
2024/07/25,,7.1321,
2024/07/26,32.831,7.127,58.4800
2024/07/29,32.87,7.1316,58.4050
2024/07/30,32.846,7.1364,58.6600
2024/07/31,32.836,7.1346,58.5200
2024/08/01,32.762,7.1323,58.3000
2024/08/02,32.817,7.1376,58.3200
2024/08/05,32.639,7.1345,57.8650
2024/08/06,32.688,7.1318,57.9900
2024/08/07,32.681,7.1386,57.6700
2024/08/08,32.593,7.146,57.5700
2024/08/09,32.44,7.1449,57.3200
2024/08/12,32.46,7.1458,57.2750
2024/08/13,32.47,7.1479,57.2600
2024/08/14,32.304,7.1415,56.9000
2024/08/15,32.301,7.1399,57.0800
2024/08/16,32.288,7.1464,57.1500
2024/08/19,32.03,7.1415,56.9500
2024/08/20,31.993,7.1325,56.5650
2024/08/21,31.938,7.1307,56.4500
2024/08/22,31.966,7.1228,56.2800
2024/08/23,31.976,7.1358,56.3100
2024/08/26,31.817,7.1139,56.4000
2024/08/27,31.93,7.1249,56.1900
2024/08/28,31.95,7.1216,56.3050
2024/08/29,31.903,7.1299,56.2900
2024/08/30,31.94,7.1124,56.1100
2024/09/02,32.021,7.1027,56.2600
2024/09/03,32.062,7.1112,56.5900
2024/09/04,32.188,7.1148,56.5800
2024/09/05,32.071,7.0989,56.4200
2024/09/06,31.926,7.0925,55.9700
2024/09/09,32.09,7.0989,56.2500
2024/09/10,32.173,7.1136,56.5200
2024/09/11,32.105,7.1182,56.2700
2024/09/12,32.128,7.1214,56.0600
2024/09/13,31.992,7.103,55.9700
2024/09/16,31.91,,55.8850
2024/09/18,31.94,7.087,55.8200
2024/09/19,31.932,7.0983,55.8600
2024/09/20,31.962,7.0644,55.5900
2024/09/23,32.033,7.0531,55.7200
2024/09/24,31.966,7.051,56.1000
2024/09/25,31.84,7.0202,55.8500
2024/09/26,31.845,7.0354,56.0400
2024/09/27,31.688,7.0101,55.7800
2024/09/30,31.651,7.0074,55.9700
2024/10/01,31.837,,56.2550
2024/10/04,31.963,,56.3100
2024/10/07,32.131,,56.5800
2024/10/08,32.22,7.0709,56.7400
2024/10/09,32.16,7.0568,56.9050
2024/10/10,,7.0742,
2024/10/11,32.182,7.0731,57.2200
2024/10/14,32.168,7.0723,57.2800
2024/10/15,32.18,7.083,57.4300
2024/10/16,32.175,7.1191,57.8350
2024/10/17,32.168,7.122,57.6500
2024/10/18,32.083,7.1274,57.7400
2024/10/21,31.985,7.0982,57.3000
2024/10/22,32.058,7.1223,57.7200
2024/10/23,32.088,7.1245,57.8000
2024/10/24,32.085,7.1286,58.0000
2024/10/25,32.071,7.109,57.8200
2024/10/28,32.09,7.1307,58.3800
2024/10/29,32.101,7.1283,58.1600
2024/10/30,32.031,7.139,58.1850
2024/10/31,,7.125,
2024/11/01,31.968,7.1135,58.2800
2024/11/04,31.961,7.1203,58.1500
2024/11/05,31.968,7.1016,58.4200
2024/11/06,32.175,7.0993,58.5600
2024/11/07,32.24,7.1659,58.7800
2024/11/08,32.115,7.1433,58.4400
2024/11/11,32.251,7.1786,58.4800
2024/11/12,32.425,7.1927,58.7900
2024/11/13,32.45,7.1991,58.7300
2024/11/14,32.546,7.1966,58.7900
2024/11/15,32.466,7.1992,58.8300
2024/11/18,32.531,7.1907,58.7000
2024/11/19,32.42,7.1911,58.6200
2024/11/20,32.494,7.1935,58.8600
2024/11/21,32.545,7.1934,58.9700
2024/11/22,32.593,7.1942,58.9100
2024/11/25,32.485,7.1918,58.9500
2024/11/26,32.51,7.191,58.9850
2024/11/27,32.534,7.1982,58.8200
2024/11/28,32.521,7.1894,58.7000
2024/11/29,32.457,7.1877,58.6300
2024/12/02,32.598,7.1865,58.7600
2024/12/03,32.536,7.1996,58.6600
2024/12/04,32.448,7.1934,58.3800
2024/12/05,32.438,7.1879,58.1700
2024/12/06,32.408,7.1848,57.7600
2024/12/09,32.47,7.187,57.9700
2024/12/10,32.44,7.1896,57.9100
2024/12/11,32.51,7.1843,58.1900
2024/12/12,32.488,7.1854,58.3300
2024/12/13,32.508,7.1876,58.3200
2024/12/16,32.485,7.1882,58.6600
2024/12/17,32.515,7.1891,58.7400
2024/12/18,32.481,7.188,58.9600
2024/12/19,32.668,7.1911,58.9850
2024/12/20,32.691,7.1901,58.9850
2024/12/23,32.688,7.187,58.5700
2024/12/24,32.67,7.1876,58.5100
2024/12/25,32.668,7.1868,58.5090
2024/12/26,32.696,7.1897,58.0000
2024/12/27,32.72,7.1893,57.7500
2024/12/30,32.717,7.1889,57.9080
2024/12/31,32.781,7.1884,57.8200
2025/01/02,32.868,7.1879,57.9500
2025/01/03,32.917,7.1878,58.1300
2025/01/06,32.862,7.1876,58.1900
2025/01/07,32.739,7.1879,58.0700
2025/01/08,32.883,7.1887,58.3200
2025/01/09,32.94,7.1886,58.5400
2025/01/10,32.964,7.1891,58.3200
2025/01/13,33.119,7.1885,58.6000
2025/01/14,32.971,7.1878,58.5200
2025/01/15,33.065,7.1883,58.6300
2025/01/16,32.928,7.1881,58.4700
2025/01/17,32.926,7.1889,58.5050
2025/01/20,32.808,7.1886,58.5700
2025/01/21,32.765,7.1703,58.4150
2025/01/22,32.774,7.1696,58.4200
2025/01/23,32.77,7.1708,58.6400
2025/01/24,32.682,7.1705,58.5500
2025/01/27,,7.1698,
2025/02/03,32.968,,58.6200
2025/02/04,32.985,,58.4900
2025/02/05,32.838,7.1693,58.0100
2025/02/06,32.826,7.1691,57.9650
2025/02/07,32.754,7.1699,58.0000
2025/02/08,32.786,,58.1100
2025/02/10,32.839,7.1707,58.1000
2025/02/11,32.835,7.1716,58.1600
2025/02/12,32.861,7.171,58.2200
2025/02/13,32.802,7.1719,58.3150
2025/02/14,32.77,7.1706,57.8200
2025/02/17,32.695,7.1702,57.8500
2025/02/18,32.765,7.1697,58.2050
2025/02/19,32.748,7.1705,58.0900
2025/02/20,32.791,7.1712,57.9700
2025/02/21,32.745,7.1696,57.9000
2025/02/24,32.71,7.1717,57.9050
2025/02/25,32.795,7.1726,57.9100
2025/02/26,32.79,7.1732,57.8650
2025/02/27,32.82,7.174,57.8700
2025/02/28,,7.1738,
2025/03/03,32.917,7.1745,57.9300
2025/03/04,32.913,7.1739,57.8100
2025/03/05,32.816,7.1714,57.5710
2025/03/06,32.854,7.1692,57.2700
2025/03/07,32.834,7.1705,57.3970
2025/03/10,32.92,7.1733,57.4570
2025/03/11,32.884,7.1741,57.4530
2025/03/12,32.962,7.1696,57.2810
2025/03/13,32.961,7.1728,57.3650
2025/03/14,32.954,7.1738,57.2830
2025/03/17,33.005,7.1688,57.2030
2025/03/18,32.997,7.1733,57.2290
2025/03/19,33.043,7.1697,57.2610
2025/03/20,33.007,7.1754,57.1690
2025/03/21,32.988,7.176,57.2500
2025/03/24,33.038,7.178,57.3320
2025/03/25,33.085,7.1788,57.3370
2025/03/26,33.097,7.1754,57.6100
2025/03/27,33.103,7.1763,57.5610
2025/03/28,33.097,7.1752,57.3380
2025/03/31,33.182,7.1782,57.2730
2025/04/01,33.196,7.1775,57.2470
2025/04/02,33.088,7.1793,57.1990
2025/04/03,,7.1889,
2025/04/07,33.055,7.198,57.2170
2025/04/08,33.007,7.2038,57.2570
2025/04/09,33.002,7.2066,57.5250
2025/04/10,32.868,7.2092,57.2160
2025/04/11,32.705,7.2087,57.1670
2025/04/14,32.51,7.211,57.0040
2025/04/15,32.516,7.2096,57.0680
2025/04/16,32.52,7.2133,56.6220
2025/04/17,32.531,7.2085,56.6090
2025/04/18,32.608,7.2069,56.7000
2025/04/21,32.46,7.2055,56.5670
2025/04/22,32.498,7.2074,56.7010
2025/04/23,32.492,7.2116,56.5770
2025/04/24,32.529,7.2098,56.4670
2025/04/25,32.526,7.2066,56.3780
2025/04/28,32.465,7.2043,56.2510
2025/04/29,32.229,7.2029,56.2980
2025/04/30,32.017,7.2014,55.9560
2025/05/02,31.064,,55.9320
2025/05/05,30.145,,55.4360
2025/05/06,30.28,7.2008,55.8630
2025/05/07,30.295,7.2005,55.3410
2025/05/08,30.303,7.2073,55.5350
2025/05/09,30.308,7.2095,55.7590
2025/05/12,30.316,7.2066,55.3810
2025/05/13,30.455,7.1991,55.7450
2025/05/14,30.284,7.1956,55.6320
2025/05/15,30.189,7.1963,55.7620
2025/05/16,30.172,7.1938,55.6060
2025/05/19,30.205,7.1916,55.7630
2025/05/20,30.179,7.1931,55.6630
2025/05/21,30.158,7.1937,55.6080
2025/05/22,30.07,7.1903,55.6270
2025/05/23,30.023,7.1919,55.6310
2025/05/26,29.935,7.1833,55.1830
2025/05/27,29.953,7.1876,55.3320
2025/05/28,29.91,7.1894,55.5710
2025/05/29,29.929,7.1907,55.6130
2025/05/30,,7.1848,
2025/06/02,29.988,,55.7780
2025/06/03,30.005,7.1869,55.6160
2025/06/04,29.952,7.1886,55.7660
2025/06/05,29.922,7.1865,55.5910
2025/06/06,29.931,7.1845,55.6680
2025/06/09,29.948,7.1855,55.7910
2025/06/10,29.955,7.184,55.7060
2025/06/11,29.92,7.1815,55.7750
2025/06/12,29.66,7.1803,55.8210
2025/06/13,29.668,7.1772,55.8750
2025/06/16,29.52,7.1789,56.2530
2025/06/17,29.535,7.1746,56.3830
2025/06/18,29.542,7.1761,56.7500
2025/06/19,29.621,7.1729,57.2250
2025/06/20,29.529,7.1695,57.1610
2025/06/23,29.734,7.171,57.4910
2025/06/24,29.536,7.1656,56.9700
2025/06/25,29.391,7.1668,56.6520
2025/06/26,29.165,7.162,56.6320
2025/06/27,29.18,7.1627,56.6630
2025/06/30,29.902,7.1586,56.4560
2025/07/01,29.185,7.1534,56.1470
2025/07/02,29.019,7.1546,56.3170
2025/07/03,28.828,7.1523,56.2560
2025/07/04,28.931,7.1535,56.4620
2025/07/07,29.048,7.1506,56.5200
2025/07/08,29.068,7.1534,56.5090
2025/07/09,29.15,7.1541,56.5730
2025/07/10,29.24,7.151,56.4370
2025/07/11,29.205,7.1475,56.4620
2025/07/14,29.296,7.1491,56.5630
2025/07/15,29.302,7.1498,56.7370
2025/07/16,29.416,7.1526,56.8900
2025/07/17,29.412,7.1461,56.9610
2025/07/18,29.406,7.1498,57.2210
2025/07/21,29.415,7.1522,57.0540
2025/07/22,29.452,7.146,56.9750
2025/07/23,29.362,7.1414,56.8760
2025/07/24,29.402,7.1385,56.6640
2025/07/25,29.46,7.1419,56.8180
2025/07/28,29.523,7.1467,57.1310
2025/07/29,29.706,7.1511,57.2660
2025/07/30,29.719,7.1441,57.1420
2025/07/31,29.916,7.1494,57.9310
2025/08/01,30.025,7.1496,58.4550
2025/08/04,29.918,7.1395,57.5950
2025/08/05,29.927,7.1366,57.2700
2025/08/06,29.99,7.1409,57.6650
2025/08/07,29.82,7.1345,57.1890
2025/08/08,29.855,7.1382,57.1890
2025/08/11,29.916,7.1405,56.8850
2025/08/12,30.026,7.1418,57.1830
2025/08/13,29.96,7.135,56.8870
2025/08/14,29.988,7.1337,56.6950
2025/08/15,30.01,7.1371,57.0200
2025/08/18,30.056,7.1322,57.0470
2025/08/19,30.12,7.1359,57.0370
2025/08/20,30.308,7.1384,57.2590
2025/08/21,30.505,7.1287,56.9460
2025/08/22,30.585,7.1321,57.0900
2025/08/25,30.45,7.1161,56.5170
2025/08/26,30.555,7.1188,56.7060
2025/08/27,30.582,7.1108,56.9650
2025/08/28,30.588,7.1063,57.0140
2025/08/29,30.605,7.103,56.9440
2025/09/01,30.63,7.1072,57.2030
2025/09/02,30.678,7.1089,57.1490
2025/09/03,30.728,7.1108,57.4490
2025/09/04,30.704,7.1052,57.2260
2025/09/05,30.615,7.1064,57.1150
2025/09/08,30.522,7.1029,56.7790
2025/09/09,30.38,7.1008,56.7200
2025/09/10,30.31,7.1062,57.1470
2025/09/11,30.344,7.1034,57.0780
2025/09/12,30.246,7.1019,57.0930
2025/09/15,30.228,7.1056,57.1900
2025/09/16,30.101,7.1027,57.1040
2025/09/17,30.065,7.1013,56.8020
2025/09/18,30.107,7.1085,57.0380
2025/09/19,30.22,7.1128,57.2030
2025/09/22,30.251,7.1106,57.1430
2025/09/23,30.294,7.1057,56.9560
2025/09/24,30.321,7.1077,57.4180
2025/09/25,30.438,7.1118,57.7460
2025/09/26,30.545,7.1152,58.3740
2025/09/29,,7.1089,
2025/09/30,30.469,7.1055,58.0360
2025/10/01,30.45,,58.2690
2025/10/02,30.415,,58.0880
2025/10/03,30.418,,58.0830
2025/10/07,30.52,,58.2870
2025/10/08,30.535,,58.1770
2025/10/09,30.545,7.1102,57.8100
2025/10/10,,7.1048,
2025/10/13,30.696,7.1007,58.1590
2025/10/14,30.761,7.1021,58.1780
2025/10/15,30.656,7.0995,58.0440
2025/10/16,30.665,7.0968,58.0310
2025/10/17,30.686,7.0949,58.0890
2025/10/20,30.65,7.0973,58.1340
2025/10/21,30.691,7.093,58.1240
2025/10/22,30.731,7.0954,58.2960
2025/10/23,30.815,7.0918,58.4950
2025/10/24,,7.0928,
2025/10/27,30.719,7.0881,58.5620
2025/10/28,30.626,7.0856,59.1040
2025/10/29,30.63,7.0843,59.1660
2025/10/30,30.715,7.0864,58.5950
2025/10/31,30.749,7.088,58.7440
2025/11/03,30.838,7.0867,58.6720
2025/11/04,30.906,7.0885,58.6870
2025/11/05,30.954,7.0901,58.6070
2025/11/06,30.95,7.0865,58.7840
2025/11/07,31.045,7.0836,58.9790
2025/11/10,31.008,7.0856,58.9080
2025/11/11,31.052,7.0866,58.8640
2025/11/12,31.069,7.0833,58.9140
2025/11/13,31.081,7.0865,59.1130
2025/11/14,31.15,7.0825,58.8650
2025/11/17,31.18,7.0816,59.0580
2025/11/18,31.217,7.0856,58.8900
2025/11/19,31.254,7.0872,58.8340
2025/11/20,31.295,7.0905,59.0270
2025/11/21,31.43,7.0875,59.0200
2025/11/24,31.447,7.0847,58.7970
2025/11/25,31.44,7.0826,58.8220
2025/11/26,31.35,7.0796,58.7750
2025/11/27,31.34,7.0779,58.7290
2025/11/28,31.408,7.0789,58.7390
2025/12/01,31.431,7.0759,58.5700
2025/12/02,31.435,7.0794,58.3890
2025/12/03,31.344,7.0754,58.6220
2025/12/04,31.338,7.0733,59.0570
2025/12/05,31.258,7.0749,59.0230
2025/12/08,31.202,7.0764,58.9150
2025/12/09,31.215,7.0773,59.0700
2025/12/10,31.208,7.0753,59.1370
2025/12/11,31.268,7.0686,59.0580
2025/12/12,31.202,7.0638,59.0300
2025/12/15,31.38,7.0656,59.0840
2025/12/16,31.475,7.0602,58.9270
2025/12/17,31.526,7.0573,58.6770
2025/12/18,31.516,7.0583,58.6370
2025/12/19,31.526,7.055,58.5270
2025/12/22,31.523,7.0572,58.6050
2025/12/23,31.508,7.0523,58.6960
2025/12/24,31.48,7.0471,58.7370
2025/12/25,,7.0392,
2025/12/26,31.455,7.0358,58.7420
2025/12/29,31.45,7.0331,58.7360
2025/12/30,31.428,7.0348,58.7840
2025/12/31,31.438,7.0288,58.8040
2026/01/02,31.419,,58.8590
2026/01/05,31.538,7.023,58.7960
2026/01/06,31.516,7.0173,59.0440
2026/01/07,31.521,7.0187,59.2250
2026/01/08,31.57,7.0197,59.1660
2026/01/09,31.595,7.0128,59.0940
2026/01/12,31.63,7.0108,59.1530
2026/01/13,31.656,7.0103,59.2100
2026/01/14,31.63,7.012,59.3390
2026/01/15,31.593,7.0064,59.3800
2026/01/16,31.572,7.0078,59.3710
2026/01/19,31.59,7.0051,59.3290
2026/01/20,31.608,7.0006,59.4130
2026/01/21,31.628,7.0014,59.2720
2026/01/22,31.61,7.0019,59.1420
2026/01/23,31.578,6.9929,59.0050
2026/01/26,31.508,6.9843,58.9910
2026/01/27,31.47,6.9858,59.0500
2026/01/28,31.32,6.9755,58.8280
2026/01/29,31.327,6.9771,58.8300
2026/01/30,31.468,6.9678,58.9650
2026/02/02,31.59,6.9695,58.8680
2026/02/03,31.57,6.9608,58.8140
2026/02/04,31.577,6.9533,58.9710
2026/02/05,31.648,6.957,58.8440
2026/02/06,31.678,6.959,58.6680
2026/02/09,31.56,6.9523,58.4710
2026/02/10,31.55,6.9458,58.4410
2026/02/11,31.478,6.9438,58.4370
2026/02/12,31.46,6.9457,58.2080
2026/02/13,31.518,6.9398,58.0380
2026/02/23,31.462,,57.9030
2026/02/24,31.461,6.9414,57.6810
2026/02/25,31.34,6.9321,57.7170
2026/02/26,31.251,6.9228,57.5210
2026/02/27,,6.9228,
2026/03/02,31.431,6.9236,57.8750
2026/03/03,31.609,6.9088,58.1690
2026/03/04,31.695,6.9124,58.5800
2026/03/05,31.683,6.9007,58.3130
2026/03/06,31.678,6.9025,58.8700
2026/03/09,31.92,6.9158,59.5790
2026/03/10,31.828,6.8982,59.1300
2026/03/11,31.755,6.8917,58.8610
2026/03/12,31.845,6.8959,59.5480
2026/03/13,31.918,6.9007,59.4710
2026/03/16,31.948,6.9057,59.8790
2026/03/17,31.885,6.8961,59.6350
2026/03/18,31.832,6.8909,59.5410
2026/03/19,31.953,6.8975,60.2290
2026/03/20,31.97,6.8898,59.8610
2026/03/23,32.092,6.9041,60.1920
2026/03/24,32.028,6.8943,59.8010
2026/03/25,31.952,6.8911,59.9360
2026/03/26,31.905,6.9056,60.2270
2026/03/27,31.88,6.9141,60.3810
2026/03/30,31.996,6.9223,60.6870
2026/03/31,31.98,6.9194,60.6160
2026/04/01,31.949,6.9025,57.2470
2026/04/02,31.972,6.888,60.3260
2026/04/03,,6.8929,
2026/04/07,31.967,6.8854,60.1010
2026/04/08,31.785,6.868,59.5260
2026/04/09,31.748,6.8649,59.5480
2026/04/10,31.726,6.8654,59.7080
2026/04/13,31.785,6.8657,60.2820
2026/04/14,31.69,6.8593,59.8220
2026/04/15,31.65,6.8582,59.8010
2026/04/16,31.556,6.8616,59.9910
2026/04/17,31.596,6.8622,60.0850
2026/04/20,31.531,6.8648,60.0410
2026/04/21,31.489,6.8594,59.9570
2026/04/22,31.54,6.8635,60.0830
2026/04/23,31.575,6.865,60.3920
2026/04/24,31.516,6.8674,60.6960
2026/04/27,31.467,6.8579,60.6350
2026/04/28,31.518,6.8589,60.7650
2026/04/29,31.557,6.8608,61.4020
2026/04/30,31.648,6.8628,61.6400
2026/05/04,31.61,,61.2950
2026/05/05,31.605,,61.7150
2026/05/06,31.488,6.8562,61.3510
2026/05/07,31.409,6.8487,60.8540
2026/05/08,31.429,6.8502,60.5460
2026/05/11,31.415,6.8467,60.6180
2026/05/12,31.48,6.8426,61.3920
2026/05/13,31.506,6.8431,61.5870
2026/05/14,31.51,6.8401,61.4200
2026/05/15,31.551,6.8415,61.6670
2026/05/18,31.545,6.8435,61.6760
2026/05/19,31.65,6.8375,61.5850
2026/05/20,31.643,6.8397,61.6560
2026/05/21,31.595,6.8349,61.5670
2026/05/22,31.568,6.8373,61.5000
2026/05/25,31.47,6.8318,61.3990
2026/05/26,31.451,6.8288,61.5280
2026/05/27,31.42,6.8291,61.5460
2026/05/28,31.428,6.824,61.6210
2026/05/29,31.384,6.8176,61.3880
2026/06/01,31.379,6.8167,61.7020
2026/06/02,31.445,6.8187,61.7390
2026/06/03,31.44,6.8184,61.6960
2026/06/04,31.46,6.8203,61.6360
2026/06/05,31.475,6.8157,61.5310
2026/06/08,31.58,6.8198,61.6760
2026/06/09,31.618,6.8147,61.6500
2026/06/10,31.668,6.813,61.5380
2026/06/11,31.631,6.815,61.3810
2026/06/12,31.618,6.8109,61.0790
2026/06/15,31.564,6.8088,60.6420
2026/06/16,31.559,6.8108,60.4040
2026/06/17,31.575,6.8096,60.2740
2026/06/18,31.588,6.813,60.5700
2026/06/22,31.631,6.815,60.8010
2026/06/23,31.625,6.8171,61.2130
2026/06/24,31.751,6.8195,61.4080
2026/06/25,31.835,6.8209,61.2870
2026/06/26,31.86,6.8166,61.2840
2026/06/29,31.845,6.8175,61.2550
2026/06/30,31.837,6.8109,61.2320
2026/07/01,31.874,6.8067,61.5770
2026/07/02,31.91,6.8088,61.6020
2026/07/03,31.93,6.8047,61.4040
2026/07/06,32.025,6.8066,61.4820
2026/07/07,32.143,6.8054,61.3870
2026/07/08,32.032,6.8077,61.5340
2026/07/09,32.178,6.8036,61.5540
2026/07/10,,6.7989,
2026/07/13,32.17,6.7972,61.5850
2026/07/14,32.172,6.799,61.6410
2026/07/15,32.189,6.791,61.6090
2026/07/16,32.249,6.7909,61.6240
2026/07/17,32.288,6.7934,61.5850
2026/07/20,32.248,6.7948,61.6690
2026/07/21,32.345,6.7917,61.6700
2026/07/22,32.375,6.7933,61.7230
2026/07/23,32.266,6.7906,61.7250
2026/07/24,32.358,6.7939,61.8040
2026/07/27,32.305,6.7911,61.6930
2026/07/28,32.384,6.7928,61.6980
2026/07/29,32.366,6.7899,61.5390
2026/07/30,32.454,6.7892,61.3740
2026/07/31,32.292,6.7894,61.3630
2026/08/03,32.438,6.7898,61.0000
2026/08/04,32.447,6.7917,60.8980
2026/08/05,32.315,6.7889,60.9430
2026/08/06,32.261,6.7895,60.6750
2026/08/07,32.288,6.7904,60.9420
2026/08/10,32.231,6.7884,60.7820
2026/08/11,32.278,6.79,60.9040
2026/08/12,32.246,6.7882,61.3470
2026/08/13,32.168,6.7888,61.2000
2026/08/14,32.046,6.7878,61.4290
2026/08/17,31.852,6.7873,61.5310
2026/08/18,31.945,6.7905,61.5730
2026/08/19,31.937,6.7854,61.8540
2026/08/20,31.925,6.7808,61.5950
2026/08/21,31.848,6.7817,61.6490
2026/08/24,31.854,6.7841,61.7470
2026/08/25,31.868,6.7852,61.7200
2026/08/26,31.818,6.7829,61.5450
2026/08/27,31.708,6.784,61.6940
2026/08/28,31.628,6.7811,62.1550
2026/08/31,31.666,6.7828,62.3190
2026/09/01,31.633,6.7809,62.3170
2026/09/02,31.728,6.7829,62.5600
2026/09/03,31.755,6.7807,62.4760
2026/09/04,31.63,6.7787,62.3540
2026/09/07,31.552,6.7795,62.7350
2026/09/08,31.535,6.7804,62.5670
2026/09/09,31.505,6.7769,62.4980
2026/09/10,31.548,6.7766,62.5060
2026/09/11,,6.7743,62.7050
