date,usd_twd_rate
2000/01/03,31.395
2000/01/04,30.602
2000/01/05,30.800
2000/01/06,30.854
2000/01/07,30.860
2000/01/10,30.835
2000/01/11,30.821
2000/01/12,30.828
2000/01/13,30.838
2000/01/14,30.850
2000/01/17,30.835
2000/01/18,30.837
2000/01/19,30.838
2000/01/20,30.832
2000/01/21,30.821
2000/01/24,30.812
2000/01/25,30.813
2000/01/26,30.794
2000/01/27,30.780
2000/01/28,30.709
2000/01/31,30.699
2000/02/01,30.685
2000/02/02,30.784
2000/02/03,30.788
2000/02/08,30.734
2000/02/09,30.637
2000/02/10,30.620
2000/02/11,30.625
2000/02/14,30.720
2000/02/15,30.712
2000/02/16,30.702
2000/02/17,30.715
2000/02/18,30.715
2000/02/21,30.707
2000/02/22,30.791
2000/02/23,30.785
2000/02/24,30.785
2000/02/25,30.764
2000/02/29,30.754
2000/03/01,30.736
2000/03/02,30.712
2000/03/03,30.745
2000/03/06,30.764
2000/03/07,30.762
2000/03/08,30.766
2000/03/09,30.758
2000/03/10,30.736
2000/03/13,30.741
2000/03/14,30.738
2000/03/15,30.742
2000/03/16,30.756
2000/03/17,30.766
2000/03/20,30.791
2000/03/21,30.738
2000/03/22,30.711
2000/03/23,30.674
2000/03/24,30.664
2000/03/27,30.627
2000/03/28,30.605
2000/03/29,30.531
2000/03/30,30.482
2000/03/31,30.490
2000/04/05,30.465
2000/04/06,30.469
2000/04/07,30.438
2000/04/10,30.302
2000/04/11,30.318
2000/04/12,30.309
2000/04/13,30.388
2000/04/14,30.460
2000/04/17,30.539
2000/04/18,30.535
2000/04/19,30.550
2000/04/20,30.552
2000/04/21,30.530
2000/04/24,30.566
2000/04/25,30.572
2000/04/26,30.631
2000/04/27,30.612
2000/04/28,30.618
2000/05/02,30.669
2000/05/03,30.693
2000/05/04,30.689
2000/05/05,30.648
2000/05/08,30.681
2000/05/09,30.690
2000/05/10,30.697
2000/05/11,30.752
2000/05/12,30.735
2000/05/15,30.767
2000/05/16,30.782
2000/05/17,30.686
2000/05/18,30.737
2000/05/19,30.713
2000/05/22,30.709
2000/05/23,30.749
2000/05/24,30.824
2000/05/25,30.813
2000/05/26,30.808
2000/05/29,30.846
2000/05/30,30.884
2000/05/31,30.813
2000/06/01,30.831
2000/06/02,30.831
2000/06/05,30.792
2000/06/07,30.791
2000/06/08,30.796
2000/06/09,30.786
2000/06/12,30.800
2000/06/13,30.801
2000/06/14,30.815
2000/06/15,30.828
2000/06/16,30.845
2000/06/19,30.843
2000/06/20,30.833
2000/06/21,30.817
2000/06/22,30.778
2000/06/23,30.767
2000/06/26,30.797
2000/06/27,30.790
2000/06/28,30.810
2000/06/29,30.808
2000/06/30,30.794
2000/07/03,30.812
2000/07/04,30.822
2000/07/05,30.814
2000/07/06,30.839
2000/07/07,30.839
2000/07/10,30.842
2000/07/11,30.842
2000/07/12,30.862
2000/07/13,30.887
2000/07/14,30.875
2000/07/17,30.912
2000/07/18,30.960
2000/07/19,31.014
2000/07/20,31.086
2000/07/21,31.019
2000/07/24,31.046
2000/07/25,31.063
2000/07/26,31.061
2000/07/27,31.052
2000/07/28,31.048
2000/07/31,31.067
2000/08/01,31.097
2000/08/02,31.086
2000/08/03,31.076
2000/08/04,31.071
2000/08/07,31.092
2000/08/08,31.088
2000/08/09,31.088
2000/08/10,31.069
2000/08/11,31.085
2000/08/14,31.085
2000/08/15,31.096
2000/08/16,31.095
2000/08/17,31.089
2000/08/18,31.086
2000/08/21,31.069
2000/08/22,31.080
2000/08/24,31.069
2000/08/25,31.072
2000/08/28,31.072
2000/08/29,31.070
2000/08/30,31.067
2000/08/31,31.070
2000/09/01,31.083
2000/09/04,31.063
2000/09/05,31.075
2000/09/06,31.075
2000/09/07,31.082
2000/09/08,31.089
2000/09/11,31.095
2000/09/13,31.112
2000/09/14,31.125
2000/09/15,31.151
2000/09/18,31.255
2000/09/19,31.275
2000/09/20,31.274
2000/09/21,31.263
2000/09/22,31.295
2000/09/25,31.272
2000/09/26,31.288
2000/09/27,31.291
2000/09/28,31.318
2000/09/29,31.318
2000/09/30,31.316
2000/10/02,31.314
2000/10/03,31.313
2000/10/04,31.322
2000/10/05,31.320
2000/10/06,31.296
2000/10/09,31.301
2000/10/11,31.298
2000/10/12,31.300
2000/10/13,31.920
2000/10/16,31.990
2000/10/17,32.260
2000/10/18,32.383
2000/10/19,32.325
2000/10/20,32.143
2000/10/23,32.076
2000/10/24,32.048
2000/10/25,32.072
2000/10/26,32.093
2000/10/27,32.267
2000/10/30,32.358
2000/10/31,32.357
2000/11/01,32.363
2000/11/02,32.271
2000/11/03,32.197
2000/11/06,32.159
2000/11/07,32.149
2000/11/08,32.119
2000/11/09,32.065
2000/11/10,32.062
2000/11/13,32.160
2000/11/14,32.168
2000/11/15,32.176
2000/11/16,32.196
2000/11/17,32.237
2000/11/20,32.442
2000/11/21,32.493
2000/11/22,32.870
2000/11/23,32.931
2000/11/24,32.875
2000/11/27,32.878
2000/11/28,32.928
2000/11/29,32.960
2000/11/30,33.046
2000/12/01,33.036
2000/12/04,33.071
2000/12/05,33.068
2000/12/06,33.065
2000/12/07,33.038
2000/12/08,33.020
2000/12/11,33.035
2000/12/12,33.088
2000/12/13,33.081
2000/12/14,33.077
2000/12/15,33.075
2000/12/18,33.076
2000/12/19,33.081
2000/12/20,33.129
2000/12/21,33.172
2000/12/22,33.180
2000/12/26,33.179
2000/12/27,33.165
2000/12/28,33.159
2000/12/29,33.079
2000/12/30,32.992
2001/01/02,32.943
2001/01/03,33.033
2001/01/04,32.948
2001/01/05,32.860
2001/01/08,32.789
2001/01/09,32.695
2001/01/10,32.673
2001/01/11,32.635
2001/01/12,32.699
2001/01/15,32.699
2001/01/16,32.686
2001/01/17,32.631
2001/01/18,32.616
2001/01/19,32.577
2001/01/20,32.564
2001/01/29,32.525
2001/01/30,32.435
2001/01/31,32.397
2001/02/01,32.365
2001/02/02,32.330
2001/02/05,32.309
2001/02/06,32.288
2001/02/07,32.288
2001/02/08,32.285
2001/02/09,32.282
2001/02/12,32.318
2001/02/13,32.334
2001/02/14,32.387
2001/02/15,32.344
2001/02/16,32.299
2001/02/19,32.290
2001/02/20,32.271
2001/02/21,32.287
2001/02/22,32.355
2001/02/23,32.351
2001/02/26,32.345
2001/02/27,32.343
2001/03/01,32.346
2001/03/02,32.359
2001/03/05,32.368
2001/03/06,32.362
2001/03/07,32.370
2001/03/08,32.381
2001/03/09,32.402
2001/03/12,32.473
2001/03/13,32.508
2001/03/14,32.520
2001/03/15,32.555
2001/03/16,32.683
2001/03/19,32.778
2001/03/20,32.775
2001/03/21,32.771
2001/03/22,32.864
2001/03/23,32.771
2001/03/26,32.699
2001/03/27,32.679
2001/03/28,32.669
2001/03/29,32.757
2001/03/30,32.837
2001/04/02,32.938
2001/04/03,32.900
2001/04/04,32.979
2001/04/06,32.940
2001/04/09,32.936
2001/04/10,32.927
2001/04/11,32.920
2001/04/12,32.909
2001/04/13,32.908
2001/04/16,32.931
2001/04/17,32.926
2001/04/18,32.920
2001/04/19,32.899
2001/04/20,32.890
2001/04/23,32.890
2001/04/24,32.885
2001/04/25,32.908
2001/04/26,32.918
2001/04/27,32.928
2001/04/30,32.918
2001/05/02,32.900
2001/05/03,32.890
2001/05/04,32.884
2001/05/07,32.879
2001/05/08,32.875
2001/05/09,32.879
2001/05/10,32.884
2001/05/11,32.882
2001/05/14,32.882
2001/05/15,32.930
2001/05/16,32.957
2001/05/17,32.952
2001/05/18,32.948
2001/05/21,33.456
2001/05/22,33.456
2001/05/23,33.437
2001/05/24,33.458
2001/05/25,33.495
2001/05/28,34.500
2001/05/29,34.072
2001/05/30,34.013
2001/05/31,33.965
2001/06/01,34.042
2001/06/04,34.065
2001/06/05,34.043
2001/06/06,34.065
2001/06/07,34.065
2001/06/08,34.053
2001/06/11,34.053
2001/06/12,34.065
2001/06/13,34.377
2001/06/14,34.395
2001/06/15,34.370
2001/06/18,34.379
2001/06/19,34.403
2001/06/20,34.400
2001/06/21,34.456
2001/06/22,34.434
2001/06/26,34.413
2001/06/27,34.456
2001/06/28,34.465
2001/06/29,34.435
2001/07/02,34.428
2001/07/03,34.394
2001/07/04,34.426
2001/07/05,34.465
2001/07/06,34.473
2001/07/09,34.545
2001/07/10,34.656
2001/07/11,35.050
2001/07/12,34.976
2001/07/13,34.975
2001/07/16,35.006
2001/07/17,35.047
2001/07/18,35.027
2001/07/19,35.015
2001/07/20,34.961
2001/07/23,34.893
2001/07/24,34.878
2001/07/25,34.850
2001/07/26,34.786
2001/07/27,34.767
2001/07/31,34.759
2001/08/01,34.730
2001/08/02,34.699
2001/08/03,34.669
2001/08/06,34.650
2001/08/07,34.668
2001/08/08,34.648
2001/08/09,34.662
2001/08/10,34.625
2001/08/13,34.599
2001/08/14,34.582
2001/08/15,34.570
2001/08/16,34.520
2001/08/17,34.541
2001/08/20,34.606
2001/08/21,34.586
2001/08/22,34.603
2001/08/23,34.629
2001/08/24,34.625
2001/08/27,34.609
2001/08/28,34.602
2001/08/29,34.593
2001/08/30,34.582
2001/08/31,34.554
2001/09/03,34.538
2001/09/04,34.548
2001/09/05,34.578
2001/09/06,34.616
2001/09/07,34.656
2001/09/10,34.651
2001/09/11,34.684
2001/09/12,34.599
2001/09/13,34.579
2001/09/14,34.575
2001/09/19,34.572
2001/09/20,34.575
2001/09/21,34.573
2001/09/24,34.578
2001/09/25,34.574
2001/09/26,34.568
2001/09/27,34.548
2001/09/28,34.549
2001/10/02,34.574
2001/10/03,34.569
2001/10/04,34.568
2001/10/05,34.559
2001/10/08,34.557
2001/10/09,34.555
2001/10/11,34.553
2001/10/12,34.550
2001/10/15,34.549
2001/10/16,34.549
2001/10/17,34.548
2001/10/18,34.545
2001/10/19,34.543
2001/10/22,34.543
2001/10/23,34.550
2001/10/24,34.545
2001/10/25,34.545
2001/10/26,34.539
2001/10/29,34.528
2001/10/30,34.526
2001/10/31,34.525
2001/11/01,34.529
2001/11/02,34.528
2001/11/05,34.526
2001/11/06,34.526
2001/11/07,34.520
2001/11/08,34.510
2001/11/09,34.500
2001/11/12,34.501
2001/11/13,34.505
2001/11/14,34.499
2001/11/15,34.501
2001/11/16,34.500
2001/11/19,34.495
2001/11/20,34.489
2001/11/21,34.483
2001/11/22,34.481
2001/11/23,34.481
2001/11/26,34.480
2001/11/27,34.468
2001/11/28,34.467
2001/11/29,34.465
2001/11/30,34.466
2001/12/03,34.465
2001/12/04,34.461
2001/12/05,34.460
2001/12/06,34.462
2001/12/07,34.455
2001/12/10,34.457
2001/12/11,34.456
2001/12/12,34.455
2001/12/13,34.464
2001/12/14,34.495
2001/12/17,34.580
2001/12/18,34.707
2001/12/19,34.727
2001/12/20,34.756
2001/12/21,34.916
2001/12/24,34.970
2001/12/25,35.021
2001/12/26,35.096
2001/12/27,35.127
2001/12/28,35.084
2001/12/31,34.999
2002/01/02,35.036
2002/01/03,35.030
2002/01/04,34.995
2002/01/07,34.943
2002/01/08,35.038
2002/01/09,35.050
2002/01/10,35.025
2002/01/11,35.045
2002/01/14,35.027
2002/01/15,34.999
2002/01/16,35.000
2002/01/17,35.006
2002/01/18,35.025
2002/01/21,35.010
2002/01/22,35.061
2002/01/23,35.082
2002/01/24,35.076
2002/01/25,35.057
2002/01/28,35.015
2002/01/29,35.001
2002/01/30,34.985
2002/01/31,34.980
2002/02/01,35.004
2002/02/04,34.998
2002/02/05,34.993
2002/02/06,35.016
2002/02/07,35.029
2002/02/08,35.080
2002/02/15,35.101
2002/02/18,35.085
2002/02/19,35.095
2002/02/20,35.098
2002/02/21,35.097
2002/02/22,35.102
2002/02/25,35.090
2002/02/26,35.088
2002/02/27,35.112
2002/03/01,35.103
2002/03/04,35.090
2002/03/05,35.069
2002/03/06,35.030
2002/03/07,34.989
2002/03/08,34.947
2002/03/11,34.949
2002/03/12,34.947
2002/03/13,34.980
2002/03/14,34.975
2002/03/15,34.985
2002/03/18,35.028
2002/03/19,35.049
2002/03/20,35.050
2002/03/21,35.035
2002/03/22,35.036
2002/03/25,35.046
2002/03/26,35.037
2002/03/27,35.024
2002/03/28,35.009
2002/03/29,35.000
2002/04/01,35.002
2002/04/02,35.005
2002/04/03,35.002
2002/04/04,34.999
2002/04/08,34.978
2002/04/09,34.982
2002/04/10,34.980
2002/04/11,34.990
2002/04/12,34.998
2002/04/15,34.992
2002/04/16,34.984
2002/04/17,34.963
2002/04/18,34.940
2002/04/19,34.898
2002/04/22,34.845
2002/04/23,34.810
2002/04/24,34.808
2002/04/25,34.783
2002/04/26,34.769
2002/04/29,34.730
2002/04/30,34.717
2002/05/02,34.645
2002/05/03,34.592
2002/05/06,34.565
2002/05/07,34.565
2002/05/08,34.588
2002/05/09,34.605
2002/05/10,34.573
2002/05/13,34.550
2002/05/14,34.579
2002/05/15,34.568
2002/05/16,34.538
2002/05/17,34.458
2002/05/20,34.412
2002/05/21,34.415
2002/05/22,34.393
2002/05/23,34.383
2002/05/24,34.414
2002/05/27,34.375
2002/05/28,34.309
2002/05/29,34.239
2002/05/30,34.190
2002/05/31,34.145
2002/06/03,34.139
2002/06/04,34.093
2002/06/05,34.097
2002/06/06,34.169
2002/06/07,34.159
2002/06/10,34.164
2002/06/11,34.117
2002/06/12,34.116
2002/06/13,34.121
2002/06/14,34.112
2002/06/17,34.101
2002/06/18,34.117
2002/06/19,34.099
2002/06/20,34.023
2002/06/21,33.855
2002/06/24,33.772
2002/06/25,33.738
2002/06/26,33.622
2002/06/27,33.600
2002/06/28,33.558
2002/07/01,33.568
2002/07/02,33.585
2002/07/03,33.595
2002/07/04,33.574
2002/07/05,33.580
2002/07/08,33.513
2002/07/09,33.380
2002/07/10,33.282
2002/07/11,33.284
2002/07/12,33.284
2002/07/15,33.206
2002/07/16,33.100
2002/07/17,32.999
2002/07/18,33.040
2002/07/19,33.023
2002/07/22,33.028
2002/07/23,33.289
2002/07/24,33.437
2002/07/25,33.409
2002/07/26,33.689
2002/07/29,33.894
2002/07/30,33.807
2002/07/31,33.758
2002/08/01,33.667
2002/08/02,33.723
2002/08/05,33.825
2002/08/06,34.030
2002/08/07,33.895
2002/08/08,33.998
2002/08/09,33.919
2002/08/12,33.870
2002/08/13,33.845
2002/08/14,33.735
2002/08/15,33.825
2002/08/16,33.890
2002/08/19,33.985
2002/08/20,34.000
2002/08/21,33.995
2002/08/22,34.057
2002/08/23,34.139
2002/08/26,34.245
2002/08/27,34.236
2002/08/28,34.230
2002/08/29,34.193
2002/08/30,34.247
2002/09/02,34.325
2002/09/03,34.325
2002/09/04,34.236
2002/09/05,34.122
2002/09/09,34.254
2002/09/10,34.303
2002/09/11,34.395
2002/09/12,34.410
2002/09/13,34.410
2002/09/16,34.776
2002/09/17,34.781
2002/09/18,34.685
2002/09/19,34.620
2002/09/20,34.772
2002/09/23,34.820
2002/09/24,34.835
2002/09/25,34.900
2002/09/26,34.993
2002/09/27,34.921
2002/09/30,34.918
2002/10/01,34.915
2002/10/02,34.979
2002/10/03,34.993
2002/10/04,34.994
2002/10/07,35.069
2002/10/08,35.118
2002/10/09,35.111
2002/10/11,35.157
2002/10/14,35.168
2002/10/15,35.168
2002/10/16,34.970
2002/10/17,34.850
2002/10/18,34.928
2002/10/21,34.895
2002/10/22,34.926
2002/10/23,34.790
2002/10/24,34.805
2002/10/25,34.805
2002/10/28,34.899
2002/10/29,34.815
2002/10/30,34.810
2002/10/31,34.761
2002/11/01,34.795
2002/11/04,34.698
2002/11/05,34.625
2002/11/06,34.685
2002/11/07,34.596
2002/11/08,34.505
2002/11/11,34.415
2002/11/12,34.565
2002/11/13,34.619
2002/11/14,34.736
2002/11/15,34.710
2002/11/18,34.757
2002/11/19,34.781
2002/11/20,34.865
2002/11/21,34.798
2002/11/22,34.757
2002/11/25,34.804
2002/11/26,34.773
2002/11/27,34.820
2002/11/28,34.805
2002/11/29,34.812
2002/12/02,34.838
2002/12/03,34.888
2002/12/04,34.881
2002/12/05,34.944
2002/12/06,34.902
2002/12/09,34.805
2002/12/10,34.854
2002/12/11,34.860
2002/12/12,34.838
2002/12/13,34.835
2002/12/16,34.796
2002/12/17,34.785
2002/12/18,34.848
2002/12/19,34.885
2002/12/20,34.853
2002/12/23,34.818
2002/12/24,34.848
2002/12/25,34.850
2002/12/26,34.868
2002/12/27,34.878
2002/12/30,34.835
2002/12/31,34.753
2003/01/02,34.791
2003/01/03,34.806
2003/01/06,34.645
2003/01/07,34.599
2003/01/08,34.642
2003/01/09,34.559
2003/01/10,34.594
2003/01/13,34.558
2003/01/14,34.528
2003/01/15,34.490
2003/01/16,34.450
2003/01/17,34.467
2003/01/20,34.485
2003/01/21,34.680
2003/01/22,34.644
2003/01/23,34.658
2003/01/24,34.575
2003/01/27,34.560
2003/01/28,34.660
2003/01/29,34.655
2003/01/30,34.703
2003/02/06,34.734
2003/02/07,34.757
2003/02/10,34.779
2003/02/11,34.855
2003/02/12,34.815
2003/02/13,34.817
2003/02/14,34.819
2003/02/17,34.832
2003/02/18,34.788
2003/02/19,34.804
2003/02/20,34.792
2003/02/21,34.751
2003/02/24,34.778
2003/02/25,34.740
2003/02/26,34.784
2003/02/27,34.746
2003/03/03,34.759
2003/03/04,34.662
2003/03/05,34.615
2003/03/06,34.668
2003/03/07,34.640
2003/03/10,34.597
2003/03/11,34.620
2003/03/12,34.721
2003/03/13,34.739
2003/03/14,34.707
2003/03/17,34.703
2003/03/18,34.730
2003/03/19,34.780
2003/03/20,34.775
2003/03/21,34.791
2003/03/24,34.788
2003/03/25,34.753
2003/03/26,34.794
2003/03/27,34.790
2003/03/28,34.792
2003/03/31,34.750
2003/04/01,34.768
2003/04/02,34.798
2003/04/03,34.812
2003/04/04,34.825
2003/04/07,34.844
2003/04/08,34.818
2003/04/09,34.812
2003/04/10,34.767
2003/04/11,34.796
2003/04/14,34.806
2003/04/15,34.813
2003/04/16,34.797
2003/04/17,34.778
2003/04/18,34.785
2003/04/21,34.796
2003/04/22,34.816
2003/04/23,34.812
2003/04/24,34.856
2003/04/25,34.944
2003/04/28,34.938
2003/04/29,34.898
2003/04/30,34.849
2003/05/02,34.792
2003/05/05,34.801
2003/05/06,34.745
2003/05/07,34.712
2003/05/08,34.719
2003/05/09,34.775
2003/05/12,34.715
2003/05/13,34.721
2003/05/14,34.691
2003/05/15,34.647
2003/05/16,34.708
2003/05/19,34.628
2003/05/20,34.695
2003/05/21,34.657
2003/05/22,34.690
2003/05/23,34.707
2003/05/26,34.709
2003/05/27,34.712
2003/05/28,34.730
2003/05/29,34.772
2003/05/30,34.712
2003/06/02,34.699
2003/06/03,34.687
2003/06/05,34.665
2003/06/06,34.665
2003/06/09,34.662
2003/06/10,34.677
2003/06/11,34.682
2003/06/12,34.667
2003/06/13,34.645
2003/06/16,34.599
2003/06/17,34.522
2003/06/18,34.545
2003/06/19,34.614
2003/06/20,34.593
2003/06/23,34.591
2003/06/24,34.580
2003/06/25,34.556
2003/06/26,34.576
2003/06/27,34.615
2003/06/30,34.612
2003/07/01,34.584
2003/07/02,34.536
2003/07/03,34.465
2003/07/04,34.390
2003/07/07,34.405
2003/07/08,34.380
2003/07/09,34.350
2003/07/10,34.341
2003/07/11,34.400
2003/07/14,34.376
2003/07/15,34.364
2003/07/16,34.410
2003/07/17,34.420
2003/07/18,34.468
2003/07/21,34.425
2003/07/22,34.441
2003/07/23,34.417
2003/07/24,34.398
2003/07/25,34.405
2003/07/28,34.388
2003/07/29,34.380
2003/07/30,34.400
2003/07/31,34.417
2003/08/01,34.510
2003/08/04,34.430
2003/08/05,34.466
2003/08/06,34.446
2003/08/07,34.446
2003/08/08,34.415
2003/08/11,34.389
2003/08/12,34.382
2003/08/13,34.385
2003/08/14,34.387
2003/08/15,34.358
2003/08/18,34.358
2003/08/19,34.353
2003/08/20,34.298
2003/08/21,34.238
2003/08/22,34.217
2003/08/25,34.180
2003/08/26,34.194
2003/08/27,34.209
2003/08/28,34.210
2003/08/29,34.170
2003/09/01,34.112
2003/09/02,34.115
2003/09/03,34.095
2003/09/04,34.120
2003/09/05,34.117
2003/09/08,34.129
2003/09/09,34.097
2003/09/10,34.090
2003/09/12,34.100
2003/09/15,34.147
2003/09/16,34.103
2003/09/17,34.090
2003/09/18,34.091
2003/09/19,34.058
2003/09/22,33.805
2003/09/23,33.735
2003/09/24,33.760
2003/09/25,33.795
2003/09/26,33.791
2003/09/29,33.790
2003/09/30,33.780
2003/10/01,33.810
2003/10/02,33.768
2003/10/03,33.767
2003/10/06,33.810
2003/10/07,33.793
2003/10/08,33.768
2003/10/09,33.743
2003/10/13,33.710
2003/10/14,34.051
2003/10/15,33.900
2003/10/16,33.950
2003/10/17,33.920
2003/10/20,33.915
2003/10/21,34.000
2003/10/22,34.005
2003/10/23,33.975
2003/10/24,34.020
2003/10/27,33.992
2003/10/28,33.988
2003/10/29,33.945
2003/10/30,33.910
2003/10/31,33.980
2003/11/03,34.025
2003/11/04,34.025
2003/11/05,34.018
2003/11/06,34.020
2003/11/07,34.012
2003/11/10,33.975
2003/11/11,34.029
2003/11/12,34.009
2003/11/13,33.995
2003/11/14,33.984
2003/11/17,34.024
2003/11/18,34.024
2003/11/19,34.004
2003/11/20,34.027
2003/11/21,34.045
2003/11/24,34.070
2003/11/25,34.110
2003/11/26,34.180
2003/11/27,34.220
2003/11/28,34.208
2003/12/01,34.167
2003/12/02,34.148
2003/12/03,34.115
2003/12/04,34.098
2003/12/05,34.104
2003/12/08,34.060
2003/12/09,34.015
2003/12/10,34.040
2003/12/11,34.048
2003/12/12,34.028
2003/12/15,34.015
2003/12/16,34.016
2003/12/17,34.042
2003/12/18,34.054
2003/12/19,34.052
2003/12/22,34.058
2003/12/23,34.050
2003/12/24,34.056
2003/12/25,34.045
2003/12/26,34.052
2003/12/29,34.061
2003/12/30,34.033
2003/12/31,33.978
2004/01/02,33.976
2004/01/05,33.900
2004/01/06,33.830
2004/01/07,33.809
2004/01/08,33.797
2004/01/09,33.788
2004/01/12,33.717
2004/01/13,33.718
2004/01/14,33.690
2004/01/15,33.700
2004/01/16,33.685
2004/01/19,33.680
2004/01/20,33.719
2004/01/27,33.525
2004/01/28,33.368
2004/01/29,33.388
2004/01/30,33.390
2004/02/02,33.333
2004/02/03,33.273
2004/02/04,33.288
2004/02/05,33.285
2004/02/06,33.295
2004/02/09,33.227
2004/02/10,33.195
2004/02/11,33.149
2004/02/12,33.129
2004/02/13,33.130
2004/02/16,33.105
2004/02/17,33.107
2004/02/18,33.100
2004/02/19,33.179
2004/02/20,33.220
2004/02/23,33.299
2004/02/24,33.301
2004/02/25,33.252
2004/02/26,33.311
2004/02/27,33.365
2004/03/01,33.320
2004/03/02,33.323
2004/03/03,33.377
2004/03/04,33.342
2004/03/05,33.401
2004/03/08,33.403
2004/03/09,33.327
2004/03/10,33.384
2004/03/11,33.387
2004/03/12,33.472
2004/03/15,33.427
2004/03/16,33.360
2004/03/17,33.293
2004/03/18,33.228
2004/03/19,33.253
2004/03/22,33.285
2004/03/23,33.285
2004/03/24,33.251
2004/03/25,33.278
2004/03/26,33.274
2004/03/29,33.194
2004/03/30,33.160
2004/03/31,33.020
2004/04/01,32.950
2004/04/02,32.929
2004/04/05,32.949
2004/04/06,32.990
2004/04/07,32.924
2004/04/08,32.910
2004/04/09,32.940
2004/04/12,32.884
2004/04/13,32.798
2004/04/14,32.920
2004/04/15,33.015
2004/04/16,32.975
2004/04/19,32.925
2004/04/20,32.945
2004/04/21,33.021
2004/04/22,33.110
2004/04/23,33.093
2004/04/26,33.062
2004/04/27,33.044
2004/04/28,33.081
2004/04/29,33.295
2004/04/30,33.369
2004/05/03,33.328
2004/05/04,33.277
2004/05/05,33.252
2004/05/06,33.195
2004/05/07,33.314
2004/05/10,33.600
2004/05/11,33.647
2004/05/12,33.505
2004/05/13,33.621
2004/05/14,33.663
2004/05/17,33.686
2004/05/18,33.683
2004/05/19,33.516
2004/05/20,33.617
2004/05/21,33.549
2004/05/24,33.588
2004/05/25,33.619
2004/05/26,33.561
2004/05/27,33.537
2004/05/28,33.449
2004/05/31,33.389
2004/06/01,33.445
2004/06/02,33.559
2004/06/03,33.591
2004/06/04,33.582
2004/06/07,33.487
2004/06/08,33.470
2004/06/09,33.425
2004/06/10,33.530
2004/06/11,33.605
2004/06/14,33.700
2004/06/15,33.696
2004/06/16,33.694
2004/06/17,33.711
2004/06/18,33.785
2004/06/21,33.775
2004/06/23,33.780
2004/06/24,33.707
2004/06/25,33.680
2004/06/28,33.751
2004/06/29,33.767
2004/06/30,33.775
2004/07/01,33.699
2004/07/02,33.724
2004/07/05,33.710
2004/07/06,33.733
2004/07/07,33.712
2004/07/08,33.746
2004/07/09,33.719
2004/07/12,33.700
2004/07/13,33.732
2004/07/14,33.787
2004/07/15,33.911
2004/07/16,33.877
2004/07/19,33.876
2004/07/20,33.935
2004/07/21,33.946
2004/07/22,33.994
2004/07/23,34.065
2004/07/26,34.098
2004/07/27,34.135
2004/07/28,34.199
2004/07/29,34.185
2004/07/30,34.136
2004/08/02,34.103
2004/08/03,34.100
2004/08/04,34.173
2004/08/05,34.155
2004/08/06,34.156
2004/08/09,34.106
2004/08/10,34.098
2004/08/11,34.140
2004/08/12,34.140
2004/08/13,34.192
2004/08/16,34.195
2004/08/17,34.188
2004/08/18,34.179
2004/08/19,34.070
2004/08/20,34.046
2004/08/23,34.068
2004/08/26,34.075
2004/08/27,34.065
2004/08/30,34.079
2004/08/31,34.053
2004/09/01,33.963
2004/09/02,33.920
2004/09/03,33.907
2004/09/06,33.933
2004/09/07,33.929
2004/09/08,33.914
2004/09/09,33.902
2004/09/10,33.925
2004/09/13,33.907
2004/09/14,33.870
2004/09/15,33.811
2004/09/16,33.834
2004/09/17,33.868
2004/09/20,33.893
2004/09/21,33.920
2004/09/22,33.902
2004/09/23,33.960
2004/09/24,33.981
2004/09/27,33.998
2004/09/29,34.010
2004/09/30,33.984
2004/10/01,33.940
2004/10/04,33.876
2004/10/05,33.918
2004/10/06,33.919
2004/10/07,33.907
2004/10/08,33.880
2004/10/11,33.827
2004/10/12,33.878
2004/10/13,33.890
2004/10/14,33.870
2004/10/15,33.866
2004/10/18,33.862
2004/10/19,33.856
2004/10/20,33.814
2004/10/21,33.796
2004/10/22,33.796
2004/10/26,33.693
2004/10/27,33.615
2004/10/28,33.520
2004/10/29,33.435
2004/11/01,33.460
2004/11/02,33.482
2004/11/03,33.427
2004/11/04,33.285
2004/11/05,33.075
2004/11/08,32.890
2004/11/09,32.974
2004/11/10,33.117
2004/11/11,33.091
2004/11/12,32.990
2004/11/15,32.802
2004/11/16,32.819
2004/11/17,32.659
2004/11/18,32.420
2004/11/19,32.554
2004/11/22,32.479
2004/11/23,32.487
2004/11/24,32.387
2004/11/25,32.239
2004/11/26,32.095
2004/11/29,32.155
2004/11/30,32.205
2004/12/01,32.199
2004/12/02,31.990
2004/12/03,32.200
2004/12/06,32.070
2004/12/07,32.100
2004/12/08,32.260
2004/12/09,32.335
2004/12/10,32.475
2004/12/13,32.450
2004/12/14,32.444
2004/12/15,32.447
2004/12/16,32.340
2004/12/17,32.360
2004/12/20,32.408
2004/12/21,32.338
2004/12/22,32.302
2004/12/23,32.228
2004/12/24,32.190
2004/12/27,32.180
2004/12/28,32.030
2004/12/29,31.976
2004/12/30,31.978
2004/12/31,31.917
2005/01/03,31.845
2005/01/04,31.846
2005/01/05,32.060
2005/01/06,32.179
2005/01/07,32.138
2005/01/10,32.263
2005/01/11,32.122
2005/01/12,32.028
2005/01/13,31.868
2005/01/14,32.019
2005/01/17,31.804
2005/01/18,31.893
2005/01/19,31.802
2005/01/20,31.875
2005/01/21,31.913
2005/01/24,31.830
2005/01/25,31.881
2005/01/26,31.894
2005/01/27,31.863
2005/01/28,31.802
2005/01/31,31.790
2005/02/01,31.798
2005/02/02,31.699
2005/02/03,31.639
2005/02/04,31.623
2005/02/05,31.680
2005/02/14,31.651
2005/02/15,31.590
2005/02/16,31.569
2005/02/17,31.563
2005/02/18,31.542
2005/02/21,31.516
2005/02/22,31.332
2005/02/23,31.199
2005/02/24,31.175
2005/02/25,31.175
2005/03/01,31.045
2005/03/02,30.878
2005/03/03,30.863
2005/03/04,30.950
2005/03/07,30.879
2005/03/08,30.875
2005/03/09,30.819
2005/03/10,30.790
2005/03/11,30.820
2005/03/14,30.832
2005/03/15,31.000
2005/03/16,31.027
2005/03/17,31.092
2005/03/18,31.152
2005/03/21,31.294
2005/03/22,31.390
2005/03/23,31.369
2005/03/24,31.464
2005/03/25,31.500
2005/03/28,31.673
2005/03/29,31.776
2005/03/30,31.784
2005/03/31,31.530
2005/04/01,31.393
2005/04/04,31.585
2005/04/06,31.571
2005/04/07,31.555
2005/04/08,31.609
2005/04/11,31.560
2005/04/12,31.568
2005/04/13,31.540
2005/04/14,31.617
2005/04/15,31.699
2005/04/18,31.699
2005/04/19,31.573
2005/04/20,31.513
2005/04/21,31.541
2005/04/22,31.503
2005/04/25,31.374
2005/04/26,31.413
2005/04/27,31.441
2005/04/28,31.427
2005/04/29,31.279
2005/05/03,31.280
2005/05/04,31.189
2005/05/05,31.140
2005/05/06,31.160
2005/05/09,31.229
2005/05/10,31.218
2005/05/11,31.210
2005/05/12,31.263
2005/05/13,31.315
2005/05/16,31.411
2005/05/17,31.372
2005/05/18,31.383
2005/05/19,31.300
2005/05/20,31.319
2005/05/23,31.407
2005/05/24,31.356
2005/05/25,31.365
2005/05/26,31.403
2005/05/27,31.361
2005/05/30,31.330
2005/05/31,31.363
2005/06/01,31.390
2005/06/02,31.398
2005/06/03,31.303
2005/06/06,31.225
2005/06/07,31.226
2005/06/08,31.269
2005/06/09,31.308
2005/06/10,31.308
2005/06/13,31.379
2005/06/14,31.425
2005/06/15,31.385
2005/06/16,31.415
2005/06/17,31.323
2005/06/20,31.319
2005/06/21,31.390
2005/06/22,31.355
2005/06/23,31.359
2005/06/24,31.361
2005/06/27,31.365
2005/06/28,31.434
2005/06/29,31.610
2005/06/30,31.618
2005/07/01,31.687
2005/07/04,31.797
2005/07/05,32.040
2005/07/06,31.935
2005/07/07,32.070
2005/07/08,32.115
2005/07/11,31.984
2005/07/12,31.893
2005/07/13,31.979
2005/07/14,31.917
2005/07/15,31.942
2005/07/19,31.936
2005/07/20,32.001
2005/07/21,31.953
2005/07/22,31.648
2005/07/25,31.754
2005/07/26,31.866
2005/07/27,31.966
2005/07/28,31.953
2005/07/29,31.996
2005/08/01,31.920
2005/08/02,31.844
2005/08/03,31.893
2005/08/04,31.820
2005/08/08,31.949
2005/08/09,31.963
2005/08/10,31.929
2005/08/11,31.905
2005/08/12,31.892
2005/08/15,31.966
2005/08/16,31.992
2005/08/17,32.066
2005/08/18,32.114
2005/08/19,32.189
2005/08/22,32.118
2005/08/23,32.129
2005/08/24,32.280
2005/08/25,32.293
2005/08/26,32.310
2005/08/29,32.487
2005/08/30,32.657
2005/08/31,32.751
2005/09/02,32.529
2005/09/05,32.422
2005/09/06,32.586
2005/09/07,32.643
2005/09/08,32.746
2005/09/09,32.750
2005/09/12,32.684
2005/09/13,32.741
2005/09/14,32.774
2005/09/15,32.833
2005/09/16,32.931
2005/09/19,33.096
2005/09/20,33.048
2005/09/21,33.088
2005/09/22,33.135
2005/09/23,33.173
2005/09/26,33.274
2005/09/27,33.282
2005/09/28,33.282
2005/09/29,33.217
2005/09/30,33.188
2005/10/03,33.246
2005/10/04,33.298
2005/10/05,33.238
2005/10/06,33.260
2005/10/07,33.232
2005/10/11,33.262
2005/10/12,33.369
2005/10/13,33.469
2005/10/14,33.450
2005/10/17,33.450
2005/10/18,33.579
2005/10/19,33.678
2005/10/20,33.681
2005/10/21,33.633
2005/10/24,33.770
2005/10/25,33.741
2005/10/26,33.660
2005/10/27,33.666
2005/10/28,33.606
2005/10/31,33.551
2005/11/01,33.583
2005/11/02,33.587
2005/11/03,33.622
2005/11/04,33.657
2005/11/07,33.690
2005/11/08,33.716
2005/11/09,33.648
2005/11/10,33.605
2005/11/11,33.473
2005/11/14,33.395
2005/11/15,33.512
2005/11/16,33.622
2005/11/17,33.629
2005/11/18,33.631
2005/11/21,33.617
2005/11/22,33.626
2005/11/23,33.487
2005/11/24,33.486
2005/11/25,33.550
2005/11/28,33.598
2005/11/29,33.520
2005/11/30,33.516
2005/12/01,33.563
2005/12/02,33.530
2005/12/05,33.493
2005/12/06,33.461
2005/12/07,33.485
2005/12/08,33.501
2005/12/09,33.517
2005/12/12,33.554
2005/12/13,33.498
2005/12/14,33.362
2005/12/15,33.225
2005/12/16,33.174
2005/12/19,33.187
2005/12/20,33.250
2005/12/21,33.256
2005/12/22,33.261
2005/12/23,33.178
2005/12/26,33.098
2005/12/27,33.132
2005/12/28,33.107
2005/12/29,32.908
2005/12/30,32.850
2006/01/02,32.818
2006/01/03,32.645
2006/01/04,32.340
2006/01/05,32.016
2006/01/06,32.198
2006/01/09,31.952
2006/01/10,32.021
2006/01/11,32.070
2006/01/12,31.880
2006/01/13,31.995
2006/01/16,31.927
2006/01/17,31.999
2006/01/18,32.125
2006/01/19,32.140
2006/01/20,32.125
2006/01/23,31.983
2006/01/24,31.980
2006/01/25,31.970
2006/01/26,31.985
2006/01/27,31.985
2006/02/03,32.094
2006/02/06,32.095
2006/02/07,32.231
2006/02/08,32.350
2006/02/09,32.420
2006/02/10,32.267
2006/02/13,32.374
2006/02/14,32.300
2006/02/15,32.352
2006/02/16,32.401
2006/02/17,32.390
2006/02/20,32.400
2006/02/21,32.483
2006/02/22,32.646
2006/02/23,32.570
2006/02/24,32.492
2006/02/27,32.455
2006/03/01,32.283
2006/03/02,32.310
2006/03/03,32.401
2006/03/06,32.473
2006/03/07,32.529
2006/03/08,32.530
2006/03/09,32.523
2006/03/10,32.513
2006/03/13,32.500
2006/03/14,32.434
2006/03/15,32.400
2006/03/16,32.445
2006/03/17,32.430
2006/03/20,32.421
2006/03/21,32.501
2006/03/22,32.557
2006/03/23,32.578
2006/03/24,32.669
2006/03/27,32.570
2006/03/28,32.577
2006/03/29,32.598
2006/03/30,32.537
2006/03/31,32.460
2006/04/03,32.586
2006/04/04,32.472
2006/04/06,32.329
2006/04/07,32.328
2006/04/10,32.405
2006/04/11,32.446
2006/04/12,32.532
2006/04/13,32.498
2006/04/14,32.481
2006/04/17,32.460
2006/04/18,32.486
2006/04/19,32.408
2006/04/20,32.311
2006/04/21,32.309
2006/04/24,31.992
2006/04/25,31.993
2006/04/26,32.052
2006/04/27,31.923
2006/04/28,31.913
2006/05/02,31.786
2006/05/03,31.627
2006/05/04,31.689
2006/05/05,31.646
2006/05/08,31.380
2006/05/09,31.497
2006/05/10,31.338
2006/05/11,31.460
2006/05/12,31.398
2006/05/15,31.648
2006/05/16,31.820
2006/05/17,31.574
2006/05/18,31.853
2006/05/19,31.948
2006/05/22,32.146
2006/05/23,31.992
2006/05/24,32.012
2006/05/25,32.112
2006/05/26,32.038
2006/05/29,32.038
2006/05/30,32.019
2006/06/01,32.110
2006/06/02,32.080
2006/06/05,32.049
2006/06/06,32.062
2006/06/07,32.220
2006/06/08,32.513
2006/06/09,32.450
2006/06/12,32.543
2006/06/13,32.660
2006/06/14,32.620
2006/06/15,32.541
2006/06/16,32.480
2006/06/19,32.598
2006/06/20,32.596
2006/06/21,32.625
2006/06/22,32.638
2006/06/23,32.716
2006/06/26,32.729
2006/06/27,32.664
2006/06/28,32.655
2006/06/29,32.620
2006/06/30,32.399
2006/07/03,32.310
2006/07/04,32.248
2006/07/05,32.390
2006/07/06,32.459
2006/07/07,32.397
2006/07/10,32.347
2006/07/11,32.455
2006/07/12,32.487
2006/07/13,32.576
2006/07/14,32.687
2006/07/17,32.860
2006/07/18,32.866
2006/07/19,32.897
2006/07/20,32.740
2006/07/21,32.750
2006/07/24,32.855
2006/07/25,32.800
2006/07/26,32.849
2006/07/27,32.756
2006/07/28,32.795
2006/07/31,32.756
2006/08/01,32.818
2006/08/02,32.864
2006/08/03,32.865
2006/08/04,32.869
2006/08/07,32.803
2006/08/08,32.816
2006/08/09,32.777
2006/08/10,32.586
2006/08/11,32.644
2006/08/14,32.745
2006/08/15,32.756
2006/08/16,32.749
2006/08/17,32.627
2006/08/18,32.667
2006/08/21,32.690
2006/08/22,32.760
2006/08/23,32.779
2006/08/24,32.845
2006/08/25,32.888
2006/08/28,32.918
2006/08/29,32.880
2006/08/30,32.910
2006/08/31,32.906
2006/09/01,32.884
2006/09/04,32.749
2006/09/05,32.770
2006/09/06,32.812
2006/09/07,32.860
2006/09/08,32.880
2006/09/11,32.920
2006/09/12,32.914
2006/09/13,32.897
2006/09/14,32.915
2006/09/15,32.936
2006/09/18,32.930
2006/09/19,32.906
2006/09/20,32.909
2006/09/21,32.895
2006/09/22,32.940
2006/09/25,32.939
2006/09/26,32.940
2006/09/27,32.958
2006/09/28,32.992
2006/09/29,33.098
2006/10/02,33.127
2006/10/03,33.055
2006/10/04,33.120
2006/10/05,33.093
2006/10/11,33.290
2006/10/12,33.239
2006/10/13,33.130
2006/10/14,33.174
2006/10/16,33.234
2006/10/17,33.158
2006/10/18,33.180
2006/10/19,33.199
2006/10/20,33.202
2006/10/23,33.276
2006/10/24,33.308
2006/10/25,33.316
2006/10/26,33.265
2006/10/27,33.280
2006/10/30,33.221
2006/10/31,33.260
2006/11/01,33.167
2006/11/02,33.045
2006/11/03,32.920
2006/11/06,32.950
2006/11/07,32.840
2006/11/08,32.869
2006/11/09,32.870
2006/11/10,32.819
2006/11/13,32.736
2006/11/14,32.765
2006/11/15,32.813
2006/11/16,32.843
2006/11/17,32.934
2006/11/20,32.936
2006/11/21,32.873
2006/11/22,32.812
2006/11/23,32.790
2006/11/24,32.833
2006/11/27,32.704
2006/11/28,32.675
2006/11/29,32.500
2006/11/30,32.432
2006/12/01,32.370
2006/12/04,32.398
2006/12/05,32.304
2006/12/06,32.297
2006/12/07,32.300
2006/12/08,32.390
2006/12/11,32.490
2006/12/12,32.489
2006/12/13,32.522
2006/12/14,32.557
2006/12/15,32.587
2006/12/18,32.600
2006/12/19,32.744
2006/12/20,32.617
2006/12/21,32.553
2006/12/22,32.565
2006/12/25,32.610
2006/12/26,32.650
2006/12/27,32.699
2006/12/28,32.660
2006/12/29,32.596
2007/01/02,32.403
2007/01/03,32.407
2007/01/04,32.550
2007/01/05,32.609
2007/01/08,32.676
2007/01/09,32.690
2007/01/10,32.759
2007/01/11,32.774
2007/01/12,32.760
2007/01/15,32.757
2007/01/16,32.775
2007/01/17,32.792
2007/01/18,32.792
2007/01/19,32.810
2007/01/22,32.920
2007/01/23,32.947
2007/01/24,32.807
2007/01/25,32.849
2007/01/26,32.938
2007/01/29,32.970
2007/01/30,32.973
2007/01/31,32.949
2007/02/01,32.864
2007/02/02,32.916
2007/02/05,32.917
2007/02/06,32.968
2007/02/07,32.995
2007/02/08,33.010
2007/02/09,32.971
2007/02/12,33.024
2007/02/13,33.081
2007/02/14,32.990
2007/02/15,32.908
2007/02/16,32.993
2007/02/26,32.974
2007/02/27,32.950
2007/03/01,32.910
2007/03/02,32.918
2007/03/03,32.863
2007/03/05,32.899
2007/03/06,32.970
2007/03/07,32.976
2007/03/08,32.913
2007/03/09,32.968
2007/03/12,33.029
2007/03/13,32.978
2007/03/14,32.996
2007/03/15,33.029
2007/03/16,33.102
2007/03/19,33.108
2007/03/20,33.125
2007/03/21,33.106
2007/03/22,32.993
2007/03/23,33.040
2007/03/26,33.056
2007/03/27,33.076
2007/03/28,33.076
2007/03/29,33.064
2007/03/30,33.089
2007/04/02,33.098
2007/04/03,33.116
2007/04/04,33.081
2007/04/09,33.072
2007/04/10,33.088
2007/04/11,33.095
2007/04/12,33.105
2007/04/13,33.101
2007/04/14,33.106
2007/04/16,33.154
2007/04/17,33.161
2007/04/18,33.159
2007/04/19,33.136
2007/04/20,33.137
2007/04/23,33.166
2007/04/24,33.183
2007/04/25,33.192
2007/04/26,33.216
2007/04/27,33.265
2007/04/30,33.276
2007/05/02,33.286
2007/05/03,33.281
2007/05/04,33.280
2007/05/07,33.220
2007/05/08,33.254
2007/05/09,33.275
2007/05/10,33.288
2007/05/11,33.300
2007/05/14,33.313
2007/05/15,33.335
2007/05/16,33.331
2007/05/17,33.346
2007/05/18,33.371
2007/05/21,33.370
2007/05/22,33.385
2007/05/23,33.398
2007/05/24,33.298
2007/05/25,33.239
2007/05/28,33.148
2007/05/29,33.019
2007/05/30,32.979
2007/05/31,33.019
2007/06/01,33.009
2007/06/04,33.005
2007/06/05,33.012
2007/06/06,33.021
2007/06/07,33.032
2007/06/08,32.990
2007/06/11,33.009
2007/06/12,33.020
2007/06/13,33.039
2007/06/14,33.085
2007/06/15,33.142
2007/06/20,32.981
2007/06/21,32.928
2007/06/22,32.754
2007/06/23,32.736
2007/06/25,32.765
2007/06/26,32.764
2007/06/27,32.785
2007/06/28,32.836
2007/06/29,32.735
2007/07/02,32.765
2007/07/03,32.788
2007/07/04,32.768
2007/07/05,32.789
2007/07/06,32.809
2007/07/09,32.666
2007/07/10,32.752
2007/07/11,32.734
2007/07/12,32.793
2007/07/13,32.762
2007/07/16,32.808
2007/07/17,32.825
2007/07/18,32.821
2007/07/19,32.825
2007/07/20,32.790
2007/07/23,32.790
2007/07/24,32.758
2007/07/25,32.792
2007/07/26,32.840
2007/07/27,32.861
2007/07/30,32.827
2007/07/31,32.805
2007/08/01,32.866
2007/08/02,32.864
2007/08/03,32.871
2007/08/06,32.888
2007/08/07,32.896
2007/08/08,32.895
2007/08/09,32.885
2007/08/10,32.965
2007/08/13,32.965
2007/08/14,32.968
2007/08/15,33.010
2007/08/16,33.128
2007/08/17,32.931
2007/08/20,32.890
2007/08/21,32.921
2007/08/22,32.939
2007/08/23,32.945
2007/08/24,32.980
2007/08/27,32.994
2007/08/28,33.002
2007/08/29,33.060
2007/08/30,33.050
2007/08/31,32.996
2007/09/03,33.007
2007/09/04,33.025
2007/09/05,33.042
2007/09/06,33.041
2007/09/07,33.050
2007/09/10,33.060
2007/09/11,33.071
2007/09/12,33.069
2007/09/13,33.066
2007/09/14,33.071
2007/09/17,33.110
2007/09/19,33.090
2007/09/20,33.066
2007/09/21,32.953
2007/09/26,32.927
2007/09/27,32.825
2007/09/28,32.667
2007/09/29,32.580
2007/10/01,32.578
2007/10/02,32.573
2007/10/03,32.573
2007/10/04,32.599
2007/10/05,32.597
2007/10/08,32.588
2007/10/09,32.591
2007/10/11,32.582
2007/10/12,32.581
2007/10/15,32.598
2007/10/16,32.597
2007/10/17,32.605
2007/10/18,32.595
2007/10/19,32.572
2007/10/22,32.570
2007/10/23,32.580
2007/10/24,32.565
2007/10/25,32.499
2007/10/26,32.465
2007/10/29,32.415
2007/10/30,32.410
2007/10/31,32.410
2007/11/01,32.390
2007/11/02,32.390
2007/11/05,32.405
2007/11/06,32.400
2007/11/07,32.375
2007/11/08,32.308
2007/11/09,32.288
2007/11/12,32.290
2007/11/13,32.299
2007/11/14,32.288
2007/11/15,32.298
2007/11/16,32.336
2007/11/19,32.351
2007/11/20,32.350
2007/11/21,32.348
2007/11/22,32.340
2007/11/23,32.324
2007/11/26,32.320
2007/11/27,32.320
2007/11/28,32.326
2007/11/29,32.300
2007/11/30,32.268
2007/12/03,32.304
2007/12/04,32.305
2007/12/05,32.303
2007/12/06,32.309
2007/12/07,32.309
2007/12/10,32.322
2007/12/11,32.338
2007/12/12,32.363
2007/12/13,32.360
2007/12/14,32.376
2007/12/17,32.481
2007/12/18,32.517
2007/12/19,32.507
2007/12/20,32.496
2007/12/21,32.485
2007/12/24,32.498
2007/12/25,32.499
2007/12/26,32.529
2007/12/27,32.526
2007/12/28,32.499
2007/12/31,32.443
2008/01/02,32.443
2008/01/03,32.431
2008/01/04,32.439
2008/01/07,32.466
2008/01/08,32.457
2008/01/09,32.466
2008/01/10,32.487
2008/01/11,32.466
2008/01/14,32.370
2008/01/15,32.260
2008/01/16,32.272
2008/01/17,32.278
2008/01/18,32.315
2008/01/21,32.348
2008/01/22,32.439
2008/01/23,32.405
2008/01/24,32.352
2008/01/25,32.300
2008/01/28,32.345
2008/01/29,32.314
2008/01/30,32.248
2008/01/31,32.198
2008/02/01,32.178
2008/02/04,32.070
2008/02/05,32.010
2008/02/12,31.884
2008/02/13,31.688
2008/02/14,31.700
2008/02/15,31.740
2008/02/18,31.746
2008/02/19,31.698
2008/02/20,31.648
2008/02/21,31.521
2008/02/22,31.495
2008/02/25,31.388
2008/02/26,31.210
2008/02/27,30.929
2008/02/29,30.950
2008/03/03,31.102
2008/03/04,30.950
2008/03/05,30.879
2008/03/06,30.748
2008/03/07,30.750
2008/03/10,30.658
2008/03/11,30.624
2008/03/12,30.690
2008/03/13,30.686
2008/03/14,30.744
2008/03/17,30.850
2008/03/18,30.747
2008/03/19,30.720
2008/03/20,30.692
2008/03/21,30.550
2008/03/24,30.229
2008/03/25,30.100
2008/03/26,30.010
2008/03/27,30.180
2008/03/28,30.402
2008/03/31,30.405
2008/04/01,30.318
2008/04/02,30.380
2008/04/03,30.430
2008/04/07,30.418
2008/04/08,30.524
2008/04/09,30.465
2008/04/10,30.308
2008/04/11,30.319
2008/04/14,30.325
2008/04/15,30.266
2008/04/16,30.255
2008/04/17,30.275
2008/04/18,30.284
2008/04/21,30.288
2008/04/22,30.288
2008/04/23,30.293
2008/04/24,30.297
2008/04/25,30.340
2008/04/28,30.412
2008/04/29,30.408
2008/04/30,30.449
2008/05/02,30.455
2008/05/05,30.498
2008/05/06,30.490
2008/05/07,30.521
2008/05/08,30.824
2008/05/09,30.653
2008/05/12,30.850
2008/05/13,30.873
2008/05/14,31.002
2008/05/15,30.880
2008/05/16,30.660
2008/05/19,30.548
2008/05/20,30.584
2008/05/21,30.499
2008/05/22,30.380
2008/05/23,30.500
2008/05/26,30.507
2008/05/27,30.540
2008/05/28,30.512
2008/05/29,30.456
2008/05/30,30.413
2008/06/02,30.219
2008/06/03,30.290
2008/06/04,30.350
2008/06/05,30.392
2008/06/06,30.335
2008/06/09,30.299
2008/06/10,30.360
2008/06/11,30.375
2008/06/12,30.451
2008/06/13,30.451
2008/06/16,30.389
2008/06/17,30.317
2008/06/18,30.353
2008/06/19,30.380
2008/06/20,30.382
2008/06/23,30.401
2008/06/24,30.437
2008/06/25,30.380
2008/06/26,30.383
2008/06/27,30.388
2008/06/30,30.354
2008/07/01,30.360
2008/07/02,30.372
2008/07/03,30.390
2008/07/04,30.401
2008/07/07,30.399
2008/07/08,30.397
2008/07/09,30.399
2008/07/10,30.418
2008/07/11,30.392
2008/07/14,30.404
2008/07/15,30.390
2008/07/16,30.382
2008/07/17,30.359
2008/07/18,30.360
2008/07/21,30.363
2008/07/22,30.381
2008/07/23,30.394
2008/07/24,30.418
2008/07/25,30.407
2008/07/29,30.465
2008/07/30,30.510
2008/07/31,30.590
2008/08/01,30.645
2008/08/04,30.666
2008/08/05,30.721
2008/08/06,30.738
2008/08/07,30.870
2008/08/08,31.090
2008/08/11,31.166
2008/08/12,31.189
2008/08/13,31.150
2008/08/14,31.240
2008/08/15,31.330
2008/08/18,31.307
2008/08/19,31.389
2008/08/20,31.390
2008/08/21,31.389
2008/08/22,31.370
2008/08/25,31.430
2008/08/26,31.489
2008/08/27,31.481
2008/08/28,31.479
2008/08/29,31.520
2008/09/01,31.593
2008/09/02,31.750
2008/09/03,31.835
2008/09/04,31.761
2008/09/05,31.875
2008/09/08,31.799
2008/09/09,31.872
2008/09/10,31.863
2008/09/11,32.040
2008/09/12,32.041
2008/09/15,32.039
2008/09/16,32.070
2008/09/17,32.082
2008/09/18,32.218
2008/09/19,32.158
2008/09/22,32.030
2008/09/23,31.937
2008/09/24,31.961
2008/09/25,31.998
2008/09/26,32.045
2008/09/30,32.130
2008/10/01,32.029
2008/10/02,32.160
2008/10/03,32.187
2008/10/06,32.343
2008/10/07,32.350
2008/10/08,32.448
2008/10/09,32.437
2008/10/13,32.388
2008/10/14,32.388
2008/10/15,32.400
2008/10/16,32.537
2008/10/17,32.550
2008/10/20,32.580
2008/10/21,32.697
2008/10/22,32.990
2008/10/23,33.296
2008/10/24,33.412
2008/10/27,33.497
2008/10/28,33.438
2008/10/29,33.295
2008/10/30,32.799
2008/10/31,33.000
2008/11/03,32.898
2008/11/04,32.869
2008/11/05,32.830
2008/11/06,32.819
2008/11/07,32.824
2008/11/10,32.823
2008/11/11,32.874
2008/11/12,32.994
2008/11/13,33.177
2008/11/14,33.079
2008/11/17,33.170
2008/11/18,33.234
2008/11/19,33.265
2008/11/20,33.405
2008/11/21,33.388
2008/11/24,33.421
2008/11/25,33.352
2008/11/26,33.306
2008/11/27,33.302
2008/11/28,33.295
2008/12/01,33.350
2008/12/02,33.489
2008/12/03,33.528
2008/12/04,33.550
2008/12/05,33.549
2008/12/08,33.517
2008/12/09,33.546
2008/12/10,33.449
2008/12/11,33.309
2008/12/12,33.315
2008/12/15,33.199
2008/12/16,33.030
2008/12/17,32.720
2008/12/18,32.471
2008/12/19,32.530
2008/12/22,32.930
2008/12/23,33.085
2008/12/24,33.045
2008/12/25,33.030
2008/12/26,33.025
2008/12/29,33.000
2008/12/30,32.865
2008/12/31,32.860
2009/01/05,33.005
2009/01/06,33.054
2009/01/07,32.980
2009/01/08,33.115
2009/01/09,33.155
2009/01/10,33.160
2009/01/12,33.235
2009/01/13,33.265
2009/01/14,33.258
2009/01/15,33.379
2009/01/16,33.360
2009/01/17,33.501
2009/01/19,33.535
2009/01/20,33.639
2009/01/21,33.634
2009/01/22,33.550
2009/01/23,33.801
2009/02/02,33.749
2009/02/03,33.720
2009/02/04,33.670
2009/02/05,33.705
2009/02/06,33.750
2009/02/09,33.961
2009/02/10,33.967
2009/02/11,34.001
2009/02/12,34.025
2009/02/13,34.050
2009/02/16,34.280
2009/02/17,34.620
2009/02/18,34.650
2009/02/19,34.675
2009/02/20,34.808
2009/02/23,34.628
2009/02/24,34.797
2009/02/25,34.747
2009/02/26,34.850
2009/02/27,34.950
2009/03/02,35.174
2009/03/03,35.095
2009/03/04,35.067
2009/03/05,34.945
2009/03/06,34.780
2009/03/09,34.815
2009/03/10,34.600
2009/03/11,34.515
2009/03/12,34.494
2009/03/13,34.495
2009/03/16,34.416
2009/03/17,34.278
2009/03/18,34.156
2009/03/19,33.924
2009/03/20,33.800
2009/03/23,33.785
2009/03/24,33.788
2009/03/25,33.888
2009/03/26,33.820
2009/03/27,33.779
2009/03/30,34.015
2009/03/31,33.917
2009/04/01,33.835
2009/04/02,33.580
2009/04/03,33.380
2009/04/06,33.250
2009/04/07,33.569
2009/04/08,33.900
2009/04/09,33.777
2009/04/10,33.795
2009/04/13,33.697
2009/04/14,33.620
2009/04/15,33.790
2009/04/16,33.800
2009/04/17,33.816
2009/04/20,33.830
2009/04/21,33.860
2009/04/22,33.860
2009/04/23,33.820
2009/04/24,33.711
2009/04/27,33.730
2009/04/28,33.795
2009/04/29,33.658
2009/04/30,33.233
2009/05/04,33.192
2009/05/05,33.133
2009/05/06,33.180
2009/05/07,33.132
2009/05/08,33.040
2009/05/11,32.889
2009/05/12,32.893
2009/05/13,32.890
2009/05/14,32.955
2009/05/15,32.950
2009/05/18,32.994
2009/05/19,32.882
2009/05/20,32.855
2009/05/21,32.738
2009/05/22,32.679
2009/05/25,32.626
2009/05/26,32.660
2009/05/27,32.650
2009/06/01,32.375
2009/06/02,32.534
2009/06/03,32.505
2009/06/04,32.597
2009/06/05,32.607
2009/06/06,32.720
2009/06/08,32.875
2009/06/09,32.853
2009/06/10,32.715
2009/06/11,32.798
2009/06/12,32.800
2009/06/15,32.940
2009/06/16,32.885
2009/06/17,32.889
2009/06/18,32.904
2009/06/19,32.878
2009/06/22,32.898
2009/06/23,32.925
2009/06/24,32.862
2009/06/25,32.970
2009/06/26,32.925
2009/06/29,32.943
2009/06/30,32.818
2009/07/01,32.785
2009/07/02,32.947
2009/07/03,32.890
2009/07/06,32.988
2009/07/07,32.989
2009/07/08,33.036
2009/07/09,32.970
2009/07/10,33.050
2009/07/13,33.193
2009/07/14,33.090
2009/07/15,32.975
2009/07/16,32.959
2009/07/17,32.955
2009/07/20,32.794
2009/07/21,32.799
2009/07/22,32.875
2009/07/23,32.802
2009/07/24,32.955
2009/07/27,32.820
2009/07/28,32.743
2009/07/29,32.871
2009/07/30,32.857
2009/07/31,32.818
2009/08/03,32.768
2009/08/04,32.674
2009/08/05,32.720
2009/08/06,32.792
2009/08/10,32.818
2009/08/11,32.855
2009/08/12,32.950
2009/08/13,32.898
2009/08/14,32.895
2009/08/17,32.985
2009/08/18,32.964
2009/08/19,33.010
2009/08/20,32.966
2009/08/21,32.906
2009/08/24,32.863
2009/08/25,32.920
2009/08/26,32.924
2009/08/27,32.916
2009/08/28,32.925
2009/08/31,32.923
2009/09/01,32.857
2009/09/02,32.918
2009/09/03,32.907
2009/09/04,32.905
2009/09/07,32.865
2009/09/08,32.760
2009/09/09,32.745
2009/09/10,32.649
2009/09/11,32.628
2009/09/14,32.668
2009/09/15,32.637
2009/09/16,32.492
2009/09/17,32.410
2009/09/18,32.458
2009/09/21,32.419
2009/09/22,32.386
2009/09/23,32.369
2009/09/24,32.395
2009/09/25,32.428
2009/09/28,32.475
2009/09/29,32.376
2009/09/30,32.200
2009/10/01,32.319
2009/10/02,32.350
2009/10/05,32.255
2009/10/06,32.180
2009/10/07,32.180
2009/10/08,32.143
2009/10/09,32.240
2009/10/12,32.290
2009/10/13,32.302
2009/10/14,32.242
2009/10/15,32.218
2009/10/16,32.300
2009/10/19,32.325
2009/10/20,32.275
2009/10/21,32.359
2009/10/22,32.403
2009/10/23,32.398
2009/10/26,32.394
2009/10/27,32.480
2009/10/28,32.496
2009/10/29,32.580
2009/10/30,32.535
2009/11/02,32.553
2009/11/03,32.575
2009/11/04,32.558
2009/11/05,32.536
2009/11/06,32.509
2009/11/09,32.365
2009/11/10,32.349
2009/11/11,32.310
2009/11/12,32.330
2009/11/13,32.339
2009/11/16,32.198
2009/11/17,32.120
2009/11/18,32.128
2009/11/19,32.290
2009/11/20,32.350
2009/11/23,32.267
2009/11/24,32.288
2009/11/25,32.236
2009/11/26,32.244
2009/11/27,32.345
2009/11/30,32.185
2009/12/01,32.199
2009/12/02,32.170
2009/12/03,32.150
2009/12/04,32.170
2009/12/07,32.280
2009/12/08,32.350
2009/12/09,32.349
2009/12/10,32.308
2009/12/11,32.278
2009/12/14,32.310
2009/12/15,32.281
2009/12/16,32.328
2009/12/17,32.348
2009/12/18,32.380
2009/12/21,32.384
2009/12/22,32.355
2009/12/23,32.360
2009/12/24,32.300
2009/12/25,32.274
2009/12/28,32.294
2009/12/29,32.290
2009/12/30,32.238
2009/12/31,32.030
2010/01/04,31.898
2010/01/05,31.860
2010/01/06,31.875
2010/01/07,31.877
2010/01/08,31.880
2010/01/11,31.780
2010/01/12,31.790
2010/01/13,31.809
2010/01/14,31.755
2010/01/15,31.828
2010/01/18,31.790
2010/01/19,31.800
2010/01/20,31.990
2010/01/21,31.919
2010/01/22,31.980
2010/01/25,31.970
2010/01/26,32.055
2010/01/27,32.080
2010/01/28,31.999
2010/01/29,31.990
2010/02/01,32.101
2010/02/02,32.060
2010/02/03,32.000
2010/02/04,32.020
2010/02/05,32.187
2010/02/06,32.184
2010/02/08,32.195
2010/02/09,32.100
2010/02/10,32.066
2010/02/11,32.045
2010/02/12,32.100
2010/02/22,32.099
2010/02/23,32.050
2010/02/24,32.090
2010/02/25,32.120
2010/02/26,32.085
2010/03/01,32.048
2010/03/02,32.039
2010/03/03,32.004
2010/03/04,31.988
2010/03/05,32.020
2010/03/08,31.890
2010/03/09,31.850
2010/03/10,31.847
2010/03/11,31.847
2010/03/12,31.840
2010/03/15,31.820
2010/03/16,31.820
2010/03/17,31.747
2010/03/18,31.825
2010/03/19,31.799
2010/03/22,31.886
2010/03/23,31.850
2010/03/24,31.845
2010/03/25,31.880
2010/03/26,31.880
2010/03/29,31.815
2010/03/30,31.810
2010/03/31,31.819
2010/04/01,31.788
2010/04/02,31.759
2010/04/06,31.695
2010/04/07,31.628
2010/04/08,31.701
2010/04/09,31.615
2010/04/12,31.560
2010/04/13,31.580
2010/04/14,31.460
2010/04/15,31.375
2010/04/16,31.390
2010/04/19,31.492
2010/04/20,31.447
2010/04/21,31.388
2010/04/22,31.398
2010/04/23,31.460
2010/04/26,31.359
2010/04/27,31.412
2010/04/28,31.539
2010/04/29,31.450
2010/04/30,31.418
2010/05/03,31.519
2010/05/04,31.460
2010/05/05,31.600
2010/05/06,31.749
2010/05/07,31.850
2010/05/10,31.600
2010/05/11,31.829
2010/05/12,31.893
2010/05/13,31.778
2010/05/14,31.848
2010/05/17,32.100
2010/05/18,31.978
2010/05/19,32.098
2010/05/20,32.175
2010/05/21,32.250
2010/05/24,32.175
2010/05/25,32.385
2010/05/26,32.345
2010/05/27,32.187
2010/05/28,32.175
2010/05/31,32.225
2010/06/01,32.418
2010/06/02,32.315
2010/06/03,32.275
2010/06/04,32.350
2010/06/07,32.528
2010/06/08,32.510
2010/06/09,32.520
2010/06/10,32.490
2010/06/11,32.439
2010/06/14,32.351
2010/06/15,32.338
2010/06/17,32.310
2010/06/18,32.190
2010/06/21,31.999
2010/06/22,32.094
2010/06/23,32.189
2010/06/24,32.216
2010/06/25,32.180
2010/06/28,32.175
2010/06/29,32.279
2010/06/30,32.278
2010/07/01,32.297
2010/07/02,32.278
2010/07/05,32.220
2010/07/06,32.200
2010/07/07,32.220
2010/07/08,32.185
2010/07/09,32.125
2010/07/12,32.250
2010/07/13,32.300
2010/07/14,32.192
2010/07/15,32.187
2010/07/16,32.143
2010/07/19,32.155
2010/07/20,32.155
2010/07/21,32.150
2010/07/22,32.190
2010/07/23,32.152
2010/07/26,32.120
2010/07/27,32.090
2010/07/28,32.070
2010/07/29,32.068
2010/07/30,32.050
2010/08/02,31.868
2010/08/03,31.850
2010/08/04,31.870
2010/08/05,31.850
2010/08/06,31.819
2010/08/09,31.782
2010/08/10,31.855
2010/08/11,31.880
2010/08/12,31.990
2010/08/13,31.960
2010/08/16,32.010
2010/08/17,31.970
2010/08/18,31.966
2010/08/19,31.930
2010/08/20,31.935
2010/08/23,31.968
2010/08/24,32.080
2010/08/25,32.055
2010/08/26,32.037
2010/08/27,32.030
2010/08/30,32.060
2010/08/31,32.102
2010/09/01,32.075
2010/09/02,32.040
2010/09/03,32.018
2010/09/06,31.948
2010/09/07,32.016
2010/09/08,31.979
2010/09/09,31.939
2010/09/10,31.910
2010/09/13,31.850
2010/09/14,31.815
2010/09/15,31.798
2010/09/16,31.800
2010/09/17,31.739
2010/09/20,31.752
2010/09/21,31.765
2010/09/23,31.600
2010/09/24,31.620
2010/09/27,31.470
2010/09/28,31.500
2010/09/29,31.380
2010/09/30,31.330
2010/10/01,31.310
2010/10/04,31.250
2010/10/05,31.252
2010/10/06,31.132
2010/10/07,31.042
2010/10/08,31.095
2010/10/11,30.998
2010/10/12,31.070
2010/10/13,30.960
2010/10/14,30.770
2010/10/15,30.793
2010/10/18,30.885
2010/10/19,30.900
2010/10/20,30.930
2010/10/21,30.869
2010/10/22,30.910
2010/10/25,30.730
2010/10/26,30.760
2010/10/27,30.900
2010/10/28,30.824
2010/10/29,30.782
2010/11/01,30.695
2010/11/02,30.709
2010/11/03,30.650
2010/11/04,30.590
2010/11/05,30.560
2010/11/08,30.636
2010/11/09,30.630
2010/11/10,30.600
2010/11/11,30.532
2010/11/12,30.762
2010/11/15,30.732
2010/11/16,30.732
2010/11/17,30.793
2010/11/18,30.733
2010/11/19,30.673
2010/11/22,30.628
2010/11/23,30.799
2010/11/24,30.800
2010/11/25,30.800
2010/11/26,30.830
2010/11/29,30.800
2010/11/30,30.850
2010/12/01,30.852
2010/12/02,30.788
2010/12/03,30.745
2010/12/06,30.625
2010/12/07,30.630
2010/12/08,30.706
2010/12/09,30.555
2010/12/10,30.585
2010/12/13,30.600
2010/12/14,30.450
2010/12/15,30.500
2010/12/16,30.545
2010/12/17,30.510
2010/12/20,30.601
2010/12/21,30.600
2010/12/22,30.605
2010/12/23,30.485
2010/12/24,30.485
2010/12/27,30.425
2010/12/28,30.396
2010/12/29,30.367
2010/12/30,30.217
2010/12/31,30.368
2011/01/03,30.200
2011/01/04,30.201
2011/01/05,30.211
2011/01/06,30.101
2011/01/07,29.800
2011/01/10,29.800
2011/01/11,29.700
2011/01/12,29.600
2011/01/13,29.605
2011/01/14,29.600
2011/01/17,29.500
2011/01/18,29.450
2011/01/19,29.450
2011/01/20,29.460
2011/01/21,29.420
2011/01/24,29.320
2011/01/25,29.290
2011/01/26,29.300
2011/01/27,29.310
2011/01/28,29.280
2011/01/31,29.300
2011/02/01,29.200
2011/02/08,29.160
2011/02/09,29.100
2011/02/10,29.120
2011/02/11,29.230
2011/02/14,29.329
2011/02/15,29.469
2011/02/16,29.470
2011/02/17,29.432
2011/02/18,29.408
2011/02/21,29.366
2011/02/22,29.557
2011/02/23,29.572
2011/02/24,29.760
2011/02/25,29.754
2011/03/01,29.660
2011/03/02,29.665
2011/03/03,29.542
2011/03/04,29.462
2011/03/07,29.426
2011/03/08,29.437
2011/03/09,29.395
2011/03/10,29.506
2011/03/11,29.599
2011/03/14,29.509
2011/03/15,29.559
2011/03/16,29.556
2011/03/17,29.574
2011/03/18,29.600
2011/03/21,29.572
2011/03/22,29.542
2011/03/23,29.585
2011/03/24,29.583
2011/03/25,29.488
2011/03/28,29.499
2011/03/29,29.477
2011/03/30,29.510
2011/03/31,29.418
2011/04/01,29.320
2011/04/06,29.150
2011/04/07,29.050
2011/04/08,28.991
2011/04/11,28.992
2011/04/12,29.112
2011/04/13,29.089
2011/04/14,29.041
2011/04/15,29.050
2011/04/18,29.089
2011/04/19,29.125
2011/04/20,29.025
2011/04/21,28.926
2011/04/22,28.930
2011/04/25,28.930
2011/04/26,28.939
2011/04/27,28.900
2011/04/28,28.760
2011/04/29,28.762
2011/05/03,28.702
2011/05/04,28.670
2011/05/05,28.632
2011/05/06,28.778
2011/05/09,28.750
2011/05/10,28.725
2011/05/11,28.650
2011/05/12,28.793
2011/05/13,28.788
2011/05/16,28.888
2011/05/17,28.865
2011/05/18,28.850
2011/05/19,28.852
2011/05/20,28.780
2011/05/23,29.009
2011/05/24,28.930
2011/05/25,29.009
2011/05/26,28.945
2011/05/27,28.888
2011/05/30,28.830
2011/05/31,28.772
2011/06/01,28.700
2011/06/02,28.785
2011/06/03,28.750
2011/06/07,28.735
2011/06/08,28.720
2011/06/09,28.780
2011/06/10,28.835
2011/06/13,28.892
2011/06/14,28.850
2011/06/15,28.860
2011/06/16,29.005
2011/06/17,29.000
2011/06/20,29.000
2011/06/21,28.949
2011/06/22,28.879
2011/06/23,28.936
2011/06/24,28.962
2011/06/27,29.010
2011/06/28,28.962
2011/06/29,28.920
2011/06/30,28.802
2011/07/01,28.780
2011/07/04,28.752
2011/07/05,28.801
2011/07/06,28.851
2011/07/07,28.860
2011/07/08,28.795
2011/07/11,28.866
2011/07/12,28.998
2011/07/13,28.900
2011/07/14,28.839
2011/07/15,28.897
2011/07/18,28.960
2011/07/19,28.920
2011/07/20,28.870
2011/07/21,28.890
2011/07/22,28.830
2011/07/25,28.859
2011/07/26,28.829
2011/07/27,28.802
2011/07/28,28.845
2011/07/29,28.890
2011/08/01,28.838
2011/08/02,28.880
2011/08/03,28.938
2011/08/04,28.952
2011/08/05,29.025
2011/08/08,29.025
2011/08/09,29.050
2011/08/10,29.010
2011/08/11,29.060
2011/08/12,29.009
2011/08/15,28.952
2011/08/16,28.948
2011/08/17,28.962
2011/08/18,28.990
2011/08/19,29.076
2011/08/22,29.020
2011/08/23,28.990
2011/08/24,29.025
2011/08/25,29.041
2011/08/26,29.060
2011/08/29,29.039
2011/08/30,29.035
2011/08/31,29.020
2011/09/01,28.960
2011/09/02,29.025
2011/09/05,29.071
2011/09/06,29.112
2011/09/07,29.115
2011/09/08,29.150
2011/09/09,29.221
2011/09/13,29.487
2011/09/14,29.625
2011/09/15,29.635
2011/09/16,29.584
2011/09/19,29.780
2011/09/20,29.888
2011/09/21,29.950
2011/09/22,30.372
2011/09/23,30.388
2011/09/26,30.572
2011/09/27,30.456
2011/09/28,30.410
2011/09/29,30.440
2011/09/30,30.506
2011/10/03,30.587
2011/10/04,30.680
2011/10/05,30.632
2011/10/06,30.612
2011/10/07,30.493
2011/10/11,30.348
2011/10/12,30.400
2011/10/13,30.329
2011/10/14,30.300
2011/10/17,30.100
2011/10/18,30.201
2011/10/19,30.100
2011/10/20,30.269
2011/10/21,30.299
2011/10/24,30.133
2011/10/25,30.125
2011/10/26,30.125
2011/10/27,30.063
2011/10/28,29.869
2011/10/31,29.930
2011/11/01,30.086
2011/11/02,30.118
2011/11/03,30.220
2011/11/04,30.025
2011/11/07,30.108
2011/11/08,30.106
2011/11/09,30.066
2011/11/10,30.262
2011/11/11,30.188
2011/11/14,30.165
2011/11/15,30.210
2011/11/16,30.230
2011/11/17,30.210
2011/11/18,30.257
2011/11/21,30.260
2011/11/22,30.309
2011/11/23,30.395
2011/11/24,30.442
2011/11/25,30.460
2011/11/28,30.452
2011/11/29,30.412
2011/11/30,30.345
2011/12/01,30.146
2011/12/02,30.160
2011/12/05,30.182
2011/12/06,30.225
2011/12/07,30.168
2011/12/08,30.179
2011/12/09,30.239
2011/12/12,30.230
2011/12/13,30.260
2011/12/14,30.290
2011/12/15,30.370
2011/12/16,30.369
2011/12/19,30.398
2011/12/20,30.353
2011/12/21,30.285
2011/12/22,30.325
2011/12/23,30.296
2011/12/26,30.308
2011/12/27,30.312
2011/12/28,30.310
2011/12/29,30.290
2011/12/30,30.290
2012/01/02,30.315
2012/01/03,30.294
2012/01/04,30.290
2012/01/05,30.266
2012/01/06,30.245
2012/01/09,30.205
2012/01/10,30.051
2012/01/11,29.999
2012/01/12,30.002
2012/01/13,30.000
2012/01/16,30.070
2012/01/17,29.995
2012/01/18,29.978
2012/01/19,29.941
2012/01/20,29.990
2012/01/30,29.786
2012/01/31,29.620
2012/02/01,29.695
2012/02/02,29.550
2012/02/03,29.545
2012/02/04,29.525
2012/02/06,29.600
2012/02/07,29.570
2012/02/08,29.530
2012/02/09,29.495
2012/02/10,29.560
2012/02/13,29.535
2012/02/14,29.595
2012/02/15,29.535
2012/02/16,29.635
2012/02/17,29.583
2012/02/20,29.554
2012/02/21,29.568
2012/02/22,29.582
2012/02/23,29.596
2012/02/24,29.582
2012/02/29,29.420
2012/03/01,29.487
2012/03/02,29.461
2012/03/03,29.464
2012/03/05,29.518
2012/03/06,29.538
2012/03/07,29.565
2012/03/08,29.527
2012/03/09,29.504
2012/03/12,29.562
2012/03/13,29.528
2012/03/14,29.560
2012/03/15,29.570
2012/03/16,29.562
2012/03/19,29.532
2012/03/20,29.558
2012/03/21,29.576
2012/03/22,29.574
2012/03/23,29.585
2012/03/26,29.622
2012/03/27,29.584
2012/03/28,29.570
2012/03/29,29.582
2012/03/30,29.530
2012/04/02,29.506
2012/04/03,29.480
2012/04/05,29.519
2012/04/06,29.562
2012/04/09,29.568
2012/04/10,29.570
2012/04/11,29.562
2012/04/12,29.550
2012/04/13,29.528
2012/04/16,29.564
2012/04/17,29.542
2012/04/18,29.546
2012/04/19,29.532
2012/04/20,29.521
2012/04/23,29.524
2012/04/24,29.526
2012/04/25,29.514
2012/04/26,29.412
2012/04/27,29.332
2012/04/30,29.232
2012/05/02,29.240
2012/05/03,29.266
2012/05/04,29.280
2012/05/07,29.382
2012/05/08,29.370
2012/05/09,29.400
2012/05/10,29.395
2012/05/11,29.410
2012/05/14,29.502
2012/05/15,29.514
2012/05/16,29.635
2012/05/17,29.560
2012/05/18,29.630
2012/05/21,29.578
2012/05/22,29.546
2012/05/23,29.586
2012/05/24,29.645
2012/05/25,29.650
2012/05/28,29.650
2012/05/29,29.645
2012/05/30,29.762
2012/05/31,29.860
2012/06/01,29.931
2012/06/04,30.050
2012/06/05,30.000
2012/06/06,29.935
2012/06/07,29.906
2012/06/08,29.976
2012/06/11,29.920
2012/06/12,29.991
2012/06/13,29.980
2012/06/14,29.954
2012/06/15,29.931
2012/06/18,29.886
2012/06/19,29.890
2012/06/20,29.878
2012/06/21,29.902
2012/06/22,29.968
2012/06/25,29.995
2012/06/26,29.990
2012/06/27,29.960
2012/06/28,29.956
2012/06/29,29.900
2012/07/02,29.905
2012/07/03,29.886
2012/07/04,29.866
2012/07/05,29.890
2012/07/06,29.922
2012/07/09,29.975
2012/07/10,29.985
2012/07/11,29.974
2012/07/12,30.013
2012/07/13,30.015
2012/07/16,30.010
2012/07/17,29.988
2012/07/18,30.002
2012/07/19,29.984
2012/07/20,29.995
2012/07/23,30.095
2012/07/24,30.116
2012/07/25,30.206
2012/07/26,30.150
2012/07/27,30.100
2012/07/30,30.080
2012/07/31,30.010
2012/08/01,29.988
2012/08/03,30.002
2012/08/06,29.960
2012/08/07,29.955
2012/08/08,29.987
2012/08/09,29.940
2012/08/10,29.990
2012/08/13,30.005
2012/08/14,29.965
2012/08/15,30.002
2012/08/16,30.020
2012/08/17,30.025
2012/08/20,30.030
2012/08/21,29.975
2012/08/22,30.010
2012/08/23,29.960
2012/08/24,30.002
2012/08/27,29.980
2012/08/28,30.007
2012/08/29,29.981
2012/08/30,29.986
2012/08/31,29.966
2012/09/03,29.920
2012/09/04,29.902
2012/09/05,29.905
2012/09/06,29.902
2012/09/07,29.842
2012/09/10,29.740
2012/09/11,29.715
2012/09/12,29.669
2012/09/13,29.699
2012/09/14,29.469
2012/09/17,29.399
2012/09/18,29.460
2012/09/19,29.405
2012/09/20,29.508
2012/09/21,29.450
2012/09/24,29.479
2012/09/25,29.451
2012/09/26,29.497
2012/09/27,29.420
2012/09/28,29.342
2012/10/01,29.402
2012/10/02,29.385
2012/10/03,29.405
2012/10/04,29.388
2012/10/05,29.368
2012/10/08,29.402
2012/10/09,29.399
2012/10/11,29.432
2012/10/12,29.360
2012/10/15,29.345
2012/10/16,29.289
2012/10/17,29.246
2012/10/18,29.269
2012/10/19,29.286
2012/10/22,29.320
2012/10/23,29.328
2012/10/24,29.342
2012/10/25,29.280
2012/10/26,29.300
2012/10/29,29.292
2012/10/30,29.278
2012/10/31,29.260
2012/11/01,29.290
2012/11/02,29.300
2012/11/05,29.305
2012/11/06,29.275
2012/11/07,29.200
2012/11/08,29.202
2012/11/09,29.150
2012/11/12,29.090
2012/11/13,29.129
2012/11/14,29.125
2012/11/15,29.142
2012/11/16,29.272
2012/11/19,29.202
2012/11/20,29.145
2012/11/21,29.179
2012/11/22,29.185
2012/11/23,29.171
2012/11/26,29.143
2012/11/27,29.129
2012/11/28,29.175
2012/11/29,29.147
2012/11/30,29.116
2012/12/03,29.121
2012/12/04,29.116
2012/12/05,29.102
2012/12/06,29.136
2012/12/07,29.125
2012/12/10,29.150
2012/12/11,29.122
2012/12/12,29.108
2012/12/13,29.101
2012/12/14,29.102
2012/12/17,29.100
2012/12/18,29.100
2012/12/19,29.102
2012/12/20,29.120
2012/12/21,29.122
2012/12/22,29.120
2012/12/24,29.128
2012/12/25,29.130
2012/12/26,29.128
2012/12/27,29.126
2012/12/28,29.136
2013/01/02,29.090
2013/01/03,29.091
2013/01/04,29.125
2013/01/07,29.125
2013/01/08,29.127
2013/01/09,29.110
2013/01/10,29.088
2013/01/11,29.039
2013/01/14,29.058
2013/01/15,29.056
2013/01/16,29.099
2013/01/17,29.085
2013/01/18,29.060
2013/01/21,29.070
2013/01/22,29.095
2013/01/23,29.092
2013/01/24,29.138
2013/01/25,29.250
2013/01/28,29.560
2013/01/29,29.559
2013/01/30,29.570
2013/01/31,29.582
2013/02/01,29.668
2013/02/04,29.580
2013/02/05,29.585
2013/02/06,29.622
2013/02/07,29.630
2013/02/08,29.750
2013/02/18,29.709
2013/02/19,29.686
2013/02/20,29.600
2013/02/21,29.680
2013/02/22,29.658
2013/02/23,29.658
2013/02/25,29.702
2013/02/26,29.740
2013/02/27,29.705
2013/03/01,29.666
2013/03/04,29.770
2013/03/05,29.720
2013/03/06,29.670
2013/03/07,29.695
2013/03/08,29.718
2013/03/11,29.740
2013/03/12,29.730
2013/03/13,29.735
2013/03/14,29.800
2013/03/15,29.762
2013/03/18,29.815
2013/03/19,29.801
2013/03/20,29.845
2013/03/21,29.853
2013/03/22,29.909
2013/03/25,29.889
2013/03/26,29.891
2013/03/27,29.941
2013/03/28,29.940
2013/03/29,29.875
2013/04/01,29.928
2013/04/02,29.920
2013/04/03,29.925
2013/04/08,30.060
2013/04/09,30.050
2013/04/10,29.998
2013/04/11,29.980
2013/04/12,29.995
2013/04/15,29.927
2013/04/16,29.928
2013/04/17,29.900
2013/04/18,29.910
2013/04/19,29.840
2013/04/22,29.870
2013/04/23,29.872
2013/04/24,29.832
2013/04/25,29.750
2013/04/26,29.705
2013/04/29,29.606
2013/04/30,29.616
2013/05/02,29.636
2013/05/03,29.610
2013/05/06,29.626
2013/05/07,29.590
2013/05/08,29.500
2013/05/09,29.510
2013/05/10,29.800
2013/05/13,29.920
2013/05/14,29.906
2013/05/15,30.028
2013/05/16,30.050
2013/05/17,30.060
2013/05/20,30.030
2013/05/21,29.942
2013/05/22,29.960
2013/05/23,30.025
2013/05/24,30.030
2013/05/27,29.971
2013/05/28,30.057
2013/05/29,30.120
2013/05/30,30.125
2013/05/31,30.060
2013/06/03,30.070
2013/06/04,30.020
2013/06/05,29.910
2013/06/06,29.915
2013/06/07,29.871
2013/06/10,30.066
2013/06/11,30.160
2013/06/13,30.162
2013/06/14,29.970
2013/06/17,29.972
2013/06/18,30.002
2013/06/19,29.960
2013/06/20,30.160
2013/06/21,30.280
2013/06/24,30.350
2013/06/25,30.260
2013/06/26,30.250
2013/06/27,30.191
2013/06/28,30.120
2013/07/01,30.115
2013/07/02,30.120
2013/07/03,30.302
2013/07/04,30.199
2013/07/05,30.218
2013/07/08,30.342
2013/07/09,30.120
2013/07/10,30.085
2013/07/11,29.952
2013/07/12,29.932
2013/07/15,29.952
2013/07/16,29.878
2013/07/17,29.925
2013/07/18,30.025
2013/07/19,29.978
2013/07/22,29.935
2013/07/23,29.920
2013/07/24,29.942
2013/07/25,29.978
2013/07/26,29.950
2013/07/29,29.960
2013/07/30,30.005
2013/07/31,30.120
2013/08/01,30.125
2013/08/02,30.129
2013/08/05,29.950
2013/08/06,29.995
2013/08/07,30.025
2013/08/08,29.960
2013/08/09,29.955
2013/08/12,29.980
2013/08/13,30.002
2013/08/14,30.032
2013/08/15,30.035
2013/08/16,30.002
2013/08/19,30.032
2013/08/20,30.092
2013/08/22,30.127
2013/08/23,30.053
2013/08/26,30.015
2013/08/27,30.060
2013/08/28,30.050
2013/08/29,30.012
2013/08/30,29.983
2013/09/02,29.900
2013/09/03,29.920
2013/09/04,29.885
2013/09/05,29.985
2013/09/06,29.900
2013/09/09,29.825
2013/09/10,29.760
2013/09/11,29.828
2013/09/12,29.783
2013/09/13,29.842
2013/09/14,29.842
2013/09/16,29.721
2013/09/17,29.760
2013/09/18,29.752
2013/09/23,29.629
2013/09/24,29.632
2013/09/25,29.690
2013/09/26,29.673
2013/09/27,29.656
2013/09/30,29.670
2013/10/01,29.615
2013/10/02,29.610
2013/10/03,29.532
2013/10/04,29.502
2013/10/07,29.536
2013/10/08,29.542
2013/10/09,29.548
2013/10/11,29.490
2013/10/14,29.495
2013/10/15,29.445
2013/10/16,29.460
2013/10/17,29.452
2013/10/18,29.446
2013/10/21,29.482
2013/10/22,29.466
2013/10/23,29.425
2013/10/24,29.452
2013/10/25,29.455
2013/10/28,29.460
2013/10/29,29.472
2013/10/30,29.475
2013/10/31,29.455
2013/11/01,29.470
2013/11/04,29.506
2013/11/05,29.466
2013/11/06,29.480
2013/11/07,29.485
2013/11/08,29.505
2013/11/11,29.625
2013/11/12,29.636
2013/11/13,29.650
2013/11/14,29.606
2013/11/15,29.620
2013/11/18,29.580
2013/11/19,29.532
2013/11/20,29.572
2013/11/21,29.636
2013/11/22,29.645
2013/11/25,29.675
2013/11/26,29.652
2013/11/27,29.672
2013/11/28,29.680
2013/11/29,29.679
2013/12/02,29.636
2013/12/03,29.702
2013/12/04,29.692
2013/12/05,29.690
2013/12/06,29.665
2013/12/09,29.630
2013/12/10,29.635
2013/12/11,29.640
2013/12/12,29.660
2013/12/13,29.689
2013/12/16,29.706
2013/12/17,29.716
2013/12/18,29.745
2013/12/19,29.945
2013/12/20,29.980
2013/12/23,30.009
2013/12/24,30.039
2013/12/25,30.047
2013/12/26,30.060
2013/12/27,30.025
2013/12/30,30.030
2013/12/31,29.950
2014/01/02,29.979
2014/01/03,30.039
2014/01/06,30.235
2014/01/07,30.315
2014/01/08,30.240
2014/01/09,30.252
2014/01/10,30.212
2014/01/13,30.112
2014/01/14,30.159
2014/01/15,30.236
2014/01/16,30.256
2014/01/17,30.221
2014/01/20,30.256
2014/01/21,30.290
2014/01/22,30.320
2014/01/23,30.410
2014/01/24,30.420
2014/01/27,30.511
2014/01/28,30.451
2014/01/29,30.376
2014/02/05,30.420
2014/02/06,30.429
2014/02/07,30.406
2014/02/10,30.380
2014/02/11,30.406
2014/02/12,30.346
2014/02/13,30.408
2014/02/14,30.347
2014/02/17,30.285
2014/02/18,30.339
2014/02/19,30.332
2014/02/20,30.392
2014/02/21,30.395
2014/02/24,30.425
2014/02/25,30.402
2014/02/26,30.350
2014/02/27,30.355
2014/03/03,30.369
2014/03/04,30.380
2014/03/05,30.352
2014/03/06,30.323
2014/03/07,30.302
2014/03/10,30.325
2014/03/11,30.305
2014/03/12,30.375
2014/03/13,30.352
2014/03/14,30.381
2014/03/17,30.352
2014/03/18,30.386
2014/03/19,30.437
2014/03/20,30.589
2014/03/21,30.652
2014/03/24,30.622
2014/03/25,30.619
2014/03/26,30.605
2014/03/27,30.582
2014/03/28,30.552
2014/03/31,30.510
2014/04/01,30.435
2014/04/02,30.375
2014/04/03,30.380
2014/04/07,30.320
2014/04/08,30.270
2014/04/09,30.162
2014/04/10,30.130
2014/04/11,30.132
2014/04/14,30.233
2014/04/15,30.235
2014/04/16,30.201
2014/04/17,30.221
2014/04/18,30.230
2014/04/21,30.268
2014/04/22,30.303
2014/04/23,30.326
2014/04/24,30.306
2014/04/25,30.320
2014/04/28,30.285
2014/04/29,30.250
2014/04/30,30.258
2014/05/02,30.212
2014/05/05,30.171
2014/05/06,30.176
2014/05/07,30.165
2014/05/08,30.167
2014/05/09,30.175
2014/05/12,30.192
2014/05/13,30.212
2014/05/14,30.220
2014/05/15,30.203
2014/05/16,30.208
2014/05/19,30.185
2014/05/20,30.202
2014/05/21,30.216
2014/05/22,30.178
2014/05/23,30.180
2014/05/26,30.160
2014/05/27,30.171
2014/05/28,30.151
2014/05/29,30.128
2014/05/30,30.050
2014/06/03,30.064
2014/06/04,30.102
2014/06/05,30.088
2014/06/06,30.080
2014/06/09,30.048
2014/06/10,30.050
2014/06/11,30.039
2014/06/12,30.045
2014/06/13,30.053
2014/06/16,30.061
2014/06/17,30.066
2014/06/18,30.071
2014/06/19,30.036
2014/06/20,30.065
2014/06/23,30.039
2014/06/24,30.031
2014/06/25,30.051
2014/06/26,29.992
2014/06/27,29.962
2014/06/30,29.915
2014/07/01,29.935
2014/07/02,29.905
2014/07/03,29.935
2014/07/04,29.937
2014/07/07,29.960
2014/07/08,29.970
2014/07/09,29.962
2014/07/10,29.945
2014/07/11,29.990
2014/07/14,30.001
2014/07/15,30.042
2014/07/16,30.072
2014/07/17,30.046
2014/07/18,30.051
2014/07/21,30.037
2014/07/22,30.035
2014/07/24,30.052
2014/07/25,30.035
2014/07/28,30.037
2014/07/29,30.005
2014/07/30,30.010
2014/07/31,30.040
2014/08/01,30.069
2014/08/04,30.040
2014/08/05,30.045
2014/08/06,30.056
2014/08/07,30.061
2014/08/08,30.066
2014/08/11,30.052
2014/08/12,30.060
2014/08/13,30.065
2014/08/14,30.045
2014/08/15,30.035
2014/08/18,30.040
2014/08/19,30.042
2014/08/20,30.047
2014/08/21,30.052
2014/08/22,30.020
2014/08/25,30.028
2014/08/26,30.026
2014/08/27,29.985
2014/08/28,29.965
2014/08/29,29.970
2014/09/01,29.968
2014/09/02,29.978
2014/09/03,29.986
2014/09/04,29.972
2014/09/05,30.002
2014/09/09,30.005
2014/09/10,30.025
2014/09/11,30.060
2014/09/12,30.068
2014/09/15,30.106
2014/09/16,30.160
2014/09/17,30.134
2014/09/18,30.256
2014/09/19,30.258
2014/09/22,30.229
2014/09/23,30.240
2014/09/24,30.248
2014/09/25,30.310
2014/09/26,30.312
2014/09/29,30.502
2014/09/30,30.436
2014/10/01,30.492
2014/10/02,30.460
2014/10/03,30.437
2014/10/06,30.503
2014/10/07,30.453
2014/10/08,30.505
2014/10/09,30.430
2014/10/13,30.450
2014/10/14,30.430
2014/10/15,30.420
2014/10/16,30.410
2014/10/17,30.421
2014/10/20,30.415
2014/10/21,30.401
2014/10/22,30.393
2014/10/23,30.405
2014/10/24,30.413
2014/10/27,30.403
2014/10/28,30.398
2014/10/29,30.376
2014/10/30,30.402
2014/10/31,30.478
2014/11/03,30.488
2014/11/04,30.538
2014/11/05,30.602
2014/11/06,30.605
2014/11/07,30.716
2014/11/10,30.606
2014/11/11,30.717
2014/11/12,30.750
2014/11/13,30.752
2014/11/14,30.766
2014/11/17,30.739
2014/11/18,30.775
2014/11/19,30.876
2014/11/20,31.015
2014/11/21,31.005
2014/11/24,31.010
2014/11/25,30.966
2014/11/26,30.952
2014/11/27,30.951
2014/11/28,31.039
2014/12/01,31.139
2014/12/02,31.106
2014/12/03,31.167
2014/12/04,31.197
2014/12/05,31.192
2014/12/08,31.285
2014/12/09,31.290
2014/12/10,31.260
2014/12/11,31.262
2014/12/12,31.326
2014/12/15,31.342
2014/12/16,31.327
2014/12/17,31.357
2014/12/18,31.450
2014/12/19,31.472
2014/12/22,31.586
2014/12/23,31.765
2014/12/24,31.815
2014/12/25,31.753
2014/12/26,31.750
2014/12/27,31.750
2014/12/29,31.761
2014/12/30,31.766
2014/12/31,31.718
2015/01/05,32.005
2015/01/06,31.996
2015/01/07,32.001
2015/01/08,32.006
2015/01/09,31.936
2015/01/12,31.856
2015/01/13,31.862
2015/01/14,31.832
2015/01/15,31.786
2015/01/16,31.645
2015/01/19,31.552
2015/01/20,31.696
2015/01/21,31.553
2015/01/22,31.510
2015/01/23,31.432
2015/01/26,31.339
2015/01/27,31.325
2015/01/28,31.328
2015/01/29,31.512
2015/01/30,31.555
2015/02/02,31.685
2015/02/03,31.623
2015/02/04,31.473
2015/02/05,31.535
2015/02/06,31.490
2015/02/09,31.560
2015/02/10,31.502
2015/02/11,31.564
2015/02/12,31.630
2015/02/13,31.475
2015/02/16,31.600
2015/02/17,31.638
2015/02/24,31.688
2015/02/25,31.532
2015/02/26,31.503
2015/03/02,31.568
2015/03/03,31.508
2015/03/04,31.480
2015/03/05,31.507
2015/03/06,31.450
2015/03/09,31.520
2015/03/10,31.566
2015/03/11,31.666
2015/03/12,31.670
2015/03/13,31.710
2015/03/16,31.712
2015/03/17,31.667
2015/03/18,31.650
2015/03/19,31.502
2015/03/20,31.548
2015/03/23,31.503
2015/03/24,31.383
2015/03/25,31.401
2015/03/26,31.405
2015/03/27,31.375
2015/03/30,31.380
2015/03/31,31.401
2015/04/01,31.362
2015/04/02,31.303
2015/04/07,31.152
2015/04/08,31.226
2015/04/09,31.231
2015/04/10,31.240
2015/04/13,31.342
2015/04/14,31.312
2015/04/15,31.330
2015/04/16,31.253
2015/04/17,31.162
2015/04/20,31.102
2015/04/21,31.173
2015/04/22,31.113
2015/04/23,31.131
2015/04/24,31.051
2015/04/27,30.861
2015/04/28,30.831
2015/04/29,30.695
2015/04/30,30.752
2015/05/04,30.776
2015/05/05,30.781
2015/05/06,30.753
2015/05/07,30.803
2015/05/08,30.765
2015/05/11,30.780
2015/05/12,30.810
2015/05/13,30.780
2015/05/14,30.681
2015/05/15,30.612
2015/05/18,30.610
2015/05/19,30.640
2015/05/20,30.682
2015/05/21,30.650
2015/05/22,30.541
2015/05/25,30.571
2015/05/26,30.708
2015/05/27,30.725
2015/05/28,30.801
2015/05/29,30.871
2015/06/01,30.932
2015/06/02,31.002
2015/06/03,30.922
2015/06/04,31.062
2015/06/05,31.032
2015/06/08,31.275
2015/06/09,31.302
2015/06/10,31.156
2015/06/11,31.162
2015/06/12,31.226
2015/06/15,31.256
2015/06/16,31.266
2015/06/17,31.261
2015/06/18,31.062
2015/06/22,30.970
2015/06/23,31.002
2015/06/24,31.052
2015/06/25,31.052
2015/06/26,31.132
2015/06/29,31.178
2015/06/30,31.070
2015/07/01,31.100
2015/07/02,31.150
2015/07/03,31.120
2015/07/06,31.150
2015/07/07,31.162
2015/07/08,31.225
2015/07/09,31.230
2015/07/13,31.200
2015/07/14,31.302
2015/07/15,31.272
2015/07/16,31.310
2015/07/17,31.312
2015/07/20,31.342
2015/07/21,31.407
2015/07/22,31.352
2015/07/23,31.452
2015/07/24,31.530
2015/07/27,31.560
2015/07/28,31.575
2015/07/29,31.523
2015/07/30,31.601
2015/07/31,31.682
2015/08/03,31.705
2015/08/04,31.726
2015/08/05,31.750
2015/08/06,31.755
2015/08/07,31.770
2015/08/10,31.760
2015/08/11,32.080
2015/08/12,32.465
2015/08/13,32.366
2015/08/14,32.368
2015/08/17,32.621
2015/08/18,32.653
2015/08/19,32.668
2015/08/20,32.678
2015/08/21,32.876
2015/08/24,32.960
2015/08/25,32.879
2015/08/26,32.765
2015/08/27,32.770
2015/08/28,32.772
2015/08/31,32.810
2015/09/01,32.680
2015/09/02,32.762
2015/09/03,32.801
2015/09/04,32.833
2015/09/07,32.935
2015/09/08,33.003
2015/09/09,32.775
2015/09/10,32.856
2015/09/11,32.710
2015/09/14,32.720
2015/09/15,32.786
2015/09/16,32.762
2015/09/17,32.662
2015/09/18,32.663
2015/09/21,32.939
2015/09/22,32.971
2015/09/23,33.250
2015/09/24,33.260
2015/09/25,33.292
2015/09/30,33.128
2015/10/01,33.080
2015/10/02,33.156
2015/10/05,33.002
2015/10/06,32.937
2015/10/07,32.872
2015/10/08,32.850
2015/10/12,32.560
2015/10/13,32.739
2015/10/14,32.742
2015/10/15,32.457
2015/10/16,32.505
2015/10/19,32.418
2015/10/20,32.510
2015/10/21,32.558
2015/10/22,32.658
2015/10/23,32.513
2015/10/26,32.708
2015/10/27,32.676
2015/10/28,32.686
2015/10/29,32.856
2015/10/30,32.802
2015/11/02,32.721
2015/11/03,32.625
2015/11/04,32.595
2015/11/05,32.718
2015/11/06,32.730
2015/11/09,32.832
2015/11/10,32.850
2015/11/11,32.852
2015/11/12,32.900
2015/11/13,32.908
2015/11/16,33.022
2015/11/17,32.975
2015/11/18,33.007
2015/11/19,32.860
2015/11/20,32.730
2015/11/23,32.778
2015/11/24,32.746
2015/11/25,32.647
2015/11/26,32.701
2015/11/27,32.815
2015/11/30,32.830
2015/12/01,32.832
2015/12/02,32.903
2015/12/03,32.935
2015/12/04,32.822
2015/12/07,32.936
2015/12/08,33.037
2015/12/09,33.047
2015/12/10,33.015
2015/12/11,32.965
2015/12/14,33.066
2015/12/15,33.026
2015/12/16,32.950
2015/12/17,33.035
2015/12/18,33.117
2015/12/21,33.085
2015/12/22,33.090
2015/12/23,33.100
2015/12/24,33.002
2015/12/25,33.005
2015/12/28,33.020
2015/12/29,33.035
2015/12/30,33.050
2015/12/31,33.066
2016/01/04,33.236
2016/01/05,33.270
2016/01/06,33.453
2016/01/07,33.530
2016/01/08,33.501
2016/01/11,33.651
2016/01/12,33.667
2016/01/13,33.625
2016/01/14,33.742
2016/01/15,33.802
2016/01/18,33.818
2016/01/19,33.820
2016/01/20,33.826
2016/01/21,33.838
2016/01/22,33.705
2016/01/25,33.622
2016/01/26,33.725
2016/01/27,33.710
2016/01/28,33.743
2016/01/29,33.600
2016/01/30,33.650
2016/02/01,33.670
2016/02/02,33.680
2016/02/03,33.808
2016/02/04,33.608
2016/02/05,33.520
2016/02/15,33.421
2016/02/16,33.453
2016/02/17,33.505
2016/02/18,33.525
2016/02/19,33.561
2016/02/22,33.567
2016/02/23,33.485
2016/02/24,33.490
2016/02/25,33.496
2016/02/26,33.492
2016/03/01,33.436
2016/03/02,33.370
2016/03/03,33.179
2016/03/04,33.101
2016/03/07,33.010
2016/03/08,33.062
2016/03/09,33.225
2016/03/10,33.080
2016/03/11,32.950
2016/03/14,32.870
2016/03/15,32.918
2016/03/16,32.950
2016/03/17,32.706
2016/03/18,32.520
2016/03/21,32.545
2016/03/22,32.525
2016/03/23,32.625
2016/03/24,32.726
2016/03/25,32.766
2016/03/28,32.720
2016/03/29,32.695
2016/03/30,32.425
2016/03/31,32.282
2016/04/01,32.378
2016/04/06,32.442
2016/04/07,32.402
2016/04/08,32.450
2016/04/11,32.388
2016/04/12,32.382
2016/04/13,32.350
2016/04/14,32.436
2016/04/15,32.348
2016/04/18,32.402
2016/04/19,32.265
2016/04/20,32.248
2016/04/21,32.296
2016/04/22,32.330
2016/04/25,32.361
2016/04/26,32.363
2016/04/27,32.345
2016/04/28,32.279
2016/04/29,32.281
2016/05/03,32.205
2016/05/04,32.356
2016/05/05,32.377
2016/05/06,32.412
2016/05/09,32.417
2016/05/10,32.533
2016/05/11,32.528
2016/05/12,32.542
2016/05/13,32.626
2016/05/16,32.705
2016/05/17,32.630
2016/05/18,32.705
2016/05/19,32.802
2016/05/20,32.752
2016/05/23,32.656
2016/05/24,32.720
2016/05/25,32.652
2016/05/26,32.576
2016/05/27,32.528
2016/05/30,32.680
2016/05/31,32.630
2016/06/01,32.622
2016/06/02,32.612
2016/06/03,32.605
2016/06/04,32.506
2016/06/06,32.402
2016/06/07,32.339
2016/06/08,32.225
2016/06/13,32.435
2016/06/14,32.423
2016/06/15,32.441
2016/06/16,32.391
2016/06/17,32.385
2016/06/20,32.256
2016/06/21,32.258
2016/06/22,32.221
2016/06/23,32.190
2016/06/24,32.502
2016/06/27,32.533
2016/06/28,32.435
2016/06/29,32.343
2016/06/30,32.286
2016/07/01,32.218
2016/07/04,32.208
2016/07/05,32.282
2016/07/06,32.407
2016/07/07,32.306
2016/07/11,32.215
2016/07/12,32.220
2016/07/13,32.183
2016/07/14,32.073
2016/07/15,31.990
2016/07/18,32.024
2016/07/19,31.991
2016/07/20,32.051
2016/07/21,32.060
2016/07/22,32.070
2016/07/25,32.140
2016/07/26,32.106
2016/07/27,32.068
2016/07/28,31.955
2016/07/29,31.926
2016/08/01,31.640
2016/08/02,31.680
2016/08/03,31.750
2016/08/04,31.710
2016/08/05,31.570
2016/08/08,31.512
2016/08/09,31.455
2016/08/10,31.225
2016/08/11,31.326
2016/08/12,31.403
2016/08/15,31.370
2016/08/16,31.280
2016/08/17,31.452
2016/08/18,31.410
2016/08/19,31.618
2016/08/22,31.820
2016/08/23,31.706
2016/08/24,31.772
2016/08/25,31.670
2016/08/26,31.672
2016/08/29,31.801
2016/08/30,31.720
2016/08/31,31.726
2016/09/01,31.736
2016/09/02,31.703
2016/09/05,31.506
2016/09/06,31.412
2016/09/07,31.240
2016/09/08,31.286
2016/09/09,31.510
2016/09/10,31.552
2016/09/12,31.716
2016/09/13,31.706
2016/09/14,31.689
2016/09/19,31.450
2016/09/20,31.367
2016/09/21,31.430
2016/09/22,31.400
2016/09/23,31.330
2016/09/26,31.432
2016/09/29,31.356
2016/09/30,31.366
2016/10/03,31.330
2016/10/04,31.347
2016/10/05,31.371
2016/10/06,31.403
2016/10/07,31.480
2016/10/11,31.613
2016/10/12,31.629
2016/10/13,31.760
2016/10/14,31.672
2016/10/17,31.770
2016/10/18,31.669
2016/10/19,31.518
2016/10/20,31.530
2016/10/21,31.630
2016/10/24,31.683
2016/10/25,31.616
2016/10/26,31.558
2016/10/27,31.637
2016/10/28,31.639
2016/10/31,31.580
2016/11/01,31.568
2016/11/02,31.564
2016/11/03,31.468
2016/11/04,31.473
2016/11/07,31.519
2016/11/08,31.507
2016/11/09,31.459
2016/11/10,31.589
2016/11/11,31.801
2016/11/14,31.949
2016/11/15,31.870
2016/11/16,31.848
2016/11/17,31.868
2016/11/18,32.010
2016/11/21,32.000
2016/11/22,31.945
2016/11/23,31.880
2016/11/24,31.927
2016/11/25,31.942
2016/11/28,31.802
2016/11/29,31.818
2016/11/30,31.890
2016/12/01,31.892
2016/12/02,31.923
2016/12/05,31.995
2016/12/06,31.952
2016/12/07,31.902
2016/12/08,31.752
2016/12/09,31.860
2016/12/12,31.864
2016/12/13,31.822
2016/12/14,31.803
2016/12/15,31.923
2016/12/16,31.967
2016/12/19,31.970
2016/12/20,32.005
2016/12/21,32.020
2016/12/22,32.030
2016/12/23,32.170
2016/12/26,32.250
2016/12/27,32.281
2016/12/28,32.309
2016/12/29,32.312
2016/12/30,32.279
2017/01/03,32.245
2017/01/04,32.260
2017/01/05,31.962
2017/01/06,31.993
2017/01/09,32.106
2017/01/10,31.948
2017/01/11,31.935
2017/01/12,31.780
2017/01/13,31.602
2017/01/16,31.702
2017/01/17,31.603
2017/01/18,31.586
2017/01/19,31.623
2017/01/20,31.533
2017/01/23,31.431
2017/01/24,31.382
2017/01/25,31.332
2017/01/26,31.360
2017/02/02,31.101
2017/02/03,31.050
2017/02/06,30.943
2017/02/07,31.048
2017/02/08,31.128
2017/02/09,31.046
2017/02/10,31.051
2017/02/13,31.030
2017/02/14,30.868
2017/02/15,30.765
2017/02/16,30.792
2017/02/17,30.776
2017/02/18,30.796
2017/02/20,30.804
2017/02/21,30.793
2017/02/22,30.779
2017/02/23,30.745
2017/02/24,30.650
2017/03/01,30.760
2017/03/02,30.795
2017/03/03,31.020
2017/03/06,30.982
2017/03/07,30.850
2017/03/08,30.865
2017/03/09,31.020
2017/03/10,31.036
2017/03/13,30.916
2017/03/14,30.966
2017/03/15,30.840
2017/03/16,30.657
2017/03/17,30.626
2017/03/20,30.527
2017/03/21,30.458
2017/03/22,30.503
2017/03/23,30.488
2017/03/24,30.488
2017/03/27,30.250
2017/03/28,30.170
2017/03/29,30.285
2017/03/30,30.315
2017/03/31,30.336
2017/04/05,30.381
2017/04/06,30.560
2017/04/07,30.601
2017/04/10,30.652
2017/04/11,30.650
2017/04/12,30.556
2017/04/13,30.325
2017/04/14,30.400
2017/04/17,30.350
2017/04/18,30.406
2017/04/19,30.418
2017/04/20,30.408
2017/04/21,30.363
2017/04/24,30.272
2017/04/25,30.152
2017/04/26,30.151
2017/04/27,30.156
2017/04/28,30.218
2017/05/02,30.062
2017/05/03,30.072
2017/05/04,30.140
2017/05/05,30.182
2017/05/08,30.166
2017/05/09,30.258
2017/05/10,30.266
2017/05/11,30.215
2017/05/12,30.201
2017/05/15,30.158
2017/05/16,30.115
2017/05/17,30.140
2017/05/18,30.225
2017/05/19,30.210
2017/05/22,30.052
2017/05/23,30.166
2017/05/24,30.183
2017/05/25,30.084
2017/05/26,30.122
2017/05/31,30.102
2017/06/01,30.117
2017/06/02,30.117
2017/06/03,30.127
2017/06/05,30.090
2017/06/06,30.093
2017/06/07,30.095
2017/06/08,30.105
2017/06/09,30.108
2017/06/12,30.176
2017/06/13,30.227
2017/06/14,30.230
2017/06/15,30.247
2017/06/16,30.381
2017/06/19,30.361
2017/06/20,30.401
2017/06/21,30.471
2017/06/22,30.442
2017/06/23,30.400
2017/06/26,30.335
2017/06/27,30.341
2017/06/28,30.438
2017/06/29,30.370
2017/06/30,30.436
2017/07/03,30.428
2017/07/04,30.528
2017/07/05,30.509
2017/07/06,30.601
2017/07/07,30.610
2017/07/10,30.585
2017/07/11,30.593
2017/07/12,30.490
2017/07/13,30.385
2017/07/14,30.417
2017/07/17,30.419
2017/07/18,30.370
2017/07/19,30.397
2017/07/20,30.457
2017/07/21,30.451
2017/07/24,30.359
2017/07/25,30.360
2017/07/26,30.402
2017/07/27,30.252
2017/07/28,30.302
2017/07/31,30.227
2017/08/01,30.256
2017/08/02,30.252
2017/08/03,30.227
2017/08/04,30.220
2017/08/07,30.234
2017/08/08,30.201
2017/08/09,30.218
2017/08/10,30.309
2017/08/11,30.358
2017/08/14,30.302
2017/08/15,30.317
2017/08/16,30.365
2017/08/17,30.312
2017/08/18,30.332
2017/08/21,30.328
2017/08/22,30.300
2017/08/23,30.290
2017/08/24,30.265
2017/08/25,30.250
2017/08/28,30.162
2017/08/29,30.200
2017/08/30,30.156
2017/08/31,30.203
2017/09/01,30.156
2017/09/04,30.101
2017/09/05,30.070
2017/09/06,30.105
2017/09/07,30.062
2017/09/08,30.006
2017/09/11,30.026
2017/09/12,30.030
2017/09/13,30.056
2017/09/14,30.106
2017/09/15,30.075
2017/09/18,30.108
2017/09/19,30.137
2017/09/20,30.132
2017/09/21,30.208
2017/09/22,30.191
2017/09/25,30.172
2017/09/26,30.216
2017/09/27,30.303
2017/09/28,30.405
2017/09/29,30.336
2017/09/30,30.305
2017/10/02,30.413
2017/10/03,30.450
2017/10/05,30.350
2017/10/06,30.376
2017/10/11,30.232
2017/10/12,30.213
2017/10/13,30.185
2017/10/16,30.158
2017/10/17,30.205
2017/10/18,30.200
2017/10/19,30.230
2017/10/20,30.241
2017/10/23,30.262
2017/10/24,30.270
2017/10/25,30.266
2017/10/26,30.229
2017/10/27,30.277
2017/10/30,30.205
2017/10/31,30.170
2017/11/01,30.175
2017/11/02,30.186
2017/11/03,30.172
2017/11/06,30.204
2017/11/07,30.170
2017/11/08,30.187
2017/11/09,30.180
2017/11/10,30.172
2017/11/13,30.190
2017/11/14,30.180
2017/11/15,30.150
2017/11/16,30.158
2017/11/17,30.101
2017/11/20,30.102
2017/11/21,30.060
2017/11/22,30.020
2017/11/23,30.007
2017/11/24,30.010
2017/11/27,30.006
2017/11/28,30.001
2017/11/29,29.990
2017/11/30,30.010
2017/12/01,30.028
2017/12/04,30.036
2017/12/05,29.993
2017/12/06,30.010
2017/12/07,30.025
2017/12/08,30.015
2017/12/11,30.018
2017/12/12,30.018
2017/12/13,30.026
2017/12/14,30.006
2017/12/15,29.992
2017/12/18,30.006
2017/12/19,29.990
2017/12/20,29.990
2017/12/21,29.988
2017/12/22,29.968
2017/12/25,29.968
2017/12/26,29.945
2017/12/27,29.940
2017/12/28,29.840
2017/12/29,29.848
2018/01/02,29.628
2018/01/03,29.600
2018/01/04,29.590
2018/01/05,29.523
2018/01/08,29.523
2018/01/09,29.536
2018/01/10,29.601
2018/01/11,29.605
2018/01/12,29.600
2018/01/15,29.542
2018/01/16,29.555
2018/01/17,29.560
2018/01/18,29.562
2018/01/19,29.430
2018/01/22,29.432
2018/01/23,29.402
2018/01/24,29.302
2018/01/25,29.069
2018/01/26,29.101
2018/01/29,29.150
2018/01/30,29.240
2018/01/31,29.150
2018/02/01,29.207
2018/02/02,29.235
2018/02/05,29.307
2018/02/06,29.386
2018/02/07,29.270
2018/02/08,29.390
2018/02/09,29.407
2018/02/12,29.400
2018/02/13,29.358
2018/02/14,29.342
2018/02/21,29.245
2018/02/22,29.301
2018/02/23,29.306
2018/02/26,29.235
2018/02/27,29.230
2018/03/01,29.318
2018/03/02,29.290
2018/03/05,29.292
2018/03/06,29.287
2018/03/07,29.254
2018/03/08,29.261
2018/03/09,29.300
2018/03/12,29.280
2018/03/13,29.252
2018/03/14,29.257
2018/03/15,29.200
2018/03/16,29.231
2018/03/19,29.201
2018/03/20,29.175
2018/03/21,29.189
2018/03/22,29.153
2018/03/23,29.170
2018/03/26,29.153
2018/03/27,29.135
2018/03/28,29.163
2018/03/29,29.165
2018/03/30,29.120
2018/03/31,29.120
2018/04/02,29.142
2018/04/03,29.148
2018/04/09,29.209
2018/04/10,29.190
2018/04/11,29.201
2018/04/12,29.260
2018/04/13,29.302
2018/04/16,29.425
2018/04/17,29.362
2018/04/18,29.366
2018/04/19,29.340
2018/04/20,29.407
2018/04/23,29.528
2018/04/24,29.616
2018/04/25,29.660
2018/04/26,29.705
2018/04/27,29.636
2018/04/30,29.605
2018/05/02,29.758
2018/05/03,29.742
2018/05/04,29.716
2018/05/07,29.763
2018/05/08,29.783
2018/05/09,29.928
2018/05/10,29.872
2018/05/11,29.773
2018/05/14,29.742
2018/05/15,29.848
2018/05/16,29.892
2018/05/17,29.906
2018/05/18,29.912
2018/05/21,29.992
2018/05/22,29.922
2018/05/23,29.960
2018/05/24,29.930
2018/05/25,29.945
2018/05/28,29.928
2018/05/29,29.988
2018/05/30,30.050
2018/05/31,29.980
2018/06/01,29.864
2018/06/04,29.820
2018/06/05,29.815
2018/06/06,29.738
2018/06/07,29.740
2018/06/08,29.816
2018/06/11,29.821
2018/06/12,29.860
2018/06/13,29.890
2018/06/14,29.938
2018/06/15,30.002
2018/06/19,30.186
2018/06/20,30.170
2018/06/21,30.302
2018/06/22,30.307
2018/06/25,30.403
2018/06/26,30.412
2018/06/27,30.454
2018/06/28,30.586
2018/06/29,30.500
2018/07/02,30.523
2018/07/03,30.586
2018/07/04,30.501
2018/07/05,30.540
2018/07/06,30.500
2018/07/09,30.386
2018/07/10,30.403
2018/07/11,30.481
2018/07/12,30.542
2018/07/13,30.556
2018/07/16,30.575
2018/07/17,30.516
2018/07/18,30.582
2018/07/19,30.632
2018/07/20,30.716
2018/07/23,30.645
2018/07/24,30.720
2018/07/25,30.632
2018/07/26,30.573
2018/07/27,30.592
2018/07/30,30.609
2018/07/31,30.614
2018/08/01,30.616
2018/08/02,30.682
2018/08/03,30.706
2018/08/06,30.630
2018/08/07,30.621
2018/08/08,30.616
2018/08/09,30.626
2018/08/10,30.708
2018/08/13,30.812
2018/08/14,30.807
2018/08/15,30.858
2018/08/16,30.845
2018/08/17,30.802
2018/08/20,30.760
2018/08/21,30.730
2018/08/22,30.730
2018/08/23,30.790
2018/08/24,30.783
2018/08/27,30.772
2018/08/28,30.724
2018/08/29,30.706
2018/08/30,30.711
2018/08/31,30.731
2018/09/03,30.712
2018/09/04,30.766
2018/09/05,30.806
2018/09/06,30.802
2018/09/07,30.776
2018/09/10,30.830
2018/09/11,30.814
2018/09/12,30.825
2018/09/13,30.805
2018/09/14,30.760
2018/09/17,30.805
2018/09/18,30.813
2018/09/19,30.793
2018/09/20,30.795
2018/09/21,30.716
2018/09/25,30.675
2018/09/26,30.697
2018/09/27,30.602
2018/09/28,30.551
2018/10/01,30.556
2018/10/02,30.668
2018/10/03,30.670
2018/10/04,30.792
2018/10/05,30.840
2018/10/08,30.926
2018/10/09,30.968
2018/10/11,31.105
2018/10/12,30.910
2018/10/15,30.940
2018/10/16,30.920
2018/10/17,30.850
2018/10/18,30.975
2018/10/19,30.976
2018/10/22,30.920
2018/10/23,30.985
2018/10/24,30.947
2018/10/25,30.996
2018/10/26,31.006
2018/10/29,30.996
2018/10/30,30.985
2018/10/31,30.968
2018/11/01,30.926
2018/11/02,30.738
2018/11/05,30.771
2018/11/06,30.782
2018/11/07,30.760
2018/11/08,30.702
2018/11/09,30.812
2018/11/12,30.888
2018/11/13,30.902
2018/11/14,30.932
2018/11/15,30.845
2018/11/16,30.888
2018/11/19,30.906
2018/11/20,30.908
2018/11/21,30.908
2018/11/22,30.894
2018/11/23,30.902
2018/11/26,30.886
2018/11/27,30.900
2018/11/28,30.910
2018/11/29,30.840
2018/11/30,30.850
2018/12/03,30.752
2018/12/04,30.705
2018/12/05,30.806
2018/12/06,30.857
2018/12/07,30.841
2018/12/10,30.877
2018/12/11,30.894
2018/12/12,30.881
2018/12/13,30.850
2018/12/14,30.867
2018/12/17,30.870
2018/12/18,30.870
2018/12/19,30.813
2018/12/20,30.843
2018/12/21,30.800
2018/12/22,30.824
2018/12/24,30.838
2018/12/25,30.810
2018/12/26,30.815
2018/12/27,30.802
2018/12/28,30.733
2019/01/02,30.794
2019/01/03,30.886
2019/01/04,30.863
2019/01/07,30.812
2019/01/08,30.836
2019/01/09,30.801
2019/01/10,30.782
2019/01/11,30.802
2019/01/14,30.851
2019/01/15,30.820
2019/01/16,30.831
2019/01/17,30.852
2019/01/18,30.842
2019/01/19,30.842
2019/01/21,30.851
2019/01/22,30.896
2019/01/23,30.892
2019/01/24,30.885
2019/01/25,30.825
2019/01/28,30.790
2019/01/29,30.811
2019/01/30,30.776
2019/01/31,30.740
2019/02/01,30.745
2019/02/11,30.809
2019/02/12,30.831
2019/02/13,30.831
2019/02/14,30.833
2019/02/15,30.850
2019/02/18,30.843
2019/02/19,30.846
2019/02/20,30.824
2019/02/21,30.830
2019/02/22,30.822
2019/02/23,30.823
2019/02/25,30.793
2019/02/26,30.783
2019/02/27,30.775
2019/03/04,30.830
2019/03/05,30.847
2019/03/06,30.852
2019/03/07,30.869
2019/03/08,30.902
2019/03/11,30.910
2019/03/12,30.905
2019/03/13,30.910
2019/03/14,30.901
2019/03/15,30.888
2019/03/18,30.832
2019/03/19,30.838
2019/03/20,30.833
2019/03/21,30.816
2019/03/22,30.806
2019/03/25,30.830
2019/03/26,30.835
2019/03/27,30.856
2019/03/28,30.856
2019/03/29,30.825
2019/04/01,30.801
2019/04/02,30.843
2019/04/03,30.817
2019/04/08,30.845
2019/04/09,30.841
2019/04/10,30.845
2019/04/11,30.866
2019/04/12,30.880
2019/04/15,30.866
2019/04/16,30.874
2019/04/17,30.848
2019/04/18,30.841
2019/04/19,30.842
2019/04/22,30.856
2019/04/23,30.858
2019/04/24,30.875
2019/04/25,30.905
2019/04/26,30.907
2019/04/29,30.897
2019/04/30,30.905
2019/05/02,30.905
2019/05/03,30.907
2019/05/06,30.925
2019/05/07,30.911
2019/05/08,30.920
2019/05/09,30.956
2019/05/10,30.958
2019/05/13,31.082
2019/05/14,31.128
2019/05/15,31.110
2019/05/16,31.165
2019/05/17,31.297
2019/05/20,31.385
2019/05/21,31.460
2019/05/22,31.530
2019/05/23,31.547
2019/05/24,31.520
2019/05/27,31.450
2019/05/28,31.484
2019/05/29,31.581
2019/05/30,31.610
2019/05/31,31.612
2019/06/03,31.503
2019/06/04,31.480
2019/06/05,31.390
2019/06/06,31.402
2019/06/10,31.436
2019/06/11,31.436
2019/06/12,31.430
2019/06/13,31.512
2019/06/14,31.530
2019/06/17,31.520
2019/06/18,31.528
2019/06/19,31.350
2019/06/20,31.175
2019/06/21,31.150
2019/06/24,31.110
2019/06/25,31.115
2019/06/26,31.140
2019/06/27,31.101
2019/06/28,31.072
2019/07/01,31.002
2019/07/02,31.052
2019/07/03,31.130
2019/07/04,31.102
2019/07/05,31.107
2019/07/08,31.196
2019/07/09,31.181
2019/07/10,31.160
2019/07/11,31.026
2019/07/12,31.081
2019/07/15,31.052
2019/07/16,31.042
2019/07/17,31.075
2019/07/18,31.077
2019/07/19,31.050
2019/07/22,31.083
2019/07/23,31.091
2019/07/24,31.084
2019/07/25,31.085
2019/07/26,31.090
2019/07/29,31.102
2019/07/30,31.075
2019/07/31,31.096
2019/08/01,31.182
2019/08/02,31.376
2019/08/05,31.628
2019/08/06,31.510
2019/08/07,31.487
2019/08/08,31.363
2019/08/12,31.400
2019/08/13,31.506
2019/08/14,31.402
2019/08/15,31.405
2019/08/16,31.366
2019/08/19,31.352
2019/08/20,31.405
2019/08/21,31.366
2019/08/22,31.384
2019/08/23,31.402
2019/08/26,31.451
2019/08/27,31.415
2019/08/28,31.420
2019/08/29,31.442
2019/08/30,31.410
2019/09/02,31.402
2019/09/03,31.432
2019/09/04,31.365
2019/09/05,31.280
2019/09/06,31.257
2019/09/09,31.250
2019/09/10,31.230
2019/09/11,31.220
2019/09/12,31.055
2019/09/16,31.002
2019/09/17,31.035
2019/09/18,31.000
2019/09/19,31.006
2019/09/20,30.980
2019/09/23,31.057
2019/09/24,31.013
2019/09/25,31.034
2019/09/26,31.040
2019/09/27,31.042
2019/10/01,31.045
2019/10/02,31.063
2019/10/03,31.064
2019/10/04,30.973
2019/10/05,30.973
2019/10/07,30.902
2019/10/08,30.842
2019/10/09,30.850
2019/10/14,30.620
2019/10/15,30.686
2019/10/16,30.722
2019/10/17,30.681
2019/10/18,30.611
2019/10/21,30.592
2019/10/22,30.594
2019/10/23,30.611
2019/10/24,30.586
2019/10/25,30.594
2019/10/28,30.572
2019/10/29,30.522
2019/10/30,30.533
2019/10/31,30.462
2019/11/01,30.479
2019/11/04,30.405
2019/11/05,30.371
2019/11/06,30.400
2019/11/07,30.406
2019/11/08,30.412
2019/11/11,30.435
2019/11/12,30.422
2019/11/13,30.503
2019/11/14,30.582
2019/11/15,30.538
2019/11/18,30.501
2019/11/19,30.509
2019/11/20,30.500
2019/11/21,30.524
2019/11/22,30.517
2019/11/25,30.507
2019/11/26,30.512
2019/11/27,30.515
2019/11/28,30.505
2019/11/29,30.513
2019/12/02,30.509
2019/12/03,30.507
2019/12/04,30.508
2019/12/05,30.500
2019/12/06,30.500
2019/12/09,30.502
2019/12/10,30.503
2019/12/11,30.505
2019/12/12,30.406
2019/12/13,30.317
2019/12/16,30.263
2019/12/17,30.210
2019/12/18,30.233
2019/12/19,30.208
2019/12/20,30.210
2019/12/23,30.215
2019/12/24,30.205
2019/12/25,30.203
2019/12/26,30.201
2019/12/27,30.203
2019/12/30,30.135
2019/12/31,30.106
2020/01/02,30.114
2020/01/03,30.105
2020/01/06,30.110
2020/01/07,30.082
2020/01/08,30.087
2020/01/09,30.008
2020/01/10,30.019
2020/01/13,29.952
2020/01/14,29.942
2020/01/15,29.950
2020/01/16,29.955
2020/01/17,29.960
2020/01/20,29.960
2020/01/21,29.998
2020/01/22,30.006
2020/01/30,30.277
2020/01/31,30.250
2020/02/03,30.332
2020/02/04,30.207
2020/02/05,30.152
2020/02/06,30.082
2020/02/07,30.126
2020/02/10,30.102
2020/02/11,30.068
2020/02/12,30.032
2020/02/13,30.037
2020/02/14,30.051
2020/02/15,30.051
2020/02/17,30.056
2020/02/18,30.125
2020/02/19,30.152
2020/02/20,30.254
2020/02/21,30.403
2020/02/24,30.472
2020/02/25,30.402
2020/02/26,30.383
2020/02/27,30.330
2020/03/02,30.124
2020/03/03,30.087
2020/03/04,30.038
2020/03/05,29.960
2020/03/06,30.040
2020/03/09,30.130
2020/03/10,30.036
2020/03/11,30.095
2020/03/12,30.150
2020/03/13,30.210
2020/03/16,30.220
2020/03/17,30.250
2020/03/18,30.276
2020/03/19,30.506
2020/03/20,30.302
2020/03/23,30.405
2020/03/24,30.316
2020/03/25,30.325
2020/03/26,30.306
2020/03/27,30.236
2020/03/30,30.250
2020/03/31,30.254
2020/04/01,30.308
2020/04/06,30.231
2020/04/07,30.152
2020/04/08,30.160
2020/04/09,30.152
2020/04/10,30.103
2020/04/13,30.120
2020/04/14,30.071
2020/04/15,30.031
2020/04/16,30.120
2020/04/17,30.102
2020/04/20,30.072
2020/04/21,30.102
2020/04/22,30.100
2020/04/23,30.072
2020/04/24,30.080
2020/04/27,30.025
2020/04/28,30.036
2020/04/29,29.951
2020/04/30,29.802
2020/05/04,29.900
2020/05/05,29.880
2020/05/06,29.910
2020/05/07,29.950
2020/05/08,29.902
2020/05/11,29.861
2020/05/12,29.920
2020/05/13,29.906
2020/05/14,29.948
2020/05/15,29.950
2020/05/18,29.980
2020/05/19,29.950
2020/05/20,29.960
2020/05/21,29.950
2020/05/22,30.009
2020/05/25,30.076
2020/05/26,29.988
2020/05/27,30.030
2020/05/28,30.045
2020/05/29,30.032
2020/06/01,29.952
2020/06/02,29.988
2020/06/03,29.905
2020/06/04,29.926
2020/06/05,29.839
2020/06/08,29.811
2020/06/09,29.803
2020/06/10,29.716
2020/06/11,29.733
2020/06/12,29.762
2020/06/15,29.770
2020/06/16,29.704
2020/06/17,29.682
2020/06/18,29.655
2020/06/19,29.660
2020/06/20,29.660
2020/06/22,29.660
2020/06/23,29.635
2020/06/24,29.640
2020/06/29,29.625
2020/06/30,29.660
2020/07/01,29.612
2020/07/02,29.586
2020/07/03,29.609
2020/07/06,29.551
2020/07/07,29.580
2020/07/08,29.606
2020/07/09,29.581
2020/07/10,29.613
2020/07/13,29.584
2020/07/14,29.595
2020/07/15,29.582
2020/07/16,29.596
2020/07/17,29.593
2020/07/20,29.565
2020/07/21,29.553
2020/07/22,29.527
2020/07/23,29.536
2020/07/24,29.556
2020/07/27,29.507
2020/07/28,29.502
2020/07/29,29.501
2020/07/30,29.521
2020/07/31,29.502
2020/08/03,29.531
2020/08/04,29.539
2020/08/05,29.506
2020/08/06,29.503
2020/08/07,29.514
2020/08/10,29.520
2020/08/11,29.531
2020/08/12,29.540
2020/08/13,29.536
2020/08/14,29.542
2020/08/17,29.526
2020/08/18,29.518
2020/08/19,29.508
2020/08/20,29.522
2020/08/21,29.512
2020/08/24,29.517
2020/08/25,29.507
2020/08/26,29.515
2020/08/27,29.510
2020/08/28,29.521
2020/08/31,29.526
2020/09/01,29.521
2020/09/02,29.526
2020/09/03,29.531
2020/09/04,29.537
2020/09/07,29.524
2020/09/08,29.505
2020/09/09,29.530
2020/09/10,29.519
2020/09/11,29.506
2020/09/14,29.486
2020/09/15,29.380
2020/09/16,29.308
2020/09/17,29.310
2020/09/18,29.152
2020/09/21,29.158
2020/09/22,29.202
2020/09/23,29.216
2020/09/24,29.318
2020/09/25,29.275
2020/09/26,29.276
2020/09/28,29.220
2020/09/29,29.151
2020/09/30,29.126
2020/10/05,29.020
2020/10/06,28.960
2020/10/07,28.965
2020/10/08,28.966
2020/10/12,28.909
2020/10/13,28.920
2020/10/14,28.952
2020/10/15,28.960
2020/10/16,28.979
2020/10/19,28.950
2020/10/20,28.932
2020/10/21,28.892
2020/10/22,28.903
2020/10/23,28.917
2020/10/26,28.902
2020/10/27,28.872
2020/10/28,28.906
2020/10/29,28.914
2020/10/30,28.925
2020/11/02,28.909
2020/11/03,28.920
2020/11/04,29.006
2020/11/05,28.874
2020/11/06,28.876
2020/11/09,28.825
2020/11/10,28.856
2020/11/11,28.830
2020/11/12,28.860
2020/11/13,28.847
2020/11/16,28.810
2020/11/17,28.815
2020/11/18,28.758
2020/11/19,28.818
2020/11/20,28.820
2020/11/23,28.803
2020/11/24,28.831
2020/11/25,28.816
2020/11/26,28.811
2020/11/27,28.811
2020/11/30,28.824
2020/12/01,28.837
2020/12/02,28.766
2020/12/03,28.668
2020/12/04,28.521
2020/12/07,28.534
2020/12/08,28.516
2020/12/09,28.510
2020/12/10,28.506
2020/12/11,28.440
2020/12/14,28.450
2020/12/15,28.460
2020/12/16,28.476
2020/12/17,28.481
2020/12/18,28.489
2020/12/21,28.517
2020/12/22,28.545
2020/12/23,28.555
2020/12/24,28.533
2020/12/25,28.541
2020/12/28,28.525
2020/12/29,28.515
2020/12/30,28.507
2020/12/31,28.508
2021/01/04,28.424
2021/01/05,28.402
2021/01/06,28.407
2021/01/07,28.429
2021/01/08,28.457
2021/01/11,28.485
2021/01/12,28.481
2021/01/13,28.445
2021/01/14,28.467
2021/01/15,28.480
2021/01/18,28.490
2021/01/19,28.471
2021/01/20,28.415
2021/01/21,28.373
2021/01/22,28.381
2021/01/25,28.391
2021/01/26,28.410
2021/01/27,28.380
2021/01/28,28.422
2021/01/29,28.412
2021/02/01,28.385
2021/02/02,28.387
2021/02/03,28.377
2021/02/04,28.382
2021/02/05,28.390
2021/02/08,28.390
2021/02/09,28.390
2021/02/17,28.380
2021/02/18,28.330
2021/02/19,28.338
2021/02/20,28.338
2021/02/22,28.336
2021/02/23,28.302
2021/02/24,28.306
2021/02/25,28.256
2021/02/26,28.306
2021/03/02,28.319
2021/03/03,28.258
2021/03/04,28.266
2021/03/05,28.276
2021/03/08,28.303
2021/03/09,28.390
2021/03/10,28.326
2021/03/11,28.241
2021/03/12,28.187
2021/03/15,28.243
2021/03/16,28.263
2021/03/17,28.302
2021/03/18,28.306
2021/03/19,28.463
2021/03/22,28.492
2021/03/23,28.482
2021/03/24,28.538
2021/03/25,28.610
2021/03/26,28.602
2021/03/29,28.552
2021/03/30,28.519
2021/03/31,28.531
2021/04/01,28.533
2021/04/06,28.486
2021/04/07,28.427
2021/04/08,28.430
2021/04/09,28.436
2021/04/12,28.459
2021/04/13,28.465
2021/04/14,28.435
2021/04/15,28.382
2021/04/16,28.341
2021/04/19,28.205
2021/04/20,28.138
2021/04/21,28.151
2021/04/22,28.141
2021/04/23,28.111
2021/04/26,27.959
2021/04/27,27.905
2021/04/28,27.938
2021/04/29,27.950
2021/05/03,27.979
2021/05/04,27.952
2021/05/05,27.960
2021/05/06,27.990
2021/05/07,27.908
2021/05/10,27.816
2021/05/11,27.952
2021/05/12,27.955
2021/05/13,27.996
2021/05/14,28.012
2021/05/17,28.042
2021/05/18,27.952
2021/05/19,27.982
2021/05/20,28.012
2021/05/21,27.940
2021/05/24,27.950
2021/05/25,27.876
2021/05/26,27.821
2021/05/27,27.822
2021/05/28,27.767
2021/05/31,27.657
2021/06/01,27.637
2021/06/02,27.720
2021/06/03,27.704
2021/06/04,27.721
2021/06/07,27.712
2021/06/08,27.703
2021/06/09,27.767
2021/06/10,27.704
2021/06/11,27.631
2021/06/15,27.652
2021/06/16,27.691
2021/06/17,27.765
2021/06/18,27.810
2021/06/21,27.952
2021/06/22,27.962
2021/06/23,28.006
2021/06/24,28.002
2021/06/25,27.907
2021/06/28,27.910
2021/06/29,27.908
2021/06/30,27.870
2021/07/01,27.904
2021/07/02,27.990
2021/07/05,27.915
2021/07/06,27.916
2021/07/07,27.993
2021/07/08,28.034
2021/07/09,28.086
2021/07/12,28.015
2021/07/13,27.997
2021/07/14,28.007
2021/07/15,27.892
2021/07/16,28.005
2021/07/19,28.052
2021/07/20,28.060
2021/07/21,28.073
2021/07/22,28.018
2021/07/23,28.028
2021/07/26,28.072
2021/07/27,28.055
2021/07/28,28.005
2021/07/29,27.945
2021/07/30,27.966
2021/08/02,27.932
2021/08/03,27.930
2021/08/04,27.833
2021/08/05,27.781
2021/08/06,27.813
2021/08/09,27.826
2021/08/10,27.831
2021/08/11,27.847
2021/08/12,27.819
2021/08/13,27.860
2021/08/16,27.848
2021/08/17,27.869
2021/08/18,27.843
2021/08/19,27.969
2021/08/20,28.008
2021/08/23,27.985
2021/08/24,27.942
2021/08/25,27.927
2021/08/26,27.937
2021/08/27,27.928
2021/08/30,27.813
2021/08/31,27.772
2021/09/01,27.742
2021/09/02,27.732
2021/09/03,27.703
2021/09/06,27.663
2021/09/07,27.673
2021/09/08,27.746
2021/09/09,27.752
2021/09/10,27.690
2021/09/11,27.710
2021/09/13,27.720
2021/09/14,27.713
2021/09/15,27.708
2021/09/16,27.715
2021/09/17,27.736
2021/09/22,27.782
2021/09/23,27.773
2021/09/24,27.731
2021/09/27,27.722
2021/09/28,27.785
2021/09/29,27.820
2021/09/30,27.866
2021/10/01,27.882
2021/10/04,27.866
2021/10/05,27.907
2021/10/06,27.970
2021/10/07,27.952
2021/10/08,28.046
2021/10/12,28.152
2021/10/13,28.145
2021/10/14,28.103
2021/10/15,28.027
2021/10/18,28.015
2021/10/19,27.935
2021/10/20,27.911
2021/10/21,27.912
2021/10/22,27.902
2021/10/25,27.876
2021/10/26,27.842
2021/10/27,27.827
2021/10/28,27.834
2021/10/29,27.820
2021/11/01,27.850
2021/11/02,27.850
2021/11/03,27.853
2021/11/04,27.866
2021/11/05,27.882
2021/11/08,27.842
2021/11/09,27.772
2021/11/10,27.785
2021/11/11,27.840
2021/11/12,27.836
2021/11/15,27.782
2021/11/16,27.790
2021/11/17,27.815
2021/11/18,27.803
2021/11/19,27.795
2021/11/22,27.783
2021/11/23,27.809
2021/11/24,27.793
2021/11/25,27.801
2021/11/26,27.836
2021/11/29,27.807
2021/11/30,27.810
2021/12/01,27.760
2021/12/02,27.766
2021/12/03,27.723
2021/12/06,27.741
2021/12/07,27.771
2021/12/08,27.742
2021/12/09,27.710
2021/12/10,27.737
2021/12/13,27.796
2021/12/14,27.816
2021/12/15,27.804
2021/12/16,27.817
2021/12/17,27.780
2021/12/20,27.840
2021/12/21,27.825
2021/12/22,27.820
2021/12/23,27.788
2021/12/24,27.738
2021/12/27,27.715
2021/12/28,27.685
2021/12/29,27.688
2021/12/30,27.690
2022/01/03,27.632
2022/01/04,27.642
2022/01/05,27.621
2022/01/06,27.651
2022/01/07,27.690
2022/01/10,27.668
2022/01/11,27.684
2022/01/12,27.668
2022/01/13,27.648
2022/01/14,27.624
2022/01/17,27.607
2022/01/18,27.624
2022/01/19,27.651
2022/01/20,27.636
2022/01/21,27.702
2022/01/22,27.700
2022/01/24,27.696
2022/01/25,27.717
2022/01/26,27.745
2022/01/27,27.806
2022/01/28,27.828
2022/02/07,27.841
2022/02/08,27.838
2022/02/09,27.822
2022/02/10,27.825
2022/02/11,27.846
2022/02/14,27.873
2022/02/15,27.892
2022/02/16,27.892
2022/02/17,27.872
2022/02/18,27.870
2022/02/21,27.830
2022/02/22,27.880
2022/02/23,27.884
2022/02/24,28.023
2022/02/25,28.021
2022/03/01,28.020
2022/03/02,28.070
2022/03/03,28.061
2022/03/04,28.115
2022/03/07,28.250
2022/03/08,28.362
2022/03/09,28.435
2022/03/10,28.345
2022/03/11,28.403
2022/03/14,28.530
2022/03/15,28.612
2022/03/16,28.625
2022/03/17,28.456
2022/03/18,28.360
2022/03/21,28.487
2022/03/22,28.543
2022/03/23,28.551
2022/03/24,28.602
2022/03/25,28.613
2022/03/28,28.755
2022/03/29,28.765
2022/03/30,28.580
2022/03/31,28.622
2022/04/01,28.705
2022/04/06,28.770
2022/04/07,28.828
2022/04/08,28.906
2022/04/11,29.050
2022/04/12,29.145
2022/04/13,29.086
2022/04/14,29.004
2022/04/15,29.118
2022/04/18,29.186
2022/04/19,29.230
2022/04/20,29.249
2022/04/21,29.209
2022/04/22,29.260
2022/04/25,29.370
2022/04/26,29.310
2022/04/27,29.396
2022/04/28,29.525
2022/04/29,29.480
2022/05/03,29.530
2022/05/04,29.525
2022/05/05,29.509
2022/05/06,29.660
2022/05/09,29.733
2022/05/10,29.712
2022/05/11,29.705
2022/05/12,29.823
2022/05/13,29.807
2022/05/16,29.814
2022/05/17,29.732
2022/05/18,29.710
2022/05/19,29.769
2022/05/20,29.655
2022/05/23,29.620
2022/05/24,29.622
2022/05/25,29.556
2022/05/26,29.505
2022/05/27,29.350
2022/05/30,29.144
2022/05/31,29.065
2022/06/01,29.270
2022/06/02,29.388
2022/06/06,29.415
2022/06/07,29.514
2022/06/08,29.520
2022/06/09,29.526
2022/06/10,29.584
2022/06/13,29.742
2022/06/14,29.708
2022/06/15,29.740
2022/06/16,29.735
2022/06/17,29.720
2022/06/20,29.740
2022/06/21,29.715
2022/06/22,29.790
2022/06/23,29.782
2022/06/24,29.732
2022/06/27,29.612
2022/06/28,29.640
2022/06/29,29.682
2022/06/30,29.726
2022/07/01,29.755
2022/07/04,29.745
2022/07/05,29.765
2022/07/06,29.810
2022/07/07,29.790
2022/07/08,29.782
2022/07/11,29.818
2022/07/12,29.895
2022/07/13,29.855
2022/07/14,29.889
2022/07/15,29.946
2022/07/18,29.914
2022/07/19,29.902
2022/07/20,29.896
2022/07/21,29.890
2022/07/22,29.916
2022/07/25,29.908
2022/07/26,29.914
2022/07/27,29.933
2022/07/28,29.928
2022/07/29,29.938
2022/08/01,29.980
2022/08/02,29.996
2022/08/03,29.990
2022/08/04,29.994
2022/08/05,29.950
2022/08/08,29.996
2022/08/09,29.990
2022/08/10,29.997
2022/08/11,29.942
2022/08/12,29.970
2022/08/15,29.990
2022/08/16,29.994
2022/08/17,29.981
2022/08/18,29.991
2022/08/19,30.020
2022/08/22,30.095
2022/08/23,30.204
2022/08/24,30.271
2022/08/25,30.194
2022/08/26,30.218
2022/08/29,30.396
2022/08/30,30.468
2022/08/31,30.435
2022/09/01,30.531
2022/09/02,30.588
2022/09/05,30.710
2022/09/06,30.746
2022/09/07,30.928
2022/09/08,30.895
2022/09/12,30.870
2022/09/13,30.890
2022/09/14,31.088
2022/09/15,31.130
2022/09/16,31.293
2022/09/19,31.350
2022/09/20,31.345
2022/09/21,31.440
2022/09/22,31.616
2022/09/23,31.665
2022/09/26,31.818
2022/09/27,31.780
2022/09/28,31.871
2022/09/29,31.847
2022/09/30,31.743
2022/10/03,31.868
2022/10/04,31.748
2022/10/05,31.568
2022/10/06,31.530
2022/10/07,31.668
2022/10/11,31.867
2022/10/12,31.839
2022/10/13,31.889
2022/10/14,31.884
2022/10/17,31.997
2022/10/18,31.994
2022/10/19,32.022
2022/10/20,32.107
2022/10/21,32.188
2022/10/24,32.226
2022/10/25,32.319
2022/10/26,32.215
2022/10/27,32.108
2022/10/28,32.148
2022/10/31,32.210
2022/11/01,32.179
2022/11/02,32.170
2022/11/03,32.245
2022/11/04,32.185
2022/11/07,32.082
2022/11/08,32.062
2022/11/09,31.903
2022/11/10,31.905
2022/11/11,31.410
2022/11/14,31.116
2022/11/15,31.105
2022/11/16,31.115
2022/11/17,31.158
2022/11/18,31.170
2022/11/21,31.210
2022/11/22,31.213
2022/11/23,31.218
2022/11/24,31.027
2022/11/25,30.905
2022/11/28,31.012
2022/11/29,30.952
2022/11/30,30.902
2022/12/01,30.633
2022/12/02,30.605
2022/12/05,30.455
2022/12/06,30.638
2022/12/07,30.662
2022/12/08,30.685
2022/12/09,30.622
2022/12/12,30.714
2022/12/13,30.724
2022/12/14,30.582
2022/12/15,30.625
2022/12/16,30.710
2022/12/19,30.740
2022/12/20,30.720
2022/12/21,30.709
2022/12/22,30.680
2022/12/23,30.712
2022/12/26,30.708
2022/12/27,30.691
2022/12/28,30.715
2022/12/29,30.732
2022/12/30,30.708
2023/01/03,30.698
2023/01/04,30.714
2023/01/05,30.710
2023/01/06,30.712
2023/01/07,30.695
2023/01/09,30.520
2023/01/10,30.463
2023/01/11,30.435
2023/01/12,30.458
2023/01/13,30.387
2023/01/16,30.268
2023/01/17,30.315
2023/01/18,30.333
2023/01/19,30.368
2023/01/30,30.137
2023/01/31,30.052
2023/02/01,29.965
2023/02/02,29.700
2023/02/03,29.720
2023/02/04,29.900
2023/02/06,29.984
2023/02/07,30.043
2023/02/08,30.060
2023/02/09,30.068
2023/02/10,30.136
2023/02/13,30.238
2023/02/14,30.215
2023/02/15,30.308
2023/02/16,30.280
2023/02/17,30.404
2023/02/18,30.410
2023/02/20,30.371
2023/02/21,30.415
2023/02/22,30.504
2023/02/23,30.405
2023/02/24,30.480
2023/03/01,30.588
2023/03/02,30.630
2023/03/03,30.627
2023/03/06,30.576
2023/03/07,30.594
2023/03/08,30.790
2023/03/09,30.810
2023/03/10,30.848
2023/03/13,30.651
2023/03/14,30.620
2023/03/15,30.592
2023/03/16,30.631
2023/03/17,30.554
2023/03/20,30.593
2023/03/21,30.563
2023/03/22,30.526
2023/03/23,30.372
2023/03/24,30.353
2023/03/25,30.388
2023/03/27,30.372
2023/03/28,30.385
2023/03/29,30.455
2023/03/30,30.461
2023/03/31,30.454
2023/04/06,30.528
2023/04/07,30.446
2023/04/10,30.452
2023/04/11,30.475
2023/04/12,30.505
2023/04/13,30.496
2023/04/14,30.465
2023/04/17,30.494
2023/04/18,30.527
2023/04/19,30.562
2023/04/20,30.612
2023/04/21,30.622
2023/04/24,30.645
2023/04/25,30.680
2023/04/26,30.725
2023/04/27,30.710
2023/04/28,30.740
2023/05/02,30.782
2023/05/03,30.746
2023/05/04,30.666
2023/05/05,30.641
2023/05/08,30.673
2023/05/09,30.702
2023/05/10,30.729
2023/05/11,30.738
2023/05/12,30.758
2023/05/15,30.813
2023/05/16,30.805
2023/05/17,30.817
2023/05/18,30.766
2023/05/19,30.682
2023/05/22,30.677
2023/05/23,30.748
2023/05/24,30.794
2023/05/25,30.790
2023/05/26,30.748
2023/05/29,30.652
2023/05/30,30.660
2023/05/31,30.766
2023/06/01,30.740
2023/06/02,30.655
2023/06/05,30.695
2023/06/06,30.728
2023/06/07,30.712
2023/06/08,30.760
2023/06/09,30.725
2023/06/12,30.754
2023/06/13,30.716
2023/06/14,30.720
2023/06/15,30.724
2023/06/16,30.708
2023/06/17,30.738
2023/06/19,30.796
2023/06/20,30.890
2023/06/21,30.920
2023/06/26,31.017
2023/06/27,31.030
2023/06/28,31.072
2023/06/29,31.078
2023/06/30,31.135
2023/07/03,31.131
2023/07/04,31.116
2023/07/05,31.152
2023/07/06,31.220
2023/07/07,31.330
2023/07/10,31.385
2023/07/11,31.320
2023/07/12,31.238
2023/07/13,31.086
2023/07/14,30.893
2023/07/17,31.052
2023/07/18,30.996
2023/07/19,31.063
2023/07/20,31.077
2023/07/21,31.240
2023/07/24,31.352
2023/07/25,31.306
2023/07/26,31.252
2023/07/27,31.238
2023/07/28,31.390
2023/07/31,31.430
2023/08/01,31.518
2023/08/02,31.625
2023/08/04,31.691
2023/08/07,31.670
2023/08/08,31.810
2023/08/09,31.750
2023/08/10,31.762
2023/08/11,31.798
2023/08/14,31.924
2023/08/15,31.935
2023/08/16,31.895
2023/08/17,31.974
2023/08/18,31.942
2023/08/21,31.965
2023/08/22,31.938
2023/08/23,31.926
2023/08/24,31.795
2023/08/25,31.850
2023/08/28,31.874
2023/08/29,31.884
2023/08/30,31.856
2023/08/31,31.854
2023/09/01,31.861
2023/09/04,31.880
2023/09/05,31.895
2023/09/06,31.967
2023/09/07,31.995
2023/09/08,32.008
2023/09/11,31.980
2023/09/12,32.032
2023/09/13,31.968
2023/09/14,31.910
2023/09/15,31.928
2023/09/18,31.978
2023/09/19,32.002
2023/09/20,32.022
2023/09/21,32.112
2023/09/22,32.126
2023/09/23,32.122
2023/09/25,32.148
2023/09/26,32.228
2023/09/27,32.245
2023/09/28,32.268
2023/10/02,32.237
2023/10/03,32.328
2023/10/04,32.325
2023/10/05,32.261
2023/10/06,32.207
2023/10/11,32.122
2023/10/12,32.125
2023/10/13,32.219
2023/10/16,32.279
2023/10/17,32.295
2023/10/18,32.290
2023/10/19,32.323
2023/10/20,32.320
2023/10/23,32.348
2023/10/24,32.316
2023/10/25,32.341
2023/10/26,32.430
2023/10/27,32.425
2023/10/30,32.425
2023/10/31,32.419
2023/11/01,32.484
2023/11/02,32.361
2023/11/03,32.303
2023/11/06,32.143
2023/11/07,32.197
2023/11/08,32.248
2023/11/09,32.258
2023/11/10,32.352
2023/11/13,32.332
2023/11/14,32.330
2023/11/15,32.108
2023/11/16,32.010
2023/11/17,31.856
2023/11/20,31.658
2023/11/21,31.448
2023/11/22,31.595
2023/11/23,31.545
2023/11/24,31.628
2023/11/27,31.570
2023/11/28,31.468
2023/11/29,31.250
2023/11/30,31.260
2023/12/01,31.475
2023/12/04,31.415
2023/12/05,31.493
2023/12/06,31.505
2023/12/07,31.529
2023/12/08,31.374
2023/12/11,31.512
2023/12/12,31.509
2023/12/13,31.526
2023/12/14,31.330
2023/12/15,31.268
2023/12/18,31.314
2023/12/19,31.361
2023/12/20,31.310
2023/12/21,31.282
2023/12/22,31.203
2023/12/25,31.140
2023/12/26,31.065
2023/12/27,30.880
2023/12/28,30.718
2023/12/29,30.735
2024/01/02,30.866
2024/01/03,31.010
2024/01/04,31.016
2024/01/05,31.025
2024/01/08,31.001
2024/01/09,31.023
2024/01/10,31.140
2024/01/11,31.103
2024/01/12,31.129
2024/01/15,31.215
2024/01/16,31.392
2024/01/17,31.589
2024/01/18,31.571
2024/01/19,31.440
2024/01/22,31.352
2024/01/23,31.328
2024/01/24,31.345
2024/01/25,31.315
2024/01/26,31.305
2024/01/29,31.253
2024/01/30,31.162
2024/01/31,31.301
2024/02/01,31.338
2024/02/02,31.243
2024/02/05,31.375
2024/02/06,31.338
2024/02/07,31.358
2024/02/15,31.425
2024/02/16,31.364
2024/02/17,31.370
2024/02/19,31.395
2024/02/20,31.492
2024/02/21,31.525
2024/02/22,31.519
2024/02/23,31.555
2024/02/26,31.550
2024/02/27,31.570
2024/02/29,31.577
2024/03/01,31.606
2024/03/04,31.530
2024/03/05,31.565
2024/03/06,31.575
2024/03/07,31.536
2024/03/08,31.438
2024/03/11,31.414
2024/03/12,31.412
2024/03/13,31.460
2024/03/14,31.497
2024/03/15,31.593
2024/03/18,31.659
2024/03/19,31.772
2024/03/20,31.868
2024/03/21,31.832
2024/03/22,31.958
2024/03/25,31.865
2024/03/26,31.896
2024/03/27,31.998
2024/03/28,31.988
2024/03/29,31.99
2024/04/01,31.979
2024/04/02,32.076
2024/04/03,32.057
2024/04/08,32.095
2024/04/09,32.098
2024/04/10,32.02
2024/04/11,32.211
2024/04/12,32.293
2024/04/15,32.378
2024/04/16,32.49
2024/04/17,32.478
2024/04/18,32.376
2024/04/19,32.512
2024/04/22,32.636
2024/04/23,32.593
2024/04/24,32.528
2024/04/25,32.578
2024/04/26,32.56
2024/04/29,32.558
2024/04/30,32.542
2024/05/02,32.496
2024/05/03,32.376
2024/05/06,32.347
2024/05/07,32.37
2024/05/08,32.408
2024/05/09,32.46
2024/05/10,32.413
2024/05/13,32.411
2024/05/14,32.415
2024/05/15,32.312
2024/05/16,32.12
2024/05/17,32.206
2024/05/20,32.236
2024/05/21,32.294
2024/05/22,32.275
2024/05/23,32.246
2024/05/24,32.258
2024/05/27,32.187
2024/05/28,32.168
2024/05/29,32.298
2024/05/30,32.441
2024/05/31,32.42
2024/06/03,32.396
2024/06/04,32.394
2024/06/05,32.348
2024/06/06,32.28
2024/06/07,32.25
2024/06/11,32.395
2024/06/12,32.386
2024/06/13,32.33
2024/06/14,32.35
2024/06/17,32.385
2024/06/18,32.397
2024/06/19,32.358
2024/06/20,32.328
2024/06/21,32.369
2024/06/24,32.395
2024/06/25,32.443
2024/06/26,32.554
2024/06/27,32.53
2024/06/28,32.45
2024/07/01,32.546
2024/07/02,32.627
2024/07/03,32.632
2024/07/04,32.48
2024/07/05,32.475
2024/07/08,32.493
2024/07/09,32.54
2024/07/10,32.586
2024/07/11,32.506
2024/07/12,32.561
2024/07/15,32.572
2024/07/16,32.625
2024/07/17,32.616
2024/07/18,32.605
2024/07/19,32.73
2024/07/22,32.848
2024/07/23,32.838
2024/07/26,32.831
2024/07/29,32.87
2024/07/30,32.846
2024/07/31,32.836
2024/08/01,32.762
2024/08/02,32.817
2024/08/05,32.639
2024/08/06,32.688
2024/08/07,32.681
2024/08/08,32.593
2024/08/09,32.44
2024/08/12,32.46
2024/08/13,32.47
2024/08/14,32.304
2024/08/15,32.301
2024/08/16,32.288
2024/08/19,32.03
2024/08/20,31.993
2024/08/21,31.938
2024/08/22,31.966
2024/08/23,31.976
2024/08/26,31.817
2024/08/27,31.93
2024/08/28,31.95
2024/08/29,31.903
2024/08/30,31.94
2024/09/02,32.021
2024/09/03,32.062
2024/09/04,32.188
2024/09/05,32.071
2024/09/06,31.926
2024/09/09,32.09
2024/09/10,32.173
2024/09/11,32.105
2024/09/12,32.128
2024/09/13,31.992
2024/09/16,31.91
2024/09/18,31.94
2024/09/19,31.932
2024/09/20,31.962
2024/09/23,32.033
2024/09/24,31.966
2024/09/25,31.84
2024/09/26,31.845
2024/09/27,31.688
2024/09/30,31.651
2024/10/01,31.837
2024/10/04,31.963
2024/10/07,32.131
2024/10/08,32.22
2024/10/09,32.16
2024/10/11,32.182
2024/10/14,32.168
2024/10/15,32.18
2024/10/16,32.175
2024/10/17,32.168
2024/10/18,32.083
2024/10/21,31.985
2024/10/22,32.058
2024/10/23,32.088
2024/10/24,32.085
2024/10/25,32.071
2024/10/28,32.09
2024/10/29,32.101
2024/10/30,32.031
2024/11/01,31.968
2024/11/04,31.961
2024/11/05,31.968
2024/11/06,32.175
2024/11/07,32.24
2024/11/08,32.115
2024/11/11,32.251
2024/11/12,32.425
2024/11/13,32.45
2024/11/14,32.546
2024/11/15,32.466
2024/11/18,32.531
2024/11/19,32.42
2024/11/20,32.494
2024/11/21,32.545
2024/11/22,32.593
2024/11/25,32.485
2024/11/26,32.51
2024/11/27,32.534
2024/11/28,32.521
2024/11/29,32.457
2024/12/02,32.598
2024/12/03,32.536
2024/12/04,32.448
2024/12/05,32.438
2024/12/06,32.408
2024/12/09,32.47
2024/12/10,32.44
2024/12/11,32.51
2024/12/12,32.488
2024/12/13,32.508
2024/12/16,32.485
2024/12/17,32.515
2024/12/18,32.481
2024/12/19,32.668
2024/12/20,32.691
2024/12/23,32.688
2024/12/24,32.67
2024/12/25,32.668
2024/12/26,32.696
2024/12/27,32.72
2024/12/30,32.717
2024/12/31,32.781
2025/01/02,32.868
2025/01/03,32.917
2025/01/06,32.862
2025/01/07,32.739
2025/01/08,32.883
2025/01/09,32.94
2025/01/10,32.964
2025/01/13,33.119
2025/01/14,32.971
2025/01/15,33.065
2025/01/16,32.928
2025/01/17,32.926
2025/01/20,32.808
2025/01/21,32.765
2025/01/22,32.774
2025/01/23,32.77
2025/01/24,32.682
2025/02/03,32.968
2025/02/04,32.985
2025/02/05,32.838
2025/02/06,32.826
2025/02/07,32.754
2025/02/08,32.786
2025/02/10,32.839
2025/02/11,32.835
2025/02/12,32.861
2025/02/13,32.802
2025/02/14,32.77
2025/02/17,32.695
2025/02/18,32.765
2025/02/19,32.748
2025/02/20,32.791
2025/02/21,32.745
2025/02/24,32.71
2025/02/25,32.795
2025/02/26,32.79
2025/02/27,32.82
2025/03/03,32.917
2025/03/04,32.913
2025/03/05,32.816
2025/03/06,32.854
2025/03/07,32.834
2025/03/10,32.92
2025/03/11,32.884
2025/03/12,32.962
2025/03/13,32.961
2025/03/14,32.954
2025/03/17,33.005
2025/03/18,32.997
2025/03/19,33.043
2025/03/20,33.007
2025/03/21,32.988
2025/03/24,33.038
2025/03/25,33.085
2025/03/26,33.097
2025/03/27,33.103
2025/03/28,33.097
2025/03/31,33.182
2025/04/01,33.196
2025/04/02,33.088
2025/04/07,33.055
2025/04/08,33.007
2025/04/09,33.002
2025/04/10,32.868
2025/04/11,32.705
2025/04/14,32.51
2025/04/15,32.516
2025/04/16,32.52
2025/04/17,32.531
2025/04/18,32.608
2025/04/21,32.46
2025/04/22,32.498
2025/04/23,32.492
2025/04/24,32.529
2025/04/25,32.526
2025/04/28,32.465
2025/04/29,32.229
2025/04/30,32.017
2025/05/02,31.064
2025/05/05,30.145
2025/05/06,30.28
2025/05/07,30.295
2025/05/08,30.303
2025/05/09,30.308
2025/05/12,30.316
2025/05/13,30.455
2025/05/14,30.284
2025/05/15,30.189
2025/05/16,30.172
2025/05/19,30.205
2025/05/20,30.179
2025/05/21,30.158
2025/05/22,30.07
2025/05/23,30.023
2025/05/26,29.935
2025/05/27,29.953
2025/05/28,29.91
2025/05/29,29.929
2025/06/02,29.988
2025/06/03,30.005
2025/06/04,29.952
2025/06/05,29.922
2025/06/06,29.931
2025/06/09,29.948
2025/06/10,29.955
2025/06/11,29.92
2025/06/12,29.66
2025/06/13,29.668
2025/06/16,29.52
2025/06/17,29.535
2025/06/18,29.542
2025/06/19,29.621
2025/06/20,29.529
2025/06/23,29.734
2025/06/24,29.536
2025/06/25,29.391
2025/06/26,29.165
2025/06/27,29.18
2025/06/30,29.902
2025/07/01,29.185
2025/07/02,29.019
2025/07/03,28.828
2025/07/04,28.931
2025/07/07,29.048
2025/07/08,29.068
2025/07/09,29.15
2025/07/10,29.24
2025/07/11,29.205
2025/07/14,29.296
2025/07/15,29.302
2025/07/16,29.416
2025/07/17,29.412
2025/07/18,29.406
2025/07/21,29.415
2025/07/22,29.452
2025/07/23,29.362
2025/07/24,29.402
2025/07/25,29.46
2025/07/28,29.523
2025/07/29,29.706
2025/07/30,29.719
2025/07/31,29.916
2025/08/01,30.025
2025/08/04,29.918
2025/08/05,29.927
2025/08/06,29.99
2025/08/07,29.82
2025/08/08,29.855
2025/08/11,29.916
2025/08/12,30.026
2025/08/13,29.96
2025/08/14,29.988
2025/08/15,30.01
2025/08/18,30.056
2025/08/19,30.12
2025/08/20,30.308
2025/08/21,30.505
2025/08/22,30.585
2025/08/25,30.45
2025/08/26,30.555
2025/08/27,30.582
2025/08/28,30.588
2025/08/29,30.605
2025/09/01,30.63
2025/09/02,30.678
2025/09/03,30.728
2025/09/04,30.704
2025/09/05,30.615
2025/09/08,30.522
2025/09/09,30.38
2025/09/10,30.31
2025/09/11,30.344
2025/09/12,30.246
2025/09/15,30.228
2025/09/16,30.101
2025/09/17,30.065
2025/09/18,30.107
2025/09/19,30.22
2025/09/22,30.251
2025/09/23,30.294
2025/09/24,30.321
2025/09/25,30.438
2025/09/26,30.545
2025/09/30,30.469
2025/10/01,30.45
2025/10/02,30.415
2025/10/03,30.418
2025/10/07,30.52
2025/10/08,30.535
2025/10/09,30.545
2025/10/13,30.696
2025/10/14,30.761
2025/10/15,30.656
2025/10/16,30.665
2025/10/17,30.686
2025/10/20,30.65
2025/10/21,30.691
2025/10/22,30.731
2025/10/23,30.815
2025/10/27,30.719
2025/10/28,30.626
2025/10/29,30.63
2025/10/30,30.715
2025/10/31,30.749
2025/11/03,30.838
2025/11/04,30.906
2025/11/05,30.954
2025/11/06,30.95
2025/11/07,31.045
2025/11/10,31.008
2025/11/11,31.052
2025/11/12,31.069
2025/11/13,31.081
2025/11/14,31.15
2025/11/17,31.18
2025/11/18,31.217
2025/11/19,31.254
2025/11/20,31.295
2025/11/21,31.43
2025/11/24,31.447
2025/11/25,31.44
2025/11/26,31.35
2025/11/27,31.34
2025/11/28,31.408
2025/12/01,31.431
2025/12/02,31.435
2025/12/03,31.344
2025/12/04,31.338
2025/12/05,31.258
2025/12/08,31.202
2025/12/09,31.215
2025/12/10,31.208
2025/12/11,31.268
2025/12/12,31.202
2025/12/15,31.38
2025/12/16,31.475
2025/12/17,31.526
2025/12/18,31.516
2025/12/19,31.526
2025/12/22,31.523
2025/12/23,31.508
2025/12/24,31.48
2025/12/26,31.455
2025/12/29,31.45
2025/12/30,31.428
2025/12/31,31.438
2026/01/02,31.419
2026/01/05,31.538
2026/01/06,31.516
2026/01/07,31.521
2026/01/08,31.57
2026/01/09,31.595
2026/01/12,31.63
2026/01/13,31.656
2026/01/14,31.63
2026/01/15,31.593
2026/01/16,31.572
2026/01/19,31.59
2026/01/20,31.608
2026/01/21,31.628
2026/01/22,31.61
2026/01/23,31.578
2026/01/26,31.508
2026/01/27,31.47
2026/01/28,31.32
2026/01/29,31.327
2026/01/30,31.468
2026/02/02,31.59
2026/02/03,31.57
2026/02/04,31.577
2026/02/05,31.648
2026/02/06,31.678
2026/02/09,31.56
2026/02/10,31.55
2026/02/11,31.478
2026/02/12,31.46
2026/02/13,31.518
2026/02/23,31.462
2026/02/24,31.461
2026/02/25,31.34
2026/02/26,31.251
2026/03/02,31.431
2026/03/03,31.609
2026/03/04,31.695
2026/03/05,31.683
2026/03/06,31.678
2026/03/09,31.92
2026/03/10,31.828
2026/03/11,31.755
2026/03/12,31.845
2026/03/13,31.918
2026/03/16,31.948
2026/03/17,31.885
2026/03/18,31.832
2026/03/19,31.953
2026/03/20,31.97
2026/03/23,32.092
2026/03/24,32.028
2026/03/25,31.952
2026/03/26,31.905
2026/03/27,31.88
2026/03/30,31.996
2026/03/31,31.98
2026/04/01,31.949
2026/04/02,31.972
2026/04/07,31.967
2026/04/08,31.785
2026/04/09,31.748
2026/04/10,31.726
2026/04/13,31.785
2026/04/14,31.69
2026/04/15,31.65
2026/04/16,31.556
2026/04/17,31.596
2026/04/20,31.531
2026/04/21,31.489
2026/04/22,31.54
2026/04/23,31.575
2026/04/24,31.516
2026/04/27,31.467
2026/04/28,31.518
2026/04/29,31.557
2026/04/30,31.648
2026/05/04,31.61
2026/05/05,31.605
2026/05/06,31.488
2026/05/07,31.409
2026/05/08,31.429
2026/05/11,31.415
2026/05/12,31.48
2026/05/13,31.506
2026/05/14,31.51
2026/05/15,31.551
2026/05/18,31.545
2026/05/19,31.65
2026/05/20,31.643
2026/05/21,31.595
2026/05/22,31.568
2026/05/25,31.47
2026/05/26,31.451
2026/05/27,31.42
2026/05/28,31.428
2026/05/29,31.384
2026/06/01,31.379
2026/06/02,31.445
2026/06/03,31.44
2026/06/04,31.46
2026/06/05,31.475
2026/06/08,31.58
2026/06/09,31.618
2026/06/10,31.668
2026/06/11,31.631
2026/06/12,31.618
2026/06/15,31.564
2026/06/16,31.559
2026/06/17,31.575
2026/06/18,31.588
2026/06/22,31.631
2026/06/23,31.625
2026/06/24,31.751
2026/06/25,31.835
2026/06/26,31.86
2026/06/29,31.845
2026/06/30,31.837
2026/07/01,31.874
2026/07/02,31.91
2026/07/03,31.93
2026/07/06,32.025
2026/07/07,32.143
2026/07/08,32.032
2026/07/09,32.178
2026/07/13,32.17
2026/07/14,32.172
2026/07/15,32.189
2026/07/16,32.249
2026/07/17,32.288
2026/07/20,32.248
2026/07/21,32.345
2026/07/22,32.375
2026/07/23,32.266
2026/07/24,32.358
2026/07/27,32.305
2026/07/28,32.384
2026/07/29,32.366
2026/07/30,32.454
2026/07/31,32.292
2026/08/03,32.438
2026/08/04,32.447
2026/08/05,32.315
2026/08/06,32.261
2026/08/07,32.288
2026/08/10,32.231
2026/08/11,32.278
2026/08/12,32.246
2026/08/13,32.168
2026/08/14,32.046
2026/08/17,31.852
2026/08/18,31.945
2026/08/19,31.937
2026/08/20,31.925
2026/08/21,31.848
2026/08/24,31.854
2026/08/25,31.868
2026/08/26,31.818
2026/08/27,31.708
2026/08/28,31.628
2026/08/31,31.666
2026/09/01,31.633
2026/09/02,31.728
2026/09/03,31.755
2026/09/04,31.63
2026/09/07,31.552
2026/09/08,31.535
2026/09/09,31.505
2026/09/10,31.548
2026/09/11,31.638
